date,item,unit,personnel,temp_c,consumption,is_anomaly
2021-01-01,Food Supplies,kg,86,-1.3,154.29,0
2021-01-02,Food Supplies,kg,90,-0.8,155.43,0
2021-01-03,Food Supplies,kg,89,-1.9,170.04,0
2021-01-04,Food Supplies,kg,95,-0.4,160.48,0
2021-01-05,Food Supplies,kg,91,0.9,174.13,0
2021-01-06,Food Supplies,kg,95,1.5,167.47,0
2021-01-07,Food Supplies,kg,88,0.6,166.72,0
2021-01-08,Food Supplies,kg,89,0.8,174.02,0
2021-01-09,Food Supplies,kg,88,2.6,157.84,0
2021-01-10,Food Supplies,kg,93,2.8,176.16,0
2021-01-11,Food Supplies,kg,93,0.0,173.73,0
2021-01-12,Food Supplies,kg,91,-1.1,167.05,0
2021-01-13,Food Supplies,kg,90,-2.1,170.68,0
2021-01-14,Food Supplies,kg,91,-3.0,164.91,0
2021-01-15,Food Supplies,kg,86,-5.9,178.08,0
2021-01-16,Food Supplies,kg,89,-2.3,163.97,0
2021-01-17,Food Supplies,kg,89,-3.5,157.47,0
2021-01-18,Food Supplies,kg,90,-4.3,163.21,0
2021-01-19,Food Supplies,kg,88,-6.7,175.78,0
2021-01-20,Food Supplies,kg,87,-4.6,153.4,0
2021-01-21,Food Supplies,kg,85,-4.2,176.09,0
2021-01-22,Food Supplies,kg,91,-4.3,182.71,0
2021-01-23,Food Supplies,kg,86,-4.3,148.3,0
2021-01-24,Food Supplies,kg,93,-2.9,179.23,0
2021-01-25,Food Supplies,kg,91,-3.4,158.49,0
2021-01-26,Food Supplies,kg,92,-6.1,165.0,0
2021-01-27,Food Supplies,kg,87,-7.3,161.08,0
2021-01-28,Food Supplies,kg,95,-8.5,174.49,0
2021-01-29,Food Supplies,kg,96,-7.0,190.42,0
2021-01-30,Food Supplies,kg,89,-4.8,168.88,0
2021-01-31,Food Supplies,kg,90,-2.2,169.03,0
2021-02-01,Food Supplies,kg,89,-4.6,166.13,0
2021-02-02,Food Supplies,kg,92,-3.2,164.46,0
2021-02-03,Food Supplies,kg,91,-3.9,163.63,0
2021-02-04,Food Supplies,kg,83,0.7,159.31,0
2021-02-05,Food Supplies,kg,86,2.4,151.56,0
2021-02-06,Food Supplies,kg,89,4.3,173.62,0
2021-02-07,Food Supplies,kg,90,4.5,155.82,0
2021-02-08,Food Supplies,kg,88,4.0,158.84,0
2021-02-09,Food Supplies,kg,82,2.5,150.34,0
2021-02-10,Food Supplies,kg,89,0.8,171.56,0
2021-02-11,Food Supplies,kg,92,-0.9,176.49,0
2021-02-12,Food Supplies,kg,80,-0.3,147.01,0
2021-02-13,Food Supplies,kg,89,1.7,160.92,0
2021-02-14,Food Supplies,kg,92,0.5,156.57,0
2021-02-15,Food Supplies,kg,89,-1.2,159.87,0
2021-02-16,Food Supplies,kg,85,-3.7,178.92,0
2021-02-17,Food Supplies,kg,88,-3.3,153.23,0
2021-02-18,Food Supplies,kg,85,-1.4,149.49,0
2021-02-19,Food Supplies,kg,86,0.2,141.96,0
2021-02-20,Food Supplies,kg,85,1.7,146.14,0
2021-02-21,Food Supplies,kg,84,1.5,140.47,0
2021-02-22,Food Supplies,kg,82,0.8,136.74,0
2021-02-23,Food Supplies,kg,82,2.0,150.46,0
2021-02-24,Food Supplies,kg,88,-0.6,166.14,0
2021-02-25,Food Supplies,kg,81,-1.8,151.03,0
2021-02-26,Food Supplies,kg,77,0.4,311.35,1
2021-02-27,Food Supplies,kg,93,-2.0,152.89,0
2021-02-28,Food Supplies,kg,80,-2.5,128.86,0
2021-03-01,Food Supplies,kg,81,-1.9,137.19,0
2021-03-02,Food Supplies,kg,80,-2.2,137.51,0
2021-03-03,Food Supplies,kg,81,-0.9,142.81,0
2021-03-04,Food Supplies,kg,78,0.7,142.61,0
2021-03-05,Food Supplies,kg,84,0.5,147.69,0
2021-03-06,Food Supplies,kg,79,1.6,155.72,0
2021-03-07,Food Supplies,kg,76,-0.9,156.85,0
2021-03-08,Food Supplies,kg,70,-1.9,127.1,0
2021-03-09,Food Supplies,kg,82,1.1,130.65,0
2021-03-10,Food Supplies,kg,77,2.9,134.14,0
2021-03-11,Food Supplies,kg,79,-0.4,140.37,0
2021-03-12,Food Supplies,kg,74,-1.4,140.24,0
2021-03-13,Food Supplies,kg,77,-2.0,129.53,0
2021-03-14,Food Supplies,kg,76,-2.1,125.55,0
2021-03-15,Food Supplies,kg,79,-0.9,145.48,0
2021-03-16,Food Supplies,kg,76,0.9,132.31,0
2021-03-17,Food Supplies,kg,72,-0.3,125.53,0
2021-03-18,Food Supplies,kg,82,0.3,139.81,0
2021-03-19,Food Supplies,kg,75,0.0,131.73,0
2021-03-20,Food Supplies,kg,71,-1.2,130.57,0
2021-03-21,Food Supplies,kg,74,-4.8,118.37,0
2021-03-22,Food Supplies,kg,74,-3.8,137.38,0
2021-03-23,Food Supplies,kg,74,-3.6,142.69,0
2021-03-24,Food Supplies,kg,73,-3.8,139.03,0
2021-03-25,Food Supplies,kg,72,-6.0,152.99,0
2021-03-26,Food Supplies,kg,73,-3.5,131.53,0
2021-03-27,Food Supplies,kg,72,-4.2,133.21,0
2021-03-28,Food Supplies,kg,72,-6.7,146.98,0
2021-03-29,Food Supplies,kg,64,-9.1,123.99,0
2021-03-30,Food Supplies,kg,64,-8.2,133.85,0
2021-03-31,Food Supplies,kg,66,-7.4,132.0,0
2021-04-01,Food Supplies,kg,67,-8.5,129.91,0
2021-04-02,Food Supplies,kg,65,-8.1,124.5,0
2021-04-03,Food Supplies,kg,64,-7.4,120.3,0
2021-04-04,Food Supplies,kg,67,-7.7,127.76,0
2021-04-05,Food Supplies,kg,63,-9.3,115.66,0
2021-04-06,Food Supplies,kg,58,-8.1,115.68,0
2021-04-07,Food Supplies,kg,61,-7.3,129.56,0
2021-04-08,Food Supplies,kg,62,-7.1,105.12,0
2021-04-09,Food Supplies,kg,63,-9.0,130.16,0
2021-04-10,Food Supplies,kg,66,-11.5,131.61,0
2021-04-11,Food Supplies,kg,64,-11.4,133.58,0
2021-04-12,Food Supplies,kg,56,-10.2,105.19,0
2021-04-13,Food Supplies,kg,66,-9.0,125.97,0
2021-04-14,Food Supplies,kg,61,-8.6,126.27,0
2021-04-15,Food Supplies,kg,61,-9.9,118.15,0
2021-04-16,Food Supplies,kg,60,-11.6,123.86,0
2021-04-17,Food Supplies,kg,57,-11.9,108.4,0
2021-04-18,Food Supplies,kg,61,-12.1,119.0,0
2021-04-19,Food Supplies,kg,53,-10.7,106.73,0
2021-04-20,Food Supplies,kg,62,-11.9,125.19,0
2021-04-21,Food Supplies,kg,58,-12.8,120.8,0
2021-04-22,Food Supplies,kg,58,-9.9,110.36,0
2021-04-23,Food Supplies,kg,58,-8.2,111.25,0
2021-04-24,Food Supplies,kg,55,-10.5,113.56,0
2021-04-25,Food Supplies,kg,59,-8.9,123.61,0
2021-04-26,Food Supplies,kg,53,-11.5,98.93,0
2021-04-27,Food Supplies,kg,51,-12.7,108.34,0
2021-04-28,Food Supplies,kg,54,-13.6,102.8,0
2021-04-29,Food Supplies,kg,49,-14.0,99.3,0
2021-04-30,Food Supplies,kg,51,-13.3,103.29,0
2021-05-01,Food Supplies,kg,53,-13.5,102.61,0
2021-05-02,Food Supplies,kg,54,-12.9,106.09,0
2021-05-03,Food Supplies,kg,51,-14.0,149.68,1
2021-05-04,Food Supplies,kg,48,-13.8,100.11,0
2021-05-05,Food Supplies,kg,49,-14.1,96.51,0
2021-05-06,Food Supplies,kg,48,-16.6,97.63,0
2021-05-07,Food Supplies,kg,49,-15.9,96.0,0
2021-05-08,Food Supplies,kg,47,-15.9,99.53,0
2021-05-09,Food Supplies,kg,46,-17.2,95.24,0
2021-05-10,Food Supplies,kg,45,-17.8,86.15,0
2021-05-11,Food Supplies,kg,42,-18.4,86.14,0
2021-05-12,Food Supplies,kg,50,-18.7,97.04,0
2021-05-13,Food Supplies,kg,49,-15.9,99.54,0
2021-05-14,Food Supplies,kg,43,-13.1,89.01,0
2021-05-15,Food Supplies,kg,48,-17.9,99.91,0
2021-05-16,Food Supplies,kg,45,-17.3,94.61,0
2021-05-17,Food Supplies,kg,41,-16.0,88.53,0
2021-05-18,Food Supplies,kg,41,-16.7,150.45,1
2021-05-19,Food Supplies,kg,44,-15.6,86.74,0
2021-05-20,Food Supplies,kg,46,-13.7,81.95,0
2021-05-21,Food Supplies,kg,45,-16.5,89.6,0
2021-05-22,Food Supplies,kg,41,-16.7,80.58,0
2021-05-23,Food Supplies,kg,44,-14.2,91.66,0
2021-05-24,Food Supplies,kg,41,-16.9,86.1,0
2021-05-25,Food Supplies,kg,39,-17.4,87.17,0
2021-05-26,Food Supplies,kg,44,-18.5,88.19,0
2021-05-27,Food Supplies,kg,41,-17.1,85.89,0
2021-05-28,Food Supplies,kg,42,-15.8,88.94,0
2021-05-29,Food Supplies,kg,37,-16.2,85.57,0
2021-05-30,Food Supplies,kg,38,-16.8,79.62,0
2021-05-31,Food Supplies,kg,42,-19.9,87.38,0
2021-06-01,Food Supplies,kg,38,-17.9,78.78,0
2021-06-02,Food Supplies,kg,38,-18.8,80.88,0
2021-06-03,Food Supplies,kg,35,-19.3,78.72,0
2021-06-04,Food Supplies,kg,38,-18.1,76.31,0
2021-06-05,Food Supplies,kg,34,-18.2,67.12,0
2021-06-06,Food Supplies,kg,38,-17.2,90.05,0
2021-06-07,Food Supplies,kg,34,-16.9,64.78,0
2021-06-08,Food Supplies,kg,36,-17.2,77.5,0
2021-06-09,Food Supplies,kg,41,-17.4,86.17,0
2021-06-10,Food Supplies,kg,37,-19.7,78.59,0
2021-06-11,Food Supplies,kg,34,-20.2,65.85,0
2021-06-12,Food Supplies,kg,38,-18.8,91.48,0
2021-06-13,Food Supplies,kg,33,-20.6,69.92,0
2021-06-14,Food Supplies,kg,32,-21.9,65.6,0
2021-06-15,Food Supplies,kg,33,-23.2,64.81,0
2021-06-16,Food Supplies,kg,37,-22.8,69.25,0
2021-06-17,Food Supplies,kg,37,-20.6,80.85,0
2021-06-18,Food Supplies,kg,32,-20.0,63.46,0
2021-06-19,Food Supplies,kg,32,-23.6,67.37,0
2021-06-20,Food Supplies,kg,34,-22.5,69.61,0
2021-06-21,Food Supplies,kg,40,-23.1,88.06,0
2021-06-22,Food Supplies,kg,32,-22.3,69.46,0
2021-06-23,Food Supplies,kg,37,-22.5,181.13,1
2021-06-24,Food Supplies,kg,33,-23.8,74.06,0
2021-06-25,Food Supplies,kg,35,-23.8,71.77,0
2021-06-26,Food Supplies,kg,35,-24.3,69.17,0
2021-06-27,Food Supplies,kg,32,-23.6,67.86,0
2021-06-28,Food Supplies,kg,31,-24.8,68.95,0
2021-06-29,Food Supplies,kg,31,-26.2,67.93,0
2021-06-30,Food Supplies,kg,32,-24.6,61.2,0
2021-07-01,Food Supplies,kg,35,-22.7,74.7,0
2021-07-02,Food Supplies,kg,35,-21.8,69.55,0
2021-07-03,Food Supplies,kg,34,-23.0,72.56,0
2021-07-04,Food Supplies,kg,29,-24.1,65.87,0
2021-07-05,Food Supplies,kg,29,-25.0,53.27,0
2021-07-06,Food Supplies,kg,28,-23.3,65.2,0
2021-07-07,Food Supplies,kg,31,-24.5,62.55,0
2021-07-08,Food Supplies,kg,33,-23.0,74.53,0
2021-07-09,Food Supplies,kg,29,-22.0,64.48,0
2021-07-10,Food Supplies,kg,30,-20.3,61.64,0
2021-07-11,Food Supplies,kg,32,-19.1,68.21,0
2021-07-12,Food Supplies,kg,29,-18.9,57.56,0
2021-07-13,Food Supplies,kg,29,-21.7,54.92,0
2021-07-14,Food Supplies,kg,33,-21.0,74.12,0
2021-07-15,Food Supplies,kg,30,-21.1,60.53,0
2021-07-16,Food Supplies,kg,28,-22.0,65.67,0
2021-07-17,Food Supplies,kg,30,-20.1,66.0,0
2021-07-18,Food Supplies,kg,31,-20.8,61.79,0
2021-07-19,Food Supplies,kg,38,-21.9,83.22,0
2021-07-20,Food Supplies,kg,35,-20.4,75.6,0
2021-07-21,Food Supplies,kg,40,-21.3,92.98,0
2021-07-22,Food Supplies,kg,27,-22.4,55.63,0
2021-07-23,Food Supplies,kg,34,-24.2,72.03,0
2021-07-24,Food Supplies,kg,35,-25.2,77.67,0
2021-07-25,Food Supplies,kg,30,-25.9,65.26,0
2021-07-26,Food Supplies,kg,29,-24.5,57.22,0
2021-07-27,Food Supplies,kg,33,-25.8,76.02,0
2021-07-28,Food Supplies,kg,30,-28.1,72.48,0
2021-07-29,Food Supplies,kg,27,-26.8,59.56,0
2021-07-30,Food Supplies,kg,27,-27.1,54.62,0
2021-07-31,Food Supplies,kg,26,-26.4,56.3,0
2021-08-01,Food Supplies,kg,32,-23.9,64.87,0
2021-08-02,Food Supplies,kg,33,-23.5,69.47,0
2021-08-03,Food Supplies,kg,28,-21.1,59.56,0
2021-08-04,Food Supplies,kg,33,-21.3,72.26,0
2021-08-05,Food Supplies,kg,33,-19.9,74.66,0
2021-08-06,Food Supplies,kg,33,-21.0,71.99,0
2021-08-07,Food Supplies,kg,34,-21.0,66.94,0
2021-08-08,Food Supplies,kg,33,-22.5,72.96,0
2021-08-09,Food Supplies,kg,36,-23.6,75.71,0
2021-08-10,Food Supplies,kg,35,-23.7,74.17,0
2021-08-11,Food Supplies,kg,29,-25.3,62.71,0
2021-08-12,Food Supplies,kg,39,-24.5,84.64,0
2021-08-13,Food Supplies,kg,30,-24.5,68.51,0
2021-08-14,Food Supplies,kg,33,-23.6,72.72,0
2021-08-15,Food Supplies,kg,41,-25.2,82.37,0
2021-08-16,Food Supplies,kg,36,-23.5,70.04,0
2021-08-17,Food Supplies,kg,32,-20.6,69.71,0
2021-08-18,Food Supplies,kg,36,-18.4,76.74,0
2021-08-19,Food Supplies,kg,36,-15.9,78.57,0
2021-08-20,Food Supplies,kg,36,-16.5,72.92,0
2021-08-21,Food Supplies,kg,34,-17.6,70.99,0
2021-08-22,Food Supplies,kg,32,-17.3,67.45,0
2021-08-23,Food Supplies,kg,33,-18.1,61.66,0
2021-08-24,Food Supplies,kg,34,-21.0,64.57,0
2021-08-25,Food Supplies,kg,41,-19.6,89.14,0
2021-08-26,Food Supplies,kg,33,-20.0,70.43,0
2021-08-27,Food Supplies,kg,38,-22.1,87.0,0
2021-08-28,Food Supplies,kg,42,-22.5,99.08,0
2021-08-29,Food Supplies,kg,40,-22.3,83.32,0
2021-08-30,Food Supplies,kg,43,-21.8,88.98,0
2021-08-31,Food Supplies,kg,37,-21.4,71.65,0
2021-09-01,Food Supplies,kg,41,-19.0,87.66,0
2021-09-02,Food Supplies,kg,43,-20.9,79.18,0
2021-09-03,Food Supplies,kg,43,-20.7,84.97,0
2021-09-04,Food Supplies,kg,43,-21.7,92.52,0
2021-09-05,Food Supplies,kg,37,-19.3,73.84,0
2021-09-06,Food Supplies,kg,43,-20.0,89.53,0
2021-09-07,Food Supplies,kg,43,-20.2,88.79,0
2021-09-08,Food Supplies,kg,41,-18.3,78.96,0
2021-09-09,Food Supplies,kg,40,-16.2,71.25,0
2021-09-10,Food Supplies,kg,44,-14.2,91.9,0
2021-09-11,Food Supplies,kg,40,-17.1,80.98,0
2021-09-12,Food Supplies,kg,42,-16.4,87.26,0
2021-09-13,Food Supplies,kg,47,-16.1,95.16,0
2021-09-14,Food Supplies,kg,48,-16.3,97.22,0
2021-09-15,Food Supplies,kg,46,-16.2,94.45,0
2021-09-16,Food Supplies,kg,44,-14.3,87.24,0
2021-09-17,Food Supplies,kg,42,-13.1,81.83,0
2021-09-18,Food Supplies,kg,44,-12.2,81.69,0
2021-09-19,Food Supplies,kg,51,-12.4,115.94,0
2021-09-20,Food Supplies,kg,48,-9.5,98.58,0
2021-09-21,Food Supplies,kg,47,-11.0,100.28,0
2021-09-22,Food Supplies,kg,49,-14.1,105.62,0
2021-09-23,Food Supplies,kg,51,-14.7,100.88,0
2021-09-24,Food Supplies,kg,46,-14.6,91.46,0
2021-09-25,Food Supplies,kg,48,-12.7,95.19,0
2021-09-26,Food Supplies,kg,52,-13.8,101.66,0
2021-09-27,Food Supplies,kg,51,-13.1,106.76,0
2021-09-28,Food Supplies,kg,54,-15.5,103.92,0
2021-09-29,Food Supplies,kg,54,-13.7,100.95,0
2021-09-30,Food Supplies,kg,50,-13.6,92.03,0
2021-10-01,Food Supplies,kg,42,-14.1,82.49,0
2021-10-02,Food Supplies,kg,54,-10.8,102.61,0
2021-10-03,Food Supplies,kg,50,-9.6,93.31,0
2021-10-04,Food Supplies,kg,55,-11.7,108.81,0
2021-10-05,Food Supplies,kg,59,-12.0,108.25,0
2021-10-06,Food Supplies,kg,52,-8.0,104.03,0
2021-10-07,Food Supplies,kg,57,-5.7,100.22,0
2021-10-08,Food Supplies,kg,59,-5.4,102.99,0
2021-10-09,Food Supplies,kg,58,-9.2,107.76,0
2021-10-10,Food Supplies,kg,58,-7.6,109.83,0
2021-10-11,Food Supplies,kg,51,-9.2,103.65,0
2021-10-12,Food Supplies,kg,58,-7.6,110.25,0
2021-10-13,Food Supplies,kg,59,-9.2,103.04,0
2021-10-14,Food Supplies,kg,62,-8.8,122.95,0
2021-10-15,Food Supplies,kg,62,-10.1,124.01,0
2021-10-16,Food Supplies,kg,59,-10.8,111.36,0
2021-10-17,Food Supplies,kg,55,-9.8,107.86,0
2021-10-18,Food Supplies,kg,56,-11.9,119.9,0
2021-10-19,Food Supplies,kg,66,-8.1,119.94,0
2021-10-20,Food Supplies,kg,62,-9.9,127.38,0
2021-10-21,Food Supplies,kg,58,-11.6,122.75,0
2021-10-22,Food Supplies,kg,59,-10.4,116.25,0
2021-10-23,Food Supplies,kg,64,-8.3,113.79,0
2021-10-24,Food Supplies,kg,65,-8.9,135.16,0
2021-10-25,Food Supplies,kg,70,-10.6,144.2,0
2021-10-26,Food Supplies,kg,65,-11.7,132.16,0
2021-10-27,Food Supplies,kg,67,-12.8,132.53,0
2021-10-28,Food Supplies,kg,66,-11.8,139.04,0
2021-10-29,Food Supplies,kg,69,-11.4,128.61,0
2021-10-30,Food Supplies,kg,73,-10.3,149.54,0
2021-10-31,Food Supplies,kg,71,-9.4,134.76,0
2021-11-01,Food Supplies,kg,74,-7.9,127.37,0
2021-11-02,Food Supplies,kg,70,-8.5,126.46,0
2021-11-03,Food Supplies,kg,65,-9.5,128.94,0
2021-11-04,Food Supplies,kg,67,-8.9,130.91,0
2021-11-05,Food Supplies,kg,73,-8.8,144.39,0
2021-11-06,Food Supplies,kg,70,-8.1,131.21,0
2021-11-07,Food Supplies,kg,71,-9.0,138.74,0
2021-11-08,Food Supplies,kg,69,-7.7,136.8,0
2021-11-09,Food Supplies,kg,76,-9.3,167.79,0
2021-11-10,Food Supplies,kg,77,-9.5,145.62,0
2021-11-11,Food Supplies,kg,72,-7.3,145.6,0
2021-11-12,Food Supplies,kg,73,-8.8,146.11,0
2021-11-13,Food Supplies,kg,78,-6.8,149.13,0
2021-11-14,Food Supplies,kg,78,-8.8,138.55,0
2021-11-15,Food Supplies,kg,70,-10.7,148.19,0
2021-11-16,Food Supplies,kg,77,-12.1,154.29,0
2021-11-17,Food Supplies,kg,77,-10.9,145.34,0
2021-11-18,Food Supplies,kg,77,-9.0,140.7,0
2021-11-19,Food Supplies,kg,74,-6.4,142.21,0
2021-11-20,Food Supplies,kg,75,-4.4,131.89,0
2021-11-21,Food Supplies,kg,68,-3.1,121.16,0
2021-11-22,Food Supplies,kg,76,-4.6,136.8,0
2021-11-23,Food Supplies,kg,72,-5.8,135.99,0
2021-11-24,Food Supplies,kg,77,-4.4,148.65,0
2021-11-25,Food Supplies,kg,80,-2.2,143.74,0
2021-11-26,Food Supplies,kg,76,-4.1,139.48,0
2021-11-27,Food Supplies,kg,84,-2.1,154.74,0
2021-11-28,Food Supplies,kg,86,-5.2,154.0,0
2021-11-29,Food Supplies,kg,81,-4.4,145.61,0
2021-11-30,Food Supplies,kg,83,-4.4,345.09,1
2021-12-01,Food Supplies,kg,77,-4.6,146.18,0
2021-12-02,Food Supplies,kg,82,-4.3,167.41,0
2021-12-03,Food Supplies,kg,78,-5.4,135.52,0
2021-12-04,Food Supplies,kg,77,-4.4,145.54,0
2021-12-05,Food Supplies,kg,79,-4.1,144.84,0
2021-12-06,Food Supplies,kg,83,-2.5,150.84,0
2021-12-07,Food Supplies,kg,83,-0.1,145.14,0
2021-12-08,Food Supplies,kg,84,-0.3,161.94,0
2021-12-09,Food Supplies,kg,81,-1.9,126.47,0
2021-12-10,Food Supplies,kg,85,-3.7,146.79,0
2021-12-11,Food Supplies,kg,83,-0.9,160.32,0
2021-12-12,Food Supplies,kg,85,1.2,163.69,0
2021-12-13,Food Supplies,kg,85,2.1,169.16,0
2021-12-14,Food Supplies,kg,80,1.5,146.65,0
2021-12-15,Food Supplies,kg,84,2.2,155.57,0
2021-12-16,Food Supplies,kg,88,3.6,140.69,0
2021-12-17,Food Supplies,kg,89,1.8,160.23,0
2021-12-18,Food Supplies,kg,83,1.3,154.42,0
2021-12-19,Food Supplies,kg,85,-0.8,149.47,0
2021-12-20,Food Supplies,kg,86,-1.1,155.3,0
2021-12-21,Food Supplies,kg,91,1.2,175.91,0
2021-12-22,Food Supplies,kg,89,2.4,174.2,0
2021-12-23,Food Supplies,kg,84,2.0,153.47,0
2021-12-24,Food Supplies,kg,89,-2.5,162.91,0
2021-12-25,Food Supplies,kg,92,-3.3,177.41,0
2021-12-26,Food Supplies,kg,89,-2.9,160.28,0
2021-12-27,Food Supplies,kg,86,-3.0,168.45,0
2021-12-28,Food Supplies,kg,91,-2.6,161.94,0
2021-12-29,Food Supplies,kg,89,-2.1,170.22,0
2021-12-30,Food Supplies,kg,88,-2.7,161.63,0
2021-12-31,Food Supplies,kg,92,-2.5,162.64,0
2022-01-01,Food Supplies,kg,89,-2.5,166.93,0
2022-01-02,Food Supplies,kg,89,-3.3,160.56,0
2022-01-03,Food Supplies,kg,92,-0.2,175.76,0
2022-01-04,Food Supplies,kg,88,-1.0,150.14,0
2022-01-05,Food Supplies,kg,86,-4.4,162.41,0
2022-01-06,Food Supplies,kg,91,-1.2,158.11,0
2022-01-07,Food Supplies,kg,94,-2.4,184.88,0
2022-01-08,Food Supplies,kg,83,-0.9,156.93,0
2022-01-09,Food Supplies,kg,92,-1.9,167.67,0
2022-01-10,Food Supplies,kg,90,-0.9,163.02,0
2022-01-11,Food Supplies,kg,88,-1.0,175.8,0
2022-01-12,Food Supplies,kg,88,0.5,165.61,0
2022-01-13,Food Supplies,kg,93,-0.0,159.81,0
2022-01-14,Food Supplies,kg,92,-1.1,176.43,0
2022-01-15,Food Supplies,kg,87,-0.7,152.16,0
2022-01-16,Food Supplies,kg,91,-1.4,167.16,0
2022-01-17,Food Supplies,kg,94,-4.2,152.87,0
2022-01-18,Food Supplies,kg,92,-4.6,180.09,0
2022-01-19,Food Supplies,kg,85,0.2,146.85,0
2022-01-20,Food Supplies,kg,92,-2.7,167.07,0
2022-01-21,Food Supplies,kg,86,-2.1,144.24,0
2022-01-22,Food Supplies,kg,90,-2.4,166.9,0
2022-01-23,Food Supplies,kg,87,0.6,157.26,0
2022-01-24,Food Supplies,kg,91,-1.4,152.97,0
2022-01-25,Food Supplies,kg,88,-1.2,160.23,0
2022-01-26,Food Supplies,kg,86,-0.2,152.58,0
2022-01-27,Food Supplies,kg,90,-0.7,174.87,0
2022-01-28,Food Supplies,kg,90,-1.9,157.47,0
2022-01-29,Food Supplies,kg,92,-1.9,172.95,0
2022-01-30,Food Supplies,kg,87,-2.3,145.41,0
2022-01-31,Food Supplies,kg,84,-2.7,155.21,0
2022-02-01,Food Supplies,kg,91,-1.2,168.92,0
2022-02-02,Food Supplies,kg,93,-0.7,172.45,0
2022-02-03,Food Supplies,kg,87,-0.0,155.48,0
2022-02-04,Food Supplies,kg,90,0.2,178.83,0
2022-02-05,Food Supplies,kg,87,1.3,153.21,0
2022-02-06,Food Supplies,kg,94,2.7,174.09,0
2022-02-07,Food Supplies,kg,86,1.5,151.88,0
2022-02-08,Food Supplies,kg,87,2.2,148.73,0
2022-02-09,Food Supplies,kg,81,-0.5,135.95,0
2022-02-10,Food Supplies,kg,92,-4.1,161.65,0
2022-02-11,Food Supplies,kg,85,-1.2,160.07,0
2022-02-12,Food Supplies,kg,90,-1.9,177.56,0
2022-02-13,Food Supplies,kg,84,-1.7,158.79,0
2022-02-14,Food Supplies,kg,86,-3.7,156.18,0
2022-02-15,Food Supplies,kg,83,-5.5,150.09,0
2022-02-16,Food Supplies,kg,83,-6.2,158.36,0
2022-02-17,Food Supplies,kg,84,-4.8,147.2,0
2022-02-18,Food Supplies,kg,85,-5.4,168.07,0
2022-02-19,Food Supplies,kg,84,-5.6,161.48,0
2022-02-20,Food Supplies,kg,80,-6.4,142.58,0
2022-02-21,Food Supplies,kg,85,-4.3,172.42,0
2022-02-22,Food Supplies,kg,78,-2.9,133.26,0
2022-02-23,Food Supplies,kg,82,-3.8,152.56,0
2022-02-24,Food Supplies,kg,78,-2.9,150.84,0
2022-02-25,Food Supplies,kg,86,-3.4,166.02,0
2022-02-26,Food Supplies,kg,86,-4.1,153.88,0
2022-02-27,Food Supplies,kg,84,-4.2,152.41,0
2022-02-28,Food Supplies,kg,80,-3.4,139.43,0
2022-03-01,Food Supplies,kg,79,-4.9,149.71,0
2022-03-02,Food Supplies,kg,80,-4.2,156.16,0
2022-03-03,Food Supplies,kg,81,-0.6,129.72,0
2022-03-04,Food Supplies,kg,82,-1.0,153.74,0
2022-03-05,Food Supplies,kg,81,-1.6,143.31,0
2022-03-06,Food Supplies,kg,73,-2.4,133.18,0
2022-03-07,Food Supplies,kg,81,-2.2,138.89,0
2022-03-08,Food Supplies,kg,80,-5.1,144.31,0
2022-03-09,Food Supplies,kg,76,-2.7,156.46,0
2022-03-10,Food Supplies,kg,75,-1.8,134.16,0
2022-03-11,Food Supplies,kg,78,-3.5,144.24,0
2022-03-12,Food Supplies,kg,78,-3.9,136.83,0
2022-03-13,Food Supplies,kg,73,-5.2,158.08,0
2022-03-14,Food Supplies,kg,76,-5.0,146.25,0
2022-03-15,Food Supplies,kg,76,-5.2,142.31,0
2022-03-16,Food Supplies,kg,78,-5.2,154.32,0
2022-03-17,Food Supplies,kg,75,-7.1,145.71,0
2022-03-18,Food Supplies,kg,68,-7.9,128.79,0
2022-03-19,Food Supplies,kg,75,-6.1,140.5,0
2022-03-20,Food Supplies,kg,68,-7.2,117.49,0
2022-03-21,Food Supplies,kg,71,-11.3,136.3,0
2022-03-22,Food Supplies,kg,69,-11.1,131.13,0
2022-03-23,Food Supplies,kg,74,-7.1,143.48,0
2022-03-24,Food Supplies,kg,68,-6.1,126.74,0
2022-03-25,Food Supplies,kg,74,-7.4,146.89,0
2022-03-26,Food Supplies,kg,67,-7.7,128.8,0
2022-03-27,Food Supplies,kg,64,-6.9,115.42,0
2022-03-28,Food Supplies,kg,69,-9.9,146.01,0
2022-03-29,Food Supplies,kg,65,-11.2,124.53,0
2022-03-30,Food Supplies,kg,73,-10.4,147.07,0
2022-03-31,Food Supplies,kg,66,-7.9,116.37,0
2022-04-01,Food Supplies,kg,71,-8.9,143.23,0
2022-04-02,Food Supplies,kg,66,-6.8,112.97,0
2022-04-03,Food Supplies,kg,68,-8.5,145.92,0
2022-04-04,Food Supplies,kg,65,-13.9,135.35,0
2022-04-05,Food Supplies,kg,73,-12.3,142.45,0
2022-04-06,Food Supplies,kg,62,-11.3,125.86,0
2022-04-07,Food Supplies,kg,56,-10.2,100.73,0
2022-04-08,Food Supplies,kg,65,-9.4,124.27,0
2022-04-09,Food Supplies,kg,61,-9.4,123.33,0
2022-04-10,Food Supplies,kg,64,-10.2,128.88,0
2022-04-11,Food Supplies,kg,62,-10.8,121.19,0
2022-04-12,Food Supplies,kg,61,-11.7,261.7,1
2022-04-13,Food Supplies,kg,60,-12.4,126.41,0
2022-04-14,Food Supplies,kg,62,-15.2,130.6,0
2022-04-15,Food Supplies,kg,60,-16.6,108.55,0
2022-04-16,Food Supplies,kg,60,-16.3,122.03,0
2022-04-17,Food Supplies,kg,58,-19.2,120.57,0
2022-04-18,Food Supplies,kg,64,-21.4,124.8,0
2022-04-19,Food Supplies,kg,63,-20.7,123.81,0
2022-04-20,Food Supplies,kg,54,-19.9,122.8,0
2022-04-21,Food Supplies,kg,58,-19.4,115.35,0
2022-04-22,Food Supplies,kg,55,-22.2,113.62,0
2022-04-23,Food Supplies,kg,53,-18.7,104.41,0
2022-04-24,Food Supplies,kg,46,-20.2,98.57,0
2022-04-25,Food Supplies,kg,55,-20.6,117.25,0
2022-04-26,Food Supplies,kg,54,-21.7,127.34,0
2022-04-27,Food Supplies,kg,59,-18.7,118.16,0
2022-04-28,Food Supplies,kg,57,-17.6,120.72,0
2022-04-29,Food Supplies,kg,55,-18.0,100.43,0
2022-04-30,Food Supplies,kg,55,-18.4,103.91,0
2022-05-01,Food Supplies,kg,55,-17.8,122.13,0
2022-05-02,Food Supplies,kg,53,-19.4,117.51,0
2022-05-03,Food Supplies,kg,56,-18.3,118.63,0
2022-05-04,Food Supplies,kg,47,-18.8,103.9,0
2022-05-05,Food Supplies,kg,49,-17.7,94.19,0
2022-05-06,Food Supplies,kg,48,-16.8,107.73,0
2022-05-07,Food Supplies,kg,48,-17.7,92.51,0
2022-05-08,Food Supplies,kg,49,-20.7,104.81,0
2022-05-09,Food Supplies,kg,53,-20.5,129.51,0
2022-05-10,Food Supplies,kg,51,-22.2,102.38,0
2022-05-11,Food Supplies,kg,51,-21.4,116.21,0
2022-05-12,Food Supplies,kg,47,-21.2,104.69,0
2022-05-13,Food Supplies,kg,46,-21.6,94.0,0
2022-05-14,Food Supplies,kg,48,-23.0,115.13,0
2022-05-15,Food Supplies,kg,47,-20.5,93.09,0
2022-05-16,Food Supplies,kg,47,-20.9,98.53,0
2022-05-17,Food Supplies,kg,52,-17.0,110.42,0
2022-05-18,Food Supplies,kg,46,-17.2,93.65,0
2022-05-19,Food Supplies,kg,42,-16.9,101.83,0
2022-05-20,Food Supplies,kg,41,-17.1,77.56,0
2022-05-21,Food Supplies,kg,46,-16.9,103.12,0
2022-05-22,Food Supplies,kg,45,-15.6,78.74,0
2022-05-23,Food Supplies,kg,45,-14.5,74.72,0
2022-05-24,Food Supplies,kg,43,-17.9,88.76,0
2022-05-25,Food Supplies,kg,38,-16.9,81.08,0
2022-05-26,Food Supplies,kg,46,-16.6,102.18,0
2022-05-27,Food Supplies,kg,45,-17.0,100.9,0
2022-05-28,Food Supplies,kg,39,-14.9,79.51,0
2022-05-29,Food Supplies,kg,41,-13.1,83.97,0
2022-05-30,Food Supplies,kg,40,-12.8,80.53,0
2022-05-31,Food Supplies,kg,38,-14.8,83.5,0
2022-06-01,Food Supplies,kg,35,-17.4,66.45,0
2022-06-02,Food Supplies,kg,40,-16.8,78.42,0
2022-06-03,Food Supplies,kg,34,-15.3,72.22,0
2022-06-04,Food Supplies,kg,36,-19.2,79.48,0
2022-06-05,Food Supplies,kg,42,-17.9,93.4,0
2022-06-06,Food Supplies,kg,38,-18.7,78.3,0
2022-06-07,Food Supplies,kg,38,-21.8,77.93,0
2022-06-08,Food Supplies,kg,35,-21.0,76.69,0
2022-06-09,Food Supplies,kg,31,-19.7,60.34,0
2022-06-10,Food Supplies,kg,37,-20.5,85.27,0
2022-06-11,Food Supplies,kg,37,-22.3,76.11,0
2022-06-12,Food Supplies,kg,38,-19.6,77.81,0
2022-06-13,Food Supplies,kg,34,-21.0,74.7,0
2022-06-14,Food Supplies,kg,33,-19.4,65.63,0
2022-06-15,Food Supplies,kg,36,-22.0,70.95,0
2022-06-16,Food Supplies,kg,30,-21.4,67.62,0
2022-06-17,Food Supplies,kg,36,-20.9,70.9,0
2022-06-18,Food Supplies,kg,33,-19.8,69.88,0
2022-06-19,Food Supplies,kg,34,-18.0,70.1,0
2022-06-20,Food Supplies,kg,40,-19.8,73.9,0
2022-06-21,Food Supplies,kg,32,-19.4,62.36,0
2022-06-22,Food Supplies,kg,33,-21.9,71.29,0
2022-06-23,Food Supplies,kg,33,-24.1,76.09,0
2022-06-24,Food Supplies,kg,26,-24.7,53.48,0
2022-06-25,Food Supplies,kg,34,-23.8,68.98,0
2022-06-26,Food Supplies,kg,25,-21.1,54.59,0
2022-06-27,Food Supplies,kg,34,-18.6,73.69,0
2022-06-28,Food Supplies,kg,29,-19.8,63.86,0
2022-06-29,Food Supplies,kg,29,-19.8,61.27,0
2022-06-30,Food Supplies,kg,31,-18.8,62.15,0
2022-07-01,Food Supplies,kg,27,-18.3,58.33,0
2022-07-02,Food Supplies,kg,31,-19.2,64.05,0
2022-07-03,Food Supplies,kg,28,-19.7,60.69,0
2022-07-04,Food Supplies,kg,27,-20.3,54.73,0
2022-07-05,Food Supplies,kg,30,-21.0,62.28,0
2022-07-06,Food Supplies,kg,34,-21.9,74.23,0
2022-07-07,Food Supplies,kg,33,-22.2,61.32,0
2022-07-08,Food Supplies,kg,29,-22.9,66.72,0
2022-07-09,Food Supplies,kg,30,-24.7,64.47,0
2022-07-10,Food Supplies,kg,29,-23.1,51.39,0
2022-07-11,Food Supplies,kg,27,-22.3,57.85,0
2022-07-12,Food Supplies,kg,27,-19.6,54.76,0
2022-07-13,Food Supplies,kg,31,-19.6,60.51,0
2022-07-14,Food Supplies,kg,28,-20.7,65.65,0
2022-07-15,Food Supplies,kg,30,-22.0,66.69,0
2022-07-16,Food Supplies,kg,27,-22.1,56.65,0
2022-07-17,Food Supplies,kg,32,-21.4,67.68,0
2022-07-18,Food Supplies,kg,32,-22.0,68.82,0
2022-07-19,Food Supplies,kg,35,-24.4,67.94,0
2022-07-20,Food Supplies,kg,34,-25.3,85.19,0
2022-07-21,Food Supplies,kg,27,-24.9,58.44,0
2022-07-22,Food Supplies,kg,28,-23.5,66.37,0
2022-07-23,Food Supplies,kg,31,-25.6,63.81,0
2022-07-24,Food Supplies,kg,28,-24.8,62.53,0
2022-07-25,Food Supplies,kg,31,-24.1,61.83,0
2022-07-26,Food Supplies,kg,29,-24.6,51.67,0
2022-07-27,Food Supplies,kg,33,-25.2,75.25,0
2022-07-28,Food Supplies,kg,33,-25.9,72.55,0
2022-07-29,Food Supplies,kg,30,-25.2,62.82,0
2022-07-30,Food Supplies,kg,25,-23.1,42.52,0
2022-07-31,Food Supplies,kg,34,-21.2,69.56,0
2022-08-01,Food Supplies,kg,29,-23.0,62.82,0
2022-08-02,Food Supplies,kg,31,-23.2,61.88,0
2022-08-03,Food Supplies,kg,31,-26.3,68.07,0
2022-08-04,Food Supplies,kg,33,-25.5,68.79,0
2022-08-05,Food Supplies,kg,30,-24.1,59.77,0
2022-08-06,Food Supplies,kg,28,-21.4,58.52,0
2022-08-07,Food Supplies,kg,32,-24.2,59.8,0
2022-08-08,Food Supplies,kg,35,-25.5,78.13,0
2022-08-09,Food Supplies,kg,32,-24.7,69.39,0
2022-08-10,Food Supplies,kg,32,-26.6,72.39,0
2022-08-11,Food Supplies,kg,29,-25.6,67.15,0
2022-08-12,Food Supplies,kg,35,-24.1,74.01,0
2022-08-13,Food Supplies,kg,35,-25.6,63.66,0
2022-08-14,Food Supplies,kg,33,-24.7,70.04,0
2022-08-15,Food Supplies,kg,31,-26.0,62.78,0
2022-08-16,Food Supplies,kg,34,-23.2,78.8,0
2022-08-17,Food Supplies,kg,35,-22.5,72.69,0
2022-08-18,Food Supplies,kg,34,-23.2,76.22,0
2022-08-19,Food Supplies,kg,32,-24.7,75.03,0
2022-08-20,Food Supplies,kg,36,-23.5,73.53,0
2022-08-21,Food Supplies,kg,36,-21.0,76.03,0
2022-08-22,Food Supplies,kg,37,-22.0,78.51,0
2022-08-23,Food Supplies,kg,36,-22.4,86.53,0
2022-08-24,Food Supplies,kg,40,-23.2,91.85,0
2022-08-25,Food Supplies,kg,37,-20.4,72.52,0
2022-08-26,Food Supplies,kg,41,-23.1,84.23,0
2022-08-27,Food Supplies,kg,38,-20.7,77.51,0
2022-08-28,Food Supplies,kg,34,-21.1,68.04,0
2022-08-29,Food Supplies,kg,41,-20.9,84.5,0
2022-08-30,Food Supplies,kg,37,-21.2,75.42,0
2022-08-31,Food Supplies,kg,37,-20.5,77.69,0
2022-09-01,Food Supplies,kg,42,-21.3,87.87,0
2022-09-02,Food Supplies,kg,36,-19.4,80.04,0
2022-09-03,Food Supplies,kg,35,-17.6,68.59,0
2022-09-04,Food Supplies,kg,40,-19.2,74.74,0
2022-09-05,Food Supplies,kg,42,-18.1,83.99,0
2022-09-06,Food Supplies,kg,44,-18.6,87.64,0
2022-09-07,Food Supplies,kg,42,-18.4,94.39,0
2022-09-08,Food Supplies,kg,35,-16.1,74.72,0
2022-09-09,Food Supplies,kg,39,-17.3,86.14,0
2022-09-10,Food Supplies,kg,39,-15.9,83.7,0
2022-09-11,Food Supplies,kg,37,-15.5,66.0,0
2022-09-12,Food Supplies,kg,43,-16.0,82.84,0
2022-09-13,Food Supplies,kg,46,-15.6,84.76,0
2022-09-14,Food Supplies,kg,47,-15.4,103.96,0
2022-09-15,Food Supplies,kg,46,-17.3,99.01,0
2022-09-16,Food Supplies,kg,44,-18.1,92.83,0
2022-09-17,Food Supplies,kg,49,-19.4,98.41,0
2022-09-18,Food Supplies,kg,46,-19.3,92.97,0
2022-09-19,Food Supplies,kg,47,-16.8,91.02,0
2022-09-20,Food Supplies,kg,45,-15.8,94.8,0
2022-09-21,Food Supplies,kg,47,-17.9,97.32,0
2022-09-22,Food Supplies,kg,47,-17.9,100.74,0
2022-09-23,Food Supplies,kg,44,-17.2,92.36,0
2022-09-24,Food Supplies,kg,51,-15.7,108.45,0
2022-09-25,Food Supplies,kg,50,-16.6,105.11,0
2022-09-26,Food Supplies,kg,52,-18.1,114.24,0
2022-09-27,Food Supplies,kg,48,-17.7,103.01,0
2022-09-28,Food Supplies,kg,53,-16.3,104.51,0
2022-09-29,Food Supplies,kg,47,-15.6,97.95,0
2022-09-30,Food Supplies,kg,54,-16.7,112.23,0
2022-10-01,Food Supplies,kg,54,-13.6,106.54,0
2022-10-02,Food Supplies,kg,50,-13.8,99.83,0
2022-10-03,Food Supplies,kg,57,-13.4,120.46,0
2022-10-04,Food Supplies,kg,59,-14.4,122.28,0
2022-10-05,Food Supplies,kg,53,-12.5,110.8,0
2022-10-06,Food Supplies,kg,59,-11.7,116.42,0
2022-10-07,Food Supplies,kg,50,-11.3,104.91,0
2022-10-08,Food Supplies,kg,56,-13.2,116.62,0
2022-10-09,Food Supplies,kg,49,-11.4,91.59,0
2022-10-10,Food Supplies,kg,60,-10.4,114.47,0
2022-10-11,Food Supplies,kg,53,-9.1,97.13,0
2022-10-12,Food Supplies,kg,52,-9.4,94.12,0
2022-10-13,Food Supplies,kg,59,-9.8,132.94,0
2022-10-14,Food Supplies,kg,62,-10.3,132.89,0
2022-10-15,Food Supplies,kg,58,-7.0,117.89,0
2022-10-16,Food Supplies,kg,61,-8.4,120.34,0
2022-10-17,Food Supplies,kg,66,-10.5,124.59,0
2022-10-18,Food Supplies,kg,58,-11.1,106.11,0
2022-10-19,Food Supplies,kg,59,-11.8,114.76,0
2022-10-20,Food Supplies,kg,65,-9.6,120.54,0
2022-10-21,Food Supplies,kg,63,-11.7,129.33,0
2022-10-22,Food Supplies,kg,67,-12.3,133.68,0
2022-10-23,Food Supplies,kg,60,-11.6,124.09,0
2022-10-24,Food Supplies,kg,59,-9.3,115.76,0
2022-10-25,Food Supplies,kg,60,-8.2,103.41,0
2022-10-26,Food Supplies,kg,67,-5.9,124.99,0
2022-10-27,Food Supplies,kg,69,-5.8,132.98,0
2022-10-28,Food Supplies,kg,69,-6.6,132.91,0
2022-10-29,Food Supplies,kg,68,-5.6,123.63,0
2022-10-30,Food Supplies,kg,71,-8.0,131.98,0
2022-10-31,Food Supplies,kg,66,-10.6,123.73,0
2022-11-01,Food Supplies,kg,62,-8.7,107.41,0
2022-11-02,Food Supplies,kg,64,-8.3,122.63,0
2022-11-03,Food Supplies,kg,65,-6.7,129.03,0
2022-11-04,Food Supplies,kg,64,-8.1,119.16,0
2022-11-05,Food Supplies,kg,66,-6.0,115.22,0
2022-11-06,Food Supplies,kg,68,-5.2,135.1,0
2022-11-07,Food Supplies,kg,73,-5.5,148.4,0
2022-11-08,Food Supplies,kg,73,-5.4,133.45,0
2022-11-09,Food Supplies,kg,77,-5.0,136.03,0
2022-11-10,Food Supplies,kg,69,-6.5,129.52,0
2022-11-11,Food Supplies,kg,74,-7.1,143.14,0
2022-11-12,Food Supplies,kg,78,-6.4,143.61,0
2022-11-13,Food Supplies,kg,72,-7.0,123.97,0
2022-11-14,Food Supplies,kg,73,-9.0,148.98,0
2022-11-15,Food Supplies,kg,79,-8.0,153.5,0
2022-11-16,Food Supplies,kg,74,-6.4,153.03,0
2022-11-17,Food Supplies,kg,80,-4.6,149.68,0
2022-11-18,Food Supplies,kg,72,-3.9,145.45,0
2022-11-19,Food Supplies,kg,82,-2.8,148.86,0
2022-11-20,Food Supplies,kg,81,-1.7,142.42,0
2022-11-21,Food Supplies,kg,75,-2.0,133.04,0
2022-11-22,Food Supplies,kg,77,-5.6,160.66,0
2022-11-23,Food Supplies,kg,75,-3.6,137.32,0
2022-11-24,Food Supplies,kg,77,-5.1,157.94,0
2022-11-25,Food Supplies,kg,74,-6.6,136.35,0
2022-11-26,Food Supplies,kg,74,-7.9,129.85,0
2022-11-27,Food Supplies,kg,76,-3.6,146.64,0
2022-11-28,Food Supplies,kg,83,-2.9,146.98,0
2022-11-29,Food Supplies,kg,75,-4.6,142.52,0
2022-11-30,Food Supplies,kg,85,-5.5,161.66,0
2022-12-01,Food Supplies,kg,84,-5.1,159.13,0
2022-12-02,Food Supplies,kg,86,-4.1,175.69,0
2022-12-03,Food Supplies,kg,83,-3.5,155.91,0
2022-12-04,Food Supplies,kg,87,-4.8,163.78,0
2022-12-05,Food Supplies,kg,79,-4.1,143.74,0
2022-12-06,Food Supplies,kg,87,-4.8,167.86,0
2022-12-07,Food Supplies,kg,93,-2.9,175.87,0
2022-12-08,Food Supplies,kg,83,-2.8,149.07,0
2022-12-09,Food Supplies,kg,84,-3.9,164.73,0
2022-12-10,Food Supplies,kg,82,-2.6,148.82,0
2022-12-11,Food Supplies,kg,85,-2.0,160.86,0
2022-12-12,Food Supplies,kg,86,-2.8,323.22,1
2022-12-13,Food Supplies,kg,78,-1.6,149.99,0
2022-12-14,Food Supplies,kg,87,-0.7,150.69,0
2022-12-15,Food Supplies,kg,89,0.9,166.69,0
2022-12-16,Food Supplies,kg,83,1.6,386.75,1
2022-12-17,Food Supplies,kg,85,0.7,156.76,0
2022-12-18,Food Supplies,kg,89,-2.2,174.29,0
2022-12-19,Food Supplies,kg,84,-1.8,143.45,0
2022-12-20,Food Supplies,kg,89,-1.3,161.06,0
2022-12-21,Food Supplies,kg,88,-1.2,153.71,0
2022-12-22,Food Supplies,kg,94,-5.8,170.03,0
2022-12-23,Food Supplies,kg,87,-4.1,146.42,0
2022-12-24,Food Supplies,kg,86,-5.1,161.89,0
2022-12-25,Food Supplies,kg,89,-3.5,173.98,0
2022-12-26,Food Supplies,kg,89,-0.6,173.2,0
2022-12-27,Food Supplies,kg,93,-1.1,158.17,0
2022-12-28,Food Supplies,kg,93,-0.4,163.1,0
2022-12-29,Food Supplies,kg,87,-0.5,150.24,0
2022-12-30,Food Supplies,kg,88,0.2,150.71,0
2022-12-31,Food Supplies,kg,87,0.2,153.81,0
2023-01-01,Food Supplies,kg,87,-0.8,157.79,0
2023-01-02,Food Supplies,kg,79,-2.2,142.18,0
2023-01-03,Food Supplies,kg,94,0.4,155.06,0
2023-01-04,Food Supplies,kg,87,0.8,165.71,0
2023-01-05,Food Supplies,kg,88,1.8,160.09,0
2023-01-06,Food Supplies,kg,98,2.0,180.57,0
2023-01-07,Food Supplies,kg,88,3.0,162.69,0
2023-01-08,Food Supplies,kg,89,1.1,166.13,0
2023-01-09,Food Supplies,kg,91,0.9,165.31,0
2023-01-10,Food Supplies,kg,91,1.4,155.61,0
2023-01-11,Food Supplies,kg,88,3.0,172.8,0
2023-01-12,Food Supplies,kg,93,6.4,173.81,0
2023-01-13,Food Supplies,kg,90,5.9,153.27,0
2023-01-14,Food Supplies,kg,90,3.9,153.41,0
2023-01-15,Food Supplies,kg,88,1.4,177.31,0
2023-01-16,Food Supplies,kg,90,-0.4,160.93,0
2023-01-17,Food Supplies,kg,93,-1.6,162.65,0
2023-01-18,Food Supplies,kg,93,-5.9,169.72,0
2023-01-19,Food Supplies,kg,89,-6.2,172.7,0
2023-01-20,Food Supplies,kg,88,-4.3,159.17,0
2023-01-21,Food Supplies,kg,92,-3.8,172.0,0
2023-01-22,Food Supplies,kg,91,-3.8,192.17,0
2023-01-23,Food Supplies,kg,92,-5.8,156.95,0
2023-01-24,Food Supplies,kg,87,-3.6,157.19,0
2023-01-25,Food Supplies,kg,89,-2.5,164.01,0
2023-01-26,Food Supplies,kg,92,-2.3,150.8,0
2023-01-27,Food Supplies,kg,87,-5.5,168.56,0
2023-01-28,Food Supplies,kg,95,-5.6,188.26,0
2023-01-29,Food Supplies,kg,94,-4.4,160.56,0
2023-01-30,Food Supplies,kg,88,-4.0,162.67,0
2023-01-31,Food Supplies,kg,88,-3.4,164.5,0
2023-02-01,Food Supplies,kg,90,-2.1,170.4,0
2023-02-02,Food Supplies,kg,89,-1.8,188.53,0
2023-02-03,Food Supplies,kg,92,-0.9,159.37,0
2023-02-04,Food Supplies,kg,86,-2.3,162.73,0
2023-02-05,Food Supplies,kg,85,-4.1,156.81,0
2023-02-06,Food Supplies,kg,89,-3.1,161.24,0
2023-02-07,Food Supplies,kg,89,-1.9,162.79,0
2023-02-08,Food Supplies,kg,87,-1.2,162.0,0
2023-02-09,Food Supplies,kg,90,-1.2,163.65,0
2023-02-10,Food Supplies,kg,91,-1.9,169.04,0
2023-02-11,Food Supplies,kg,89,-1.7,161.6,0
2023-02-12,Food Supplies,kg,88,-1.3,151.05,0
2023-02-13,Food Supplies,kg,86,-0.9,163.64,0
2023-02-14,Food Supplies,kg,86,2.7,164.34,0
2023-02-15,Food Supplies,kg,82,0.5,156.29,0
2023-02-16,Food Supplies,kg,82,4.8,153.57,0
2023-02-17,Food Supplies,kg,89,1.7,152.74,0
2023-02-18,Food Supplies,kg,90,1.5,152.73,0
2023-02-19,Food Supplies,kg,81,-1.1,155.17,0
2023-02-20,Food Supplies,kg,86,-1.0,144.76,0
2023-02-21,Food Supplies,kg,80,0.1,138.08,0
2023-02-22,Food Supplies,kg,89,-0.5,181.55,0
2023-02-23,Food Supplies,kg,83,0.4,153.95,0
2023-02-24,Food Supplies,kg,91,-0.9,166.56,0
2023-02-25,Food Supplies,kg,81,-4.5,134.26,0
2023-02-26,Food Supplies,kg,81,-3.5,143.85,0
2023-02-27,Food Supplies,kg,83,-3.6,161.41,0
2023-02-28,Food Supplies,kg,85,-4.5,144.4,0
2023-03-01,Food Supplies,kg,84,-5.2,161.29,0
2023-03-02,Food Supplies,kg,84,-4.6,143.76,0
2023-03-03,Food Supplies,kg,80,-5.9,145.15,0
2023-03-04,Food Supplies,kg,83,-5.2,140.92,0
2023-03-05,Food Supplies,kg,87,-3.5,161.9,0
2023-03-06,Food Supplies,kg,82,-0.7,133.28,0
2023-03-07,Food Supplies,kg,77,0.6,137.9,0
2023-03-08,Food Supplies,kg,80,-0.1,149.64,0
2023-03-09,Food Supplies,kg,72,-0.6,131.78,0
2023-03-10,Food Supplies,kg,80,-2.1,150.5,0
2023-03-11,Food Supplies,kg,73,-3.4,136.8,0
2023-03-12,Food Supplies,kg,79,-2.6,144.37,0
2023-03-13,Food Supplies,kg,77,-3.7,142.12,0
2023-03-14,Food Supplies,kg,79,-3.6,148.87,0
2023-03-15,Food Supplies,kg,76,-5.6,133.57,0
2023-03-16,Food Supplies,kg,80,-3.8,144.85,0
2023-03-17,Food Supplies,kg,77,-4.8,161.49,0
2023-03-18,Food Supplies,kg,78,-3.6,148.64,0
2023-03-19,Food Supplies,kg,73,-5.3,147.24,0
2023-03-20,Food Supplies,kg,72,-6.8,139.44,0
2023-03-21,Food Supplies,kg,69,-5.0,123.5,0
2023-03-22,Food Supplies,kg,69,-6.5,128.27,0
2023-03-23,Food Supplies,kg,72,-9.1,124.5,0
2023-03-24,Food Supplies,kg,72,-10.6,152.18,0
2023-03-25,Food Supplies,kg,72,-9.1,146.5,0
2023-03-26,Food Supplies,kg,69,-7.9,125.42,0
2023-03-27,Food Supplies,kg,71,-9.3,143.6,0
2023-03-28,Food Supplies,kg,74,-10.2,360.09,1
2023-03-29,Food Supplies,kg,71,-9.1,137.74,0
2023-03-30,Food Supplies,kg,69,-7.3,135.21,0
2023-03-31,Food Supplies,kg,69,-7.8,136.46,0
2023-04-01,Food Supplies,kg,72,-7.3,140.33,0
2023-04-02,Food Supplies,kg,68,-6.5,129.93,0
2023-04-03,Food Supplies,kg,65,-3.8,121.18,0
2023-04-04,Food Supplies,kg,65,-6.6,118.98,0
2023-04-05,Food Supplies,kg,64,-8.3,129.54,0
2023-04-06,Food Supplies,kg,64,-9.5,314.41,1
2023-04-07,Food Supplies,kg,67,-8.5,120.15,0
2023-04-08,Food Supplies,kg,69,-9.3,133.72,0
2023-04-09,Food Supplies,kg,63,-9.2,116.97,0
2023-04-10,Food Supplies,kg,61,-9.4,121.96,0
2023-04-11,Food Supplies,kg,59,-9.8,117.46,0
2023-04-12,Food Supplies,kg,67,-10.0,131.3,0
2023-04-13,Food Supplies,kg,65,-8.8,120.79,0
2023-04-14,Food Supplies,kg,59,-10.9,112.18,0
2023-04-15,Food Supplies,kg,61,-11.4,114.35,0
2023-04-16,Food Supplies,kg,64,-13.5,114.46,0
2023-04-17,Food Supplies,kg,59,-13.1,125.98,0
2023-04-18,Food Supplies,kg,62,-13.4,128.52,0
2023-04-19,Food Supplies,kg,58,-11.8,123.1,0
2023-04-20,Food Supplies,kg,57,-12.1,110.18,0
2023-04-21,Food Supplies,kg,50,-13.1,102.36,0
2023-04-22,Food Supplies,kg,56,-13.6,106.08,0
2023-04-23,Food Supplies,kg,55,-11.1,104.11,0
2023-04-24,Food Supplies,kg,58,-14.0,130.37,0
2023-04-25,Food Supplies,kg,56,-15.0,110.37,0
2023-04-26,Food Supplies,kg,56,-15.0,119.31,0
2023-04-27,Food Supplies,kg,57,-15.9,117.39,0
2023-04-28,Food Supplies,kg,47,-15.1,86.88,0
2023-04-29,Food Supplies,kg,53,-15.2,106.14,0
2023-04-30,Food Supplies,kg,49,-14.9,100.95,0
2023-05-01,Food Supplies,kg,49,-14.9,102.92,0
2023-05-02,Food Supplies,kg,51,-15.2,91.92,0
2023-05-03,Food Supplies,kg,52,-17.3,100.38,0
2023-05-04,Food Supplies,kg,52,-16.9,108.23,0
2023-05-05,Food Supplies,kg,52,-19.5,102.09,0
2023-05-06,Food Supplies,kg,48,-20.1,107.63,0
2023-05-07,Food Supplies,kg,49,-18.8,101.09,0
2023-05-08,Food Supplies,kg,53,-16.8,111.38,0
2023-05-09,Food Supplies,kg,53,-13.3,113.76,0
2023-05-10,Food Supplies,kg,47,-14.6,87.6,0
2023-05-11,Food Supplies,kg,48,-16.3,100.38,0
2023-05-12,Food Supplies,kg,44,-15.7,89.87,0
2023-05-13,Food Supplies,kg,50,-13.2,100.49,0
2023-05-14,Food Supplies,kg,53,-11.7,102.93,0
2023-05-15,Food Supplies,kg,44,-14.2,89.04,0
2023-05-16,Food Supplies,kg,49,-15.0,81.44,0
2023-05-17,Food Supplies,kg,47,-14.3,101.32,0
2023-05-18,Food Supplies,kg,44,-13.5,80.72,0
2023-05-19,Food Supplies,kg,42,-13.4,92.62,0
2023-05-20,Food Supplies,kg,51,-14.9,96.89,0
2023-05-21,Food Supplies,kg,45,-14.7,85.13,0
2023-05-22,Food Supplies,kg,46,-14.0,94.31,0
2023-05-23,Food Supplies,kg,42,-16.2,86.79,0
2023-05-24,Food Supplies,kg,42,-14.7,86.78,0
2023-05-25,Food Supplies,kg,38,-13.9,77.66,0
2023-05-26,Food Supplies,kg,43,-15.9,86.51,0
2023-05-27,Food Supplies,kg,40,-15.1,78.92,0
2023-05-28,Food Supplies,kg,37,-14.7,77.03,0
2023-05-29,Food Supplies,kg,37,-14.2,71.09,0
2023-05-30,Food Supplies,kg,47,-12.8,93.93,0
2023-05-31,Food Supplies,kg,38,-13.9,68.28,0
2023-06-01,Food Supplies,kg,40,-14.4,81.52,0
2023-06-02,Food Supplies,kg,35,-19.3,73.16,0
2023-06-03,Food Supplies,kg,37,-17.9,75.95,0
2023-06-04,Food Supplies,kg,34,-16.8,76.53,0
2023-06-05,Food Supplies,kg,38,-15.4,83.72,0
2023-06-06,Food Supplies,kg,34,-17.7,73.7,0
2023-06-07,Food Supplies,kg,39,-16.8,83.9,0
2023-06-08,Food Supplies,kg,31,-15.9,63.3,0
2023-06-09,Food Supplies,kg,34,-17.7,71.15,0
2023-06-10,Food Supplies,kg,39,-16.7,81.64,0
2023-06-11,Food Supplies,kg,40,-16.8,84.63,0
2023-06-12,Food Supplies,kg,35,-20.0,73.39,0
2023-06-13,Food Supplies,kg,34,-19.4,73.0,0
2023-06-14,Food Supplies,kg,35,-21.0,73.87,0
2023-06-15,Food Supplies,kg,40,-23.6,87.76,0
2023-06-16,Food Supplies,kg,33,-22.8,74.1,0
2023-06-17,Food Supplies,kg,34,-22.8,69.51,0
2023-06-18,Food Supplies,kg,30,-20.6,63.4,0
2023-06-19,Food Supplies,kg,31,-20.6,65.29,0
2023-06-20,Food Supplies,kg,34,-19.7,66.52,0
2023-06-21,Food Supplies,kg,36,-19.3,81.05,0
2023-06-22,Food Supplies,kg,34,-18.3,66.68,0
2023-06-23,Food Supplies,kg,35,-20.3,79.53,0
2023-06-24,Food Supplies,kg,29,-20.3,55.79,0
2023-06-25,Food Supplies,kg,29,-20.9,55.46,0
2023-06-26,Food Supplies,kg,34,-20.2,69.66,0
2023-06-27,Food Supplies,kg,30,-20.2,64.22,0
2023-06-28,Food Supplies,kg,28,-21.5,60.46,0
2023-06-29,Food Supplies,kg,32,-22.2,73.09,0
2023-06-30,Food Supplies,kg,31,-19.8,61.65,0
2023-07-01,Food Supplies,kg,30,-22.8,67.4,0
2023-07-02,Food Supplies,kg,36,-21.8,68.53,0
2023-07-03,Food Supplies,kg,36,-20.1,70.86,0
2023-07-04,Food Supplies,kg,34,-19.7,69.73,0
2023-07-05,Food Supplies,kg,32,-17.2,61.2,0
2023-07-06,Food Supplies,kg,35,-16.7,73.76,0
2023-07-07,Food Supplies,kg,31,-17.0,60.91,0
2023-07-08,Food Supplies,kg,30,-18.6,65.77,0
2023-07-09,Food Supplies,kg,28,-18.7,60.96,0
2023-07-10,Food Supplies,kg,28,-18.3,55.44,0
2023-07-11,Food Supplies,kg,33,-19.0,66.98,0
2023-07-12,Food Supplies,kg,26,-20.8,54.29,0
2023-07-13,Food Supplies,kg,28,-22.9,64.48,0
2023-07-14,Food Supplies,kg,29,-22.7,58.19,0
2023-07-15,Food Supplies,kg,26,-24.9,48.13,0
2023-07-16,Food Supplies,kg,29,-25.3,61.17,0
2023-07-17,Food Supplies,kg,30,-28.6,62.69,0
2023-07-18,Food Supplies,kg,33,-26.5,65.38,0
2023-07-19,Food Supplies,kg,29,-24.3,62.21,0
2023-07-20,Food Supplies,kg,30,-24.0,59.84,0
2023-07-21,Food Supplies,kg,26,-21.0,55.77,0
2023-07-22,Food Supplies,kg,26,-19.3,50.13,0
2023-07-23,Food Supplies,kg,24,-19.1,58.63,0
2023-07-24,Food Supplies,kg,33,-19.8,73.18,0
2023-07-25,Food Supplies,kg,29,-20.8,58.21,0
2023-07-26,Food Supplies,kg,31,-20.2,61.82,0
2023-07-27,Food Supplies,kg,32,-20.8,66.42,0
2023-07-28,Food Supplies,kg,33,-20.2,72.05,0
2023-07-29,Food Supplies,kg,37,-19.7,75.02,0
2023-07-30,Food Supplies,kg,31,-20.4,60.38,0
2023-07-31,Food Supplies,kg,29,-19.1,54.94,0
2023-08-01,Food Supplies,kg,33,-19.9,68.78,0
2023-08-02,Food Supplies,kg,38,-20.2,76.0,0
2023-08-03,Food Supplies,kg,30,-22.0,64.58,0
2023-08-04,Food Supplies,kg,29,-22.4,53.7,0
2023-08-05,Food Supplies,kg,24,-19.1,51.21,0
2023-08-06,Food Supplies,kg,26,-20.9,53.57,0
2023-08-07,Food Supplies,kg,36,-20.4,67.44,0
2023-08-08,Food Supplies,kg,32,-21.3,68.88,0
2023-08-09,Food Supplies,kg,29,-24.7,64.38,0
2023-08-10,Food Supplies,kg,33,-23.4,67.11,0
2023-08-11,Food Supplies,kg,41,-23.9,91.32,0
2023-08-12,Food Supplies,kg,33,-23.1,64.61,0
2023-08-13,Food Supplies,kg,39,-21.3,70.85,0
2023-08-14,Food Supplies,kg,31,-20.9,64.47,0
2023-08-15,Food Supplies,kg,38,-20.5,75.38,0
2023-08-16,Food Supplies,kg,32,-21.9,62.63,0
2023-08-17,Food Supplies,kg,32,-20.7,69.44,0
2023-08-18,Food Supplies,kg,32,-21.0,68.14,0
2023-08-19,Food Supplies,kg,34,-23.9,80.08,0
2023-08-20,Food Supplies,kg,38,-22.2,82.56,0
2023-08-21,Food Supplies,kg,34,-20.2,73.45,0
2023-08-22,Food Supplies,kg,39,-18.0,76.1,0
2023-08-23,Food Supplies,kg,34,-15.1,59.78,0
2023-08-24,Food Supplies,kg,36,-14.6,80.96,0
2023-08-25,Food Supplies,kg,35,-14.7,145.66,1
2023-08-26,Food Supplies,kg,42,-13.8,92.02,0
2023-08-27,Food Supplies,kg,39,-16.0,73.57,0
2023-08-28,Food Supplies,kg,39,-19.0,85.75,0
2023-08-29,Food Supplies,kg,37,-19.8,78.49,0
2023-08-30,Food Supplies,kg,37,-17.8,80.93,0
2023-08-31,Food Supplies,kg,36,-19.0,77.25,0
2023-09-01,Food Supplies,kg,43,-18.3,87.51,0
2023-09-02,Food Supplies,kg,35,-17.5,73.03,0
2023-09-03,Food Supplies,kg,39,-17.3,78.22,0
2023-09-04,Food Supplies,kg,43,-19.4,93.9,0
2023-09-05,Food Supplies,kg,36,-18.7,70.94,0
2023-09-06,Food Supplies,kg,42,-19.2,83.54,0
2023-09-07,Food Supplies,kg,39,-16.5,78.7,0
2023-09-08,Food Supplies,kg,42,-15.0,87.8,0
2023-09-09,Food Supplies,kg,42,-16.0,85.55,0
2023-09-10,Food Supplies,kg,36,-13.5,70.39,0
2023-09-11,Food Supplies,kg,45,-13.6,95.5,0
2023-09-12,Food Supplies,kg,41,-16.6,86.55,0
2023-09-13,Food Supplies,kg,42,-16.8,83.4,0
2023-09-14,Food Supplies,kg,45,-14.3,84.62,0
2023-09-15,Food Supplies,kg,46,-15.9,92.35,0
2023-09-16,Food Supplies,kg,47,-16.1,91.92,0
2023-09-17,Food Supplies,kg,48,-18.2,94.39,0
2023-09-18,Food Supplies,kg,39,-19.7,84.92,0
2023-09-19,Food Supplies,kg,48,-20.4,107.3,0
2023-09-20,Food Supplies,kg,47,-21.5,98.8,0
2023-09-21,Food Supplies,kg,46,-21.5,97.01,0
2023-09-22,Food Supplies,kg,49,-18.0,96.42,0
2023-09-23,Food Supplies,kg,51,-17.6,98.04,0
2023-09-24,Food Supplies,kg,46,-16.1,97.93,0
2023-09-25,Food Supplies,kg,54,-14.3,100.06,0
2023-09-26,Food Supplies,kg,53,-16.0,103.61,0
2023-09-27,Food Supplies,kg,52,-17.0,102.17,0
2023-09-28,Food Supplies,kg,47,-15.4,97.44,0
2023-09-29,Food Supplies,kg,58,-16.2,116.53,0
2023-09-30,Food Supplies,kg,53,-14.8,103.05,0
2023-10-01,Food Supplies,kg,53,-12.1,113.17,0
2023-10-02,Food Supplies,kg,53,-14.5,116.88,0
2023-10-03,Food Supplies,kg,55,-14.9,113.39,0
2023-10-04,Food Supplies,kg,57,-14.9,115.82,0
2023-10-05,Food Supplies,kg,54,-15.4,105.88,0
2023-10-06,Food Supplies,kg,51,-15.9,182.13,1
2023-10-07,Food Supplies,kg,59,-16.2,111.29,0
2023-10-08,Food Supplies,kg,54,-15.6,115.82,0
2023-10-09,Food Supplies,kg,54,-14.9,107.93,0
2023-10-10,Food Supplies,kg,57,-13.0,108.6,0
2023-10-11,Food Supplies,kg,56,-12.9,108.99,0
2023-10-12,Food Supplies,kg,59,-11.0,120.44,0
2023-10-13,Food Supplies,kg,60,-12.0,116.55,0
2023-10-14,Food Supplies,kg,58,-13.7,110.37,0
2023-10-15,Food Supplies,kg,60,-13.7,104.81,0
2023-10-16,Food Supplies,kg,59,-12.6,116.36,0
2023-10-17,Food Supplies,kg,63,-11.0,126.16,0
2023-10-18,Food Supplies,kg,63,-8.8,117.81,0
2023-10-19,Food Supplies,kg,64,-8.6,117.26,0
2023-10-20,Food Supplies,kg,61,-7.7,108.69,0
2023-10-21,Food Supplies,kg,63,-6.0,116.16,0
2023-10-22,Food Supplies,kg,65,-7.7,115.9,0
2023-10-23,Food Supplies,kg,66,-8.3,118.17,0
2023-10-24,Food Supplies,kg,66,-4.3,119.35,0
2023-10-25,Food Supplies,kg,64,-3.7,132.02,0
2023-10-26,Food Supplies,kg,62,-3.8,131.1,0
2023-10-27,Food Supplies,kg,67,-3.2,132.43,0
2023-10-28,Food Supplies,kg,68,-6.0,133.23,0
2023-10-29,Food Supplies,kg,63,-7.3,106.07,0
2023-10-30,Food Supplies,kg,70,-9.0,156.76,0
2023-10-31,Food Supplies,kg,68,-8.2,133.5,0
2023-11-01,Food Supplies,kg,68,-8.8,122.37,0
2023-11-02,Food Supplies,kg,69,-8.5,154.03,0
2023-11-03,Food Supplies,kg,72,-8.8,137.9,0
2023-11-04,Food Supplies,kg,74,-11.0,152.18,0
2023-11-05,Food Supplies,kg,70,-9.1,132.62,0
2023-11-06,Food Supplies,kg,70,-11.5,142.28,0
2023-11-07,Food Supplies,kg,73,-11.9,149.84,0
2023-11-08,Food Supplies,kg,68,-13.1,142.21,0
2023-11-09,Food Supplies,kg,75,-13.4,376.73,1
2023-11-10,Food Supplies,kg,69,-12.1,137.49,0
2023-11-11,Food Supplies,kg,69,-9.3,135.12,0
2023-11-12,Food Supplies,kg,78,-11.2,152.54,0
2023-11-13,Food Supplies,kg,68,-11.2,125.01,0
2023-11-14,Food Supplies,kg,78,-13.0,146.59,0
2023-11-15,Food Supplies,kg,80,-12.8,155.81,0
2023-11-16,Food Supplies,kg,76,-11.6,160.82,0
2023-11-17,Food Supplies,kg,78,-9.5,155.34,0
2023-11-18,Food Supplies,kg,72,-12.0,141.25,0
2023-11-19,Food Supplies,kg,75,-10.1,143.6,0
2023-11-20,Food Supplies,kg,78,-10.8,141.85,0
2023-11-21,Food Supplies,kg,79,-11.7,147.12,0
2023-11-22,Food Supplies,kg,79,-10.5,155.58,0
2023-11-23,Food Supplies,kg,79,-8.7,152.17,0
2023-11-24,Food Supplies,kg,79,-8.2,158.6,0
2023-11-25,Food Supplies,kg,75,-9.2,143.05,0
2023-11-26,Food Supplies,kg,81,-8.6,161.14,0
2023-11-27,Food Supplies,kg,77,-9.0,134.93,0
2023-11-28,Food Supplies,kg,79,-7.3,141.93,0
2023-11-29,Food Supplies,kg,85,-5.1,161.76,0
2023-11-30,Food Supplies,kg,76,-3.4,140.66,0
2023-12-01,Food Supplies,kg,81,-3.4,156.39,0
2023-12-02,Food Supplies,kg,84,-1.7,164.07,0
2023-12-03,Food Supplies,kg,84,-3.4,166.69,0
2023-12-04,Food Supplies,kg,83,-0.7,164.53,0
2023-12-05,Food Supplies,kg,81,-2.6,165.09,0
2023-12-06,Food Supplies,kg,87,-5.7,160.24,0
2023-12-07,Food Supplies,kg,80,-3.2,168.06,0
2023-12-08,Food Supplies,kg,86,-4.1,187.59,0
2023-12-09,Food Supplies,kg,85,-3.7,145.22,0
2023-12-10,Food Supplies,kg,82,-5.1,148.2,0
2023-12-11,Food Supplies,kg,84,-1.1,155.83,0
2023-12-12,Food Supplies,kg,90,1.4,164.26,0
2023-12-13,Food Supplies,kg,82,3.2,132.66,0
2023-12-14,Food Supplies,kg,80,2.6,135.79,0
2023-12-15,Food Supplies,kg,84,3.4,153.17,0
2023-12-16,Food Supplies,kg,87,2.5,154.55,0
2023-12-17,Food Supplies,kg,91,3.5,169.9,0
2023-12-18,Food Supplies,kg,87,2.1,174.98,0
2023-12-19,Food Supplies,kg,82,3.9,136.58,0
2023-12-20,Food Supplies,kg,87,2.4,178.34,0
2023-12-21,Food Supplies,kg,90,1.3,180.29,0
2023-12-22,Food Supplies,kg,88,0.2,142.0,0
2023-12-23,Food Supplies,kg,89,0.2,148.73,0
2023-12-24,Food Supplies,kg,82,-0.6,144.71,0
2023-12-25,Food Supplies,kg,84,0.0,142.55,0
2023-12-26,Food Supplies,kg,88,-0.9,165.11,0
2023-12-27,Food Supplies,kg,92,0.2,171.91,0
2023-12-28,Food Supplies,kg,86,2.3,156.11,0
2023-12-29,Food Supplies,kg,89,1.9,163.79,0
2023-12-30,Food Supplies,kg,89,4.8,158.91,0
2023-12-31,Food Supplies,kg,86,5.6,158.48,0
2024-01-01,Food Supplies,kg,87,7.8,174.57,0
2024-01-02,Food Supplies,kg,89,6.4,137.26,0
2024-01-03,Food Supplies,kg,88,2.8,158.57,0
2024-01-04,Food Supplies,kg,92,1.2,170.22,0
2024-01-05,Food Supplies,kg,88,-0.1,157.59,0
2024-01-06,Food Supplies,kg,92,-1.6,170.87,0
2024-01-07,Food Supplies,kg,89,-4.8,178.32,0
2024-01-08,Food Supplies,kg,90,-2.7,160.37,0
2024-01-09,Food Supplies,kg,92,-5.2,195.35,0
2024-01-10,Food Supplies,kg,90,-3.2,151.35,0
2024-01-11,Food Supplies,kg,89,0.4,166.16,0
2024-01-12,Food Supplies,kg,90,-0.9,163.03,0
2024-01-13,Food Supplies,kg,93,-0.4,170.55,0
2024-01-14,Food Supplies,kg,91,-1.1,172.79,0
2024-01-15,Food Supplies,kg,84,0.2,145.59,0
2024-01-16,Food Supplies,kg,88,-1.8,171.31,0
2024-01-17,Food Supplies,kg,88,-1.9,179.86,0
2024-01-18,Food Supplies,kg,92,-0.1,162.85,0
2024-01-19,Food Supplies,kg,84,-0.3,146.85,0
2024-01-20,Food Supplies,kg,91,-2.9,180.32,0
2024-01-21,Food Supplies,kg,92,-0.7,176.34,0
2024-01-22,Food Supplies,kg,92,-2.8,153.4,0
2024-01-23,Food Supplies,kg,89,-2.4,168.69,0
2024-01-24,Food Supplies,kg,85,-1.4,161.91,0
2024-01-25,Food Supplies,kg,89,-1.2,161.21,0
2024-01-26,Food Supplies,kg,94,2.6,184.43,0
2024-01-27,Food Supplies,kg,88,3.1,143.15,0
2024-01-28,Food Supplies,kg,96,2.1,150.51,0
2024-01-29,Food Supplies,kg,92,2.5,176.18,0
2024-01-30,Food Supplies,kg,89,2.2,152.39,0
2024-01-31,Food Supplies,kg,90,1.6,161.66,0
2024-02-01,Food Supplies,kg,90,1.5,150.99,0
2024-02-02,Food Supplies,kg,87,0.3,164.61,0
2024-02-03,Food Supplies,kg,87,0.3,159.8,0
2024-02-04,Food Supplies,kg,94,-0.8,168.93,0
2024-02-05,Food Supplies,kg,93,-3.8,159.71,0
2024-02-06,Food Supplies,kg,87,-1.9,157.45,0
2024-02-07,Food Supplies,kg,85,-2.8,159.56,0
2024-02-08,Food Supplies,kg,83,-2.5,147.53,0
2024-02-09,Food Supplies,kg,94,-3.6,168.88,0
2024-02-10,Food Supplies,kg,90,-4.6,377.94,1
2024-02-11,Food Supplies,kg,91,-5.8,178.33,0
2024-02-12,Food Supplies,kg,85,-3.9,161.79,0
2024-02-13,Food Supplies,kg,85,-2.0,166.42,0
2024-02-14,Food Supplies,kg,83,-2.1,151.09,0
2024-02-15,Food Supplies,kg,76,-3.1,148.71,0
2024-02-16,Food Supplies,kg,83,-5.6,145.17,0
2024-02-17,Food Supplies,kg,86,-4.1,163.7,0
2024-02-18,Food Supplies,kg,86,-5.0,164.32,0
2024-02-19,Food Supplies,kg,83,-6.4,179.26,0
2024-02-20,Food Supplies,kg,86,-6.0,155.71,0
2024-02-21,Food Supplies,kg,82,-6.2,143.76,0
2024-02-22,Food Supplies,kg,86,-8.1,157.21,0
2024-02-23,Food Supplies,kg,86,-9.6,160.37,0
2024-02-24,Food Supplies,kg,86,-8.2,169.01,0
2024-02-25,Food Supplies,kg,83,-8.6,147.6,0
2024-02-26,Food Supplies,kg,80,-7.2,155.45,0
2024-02-27,Food Supplies,kg,79,-6.6,150.02,0
2024-02-28,Food Supplies,kg,75,-4.8,147.88,0
2024-02-29,Food Supplies,kg,84,-6.0,164.35,0
2024-03-01,Food Supplies,kg,76,-5.5,149.92,0
2024-03-02,Food Supplies,kg,80,-4.5,153.58,0
2024-03-03,Food Supplies,kg,81,-5.6,163.01,0
2024-03-04,Food Supplies,kg,77,-3.9,130.14,0
2024-03-05,Food Supplies,kg,79,-6.6,136.63,0
2024-03-06,Food Supplies,kg,80,-7.8,152.8,0
2024-03-07,Food Supplies,kg,78,-10.0,152.4,0
2024-03-08,Food Supplies,kg,80,-10.6,146.61,0
2024-03-09,Food Supplies,kg,77,-10.2,154.95,0
2024-03-10,Food Supplies,kg,77,-8.3,136.24,0
2024-03-11,Food Supplies,kg,74,-8.3,139.76,0
2024-03-12,Food Supplies,kg,76,-9.0,146.49,0
2024-03-13,Food Supplies,kg,76,-11.0,153.95,0
2024-03-14,Food Supplies,kg,73,-12.2,139.86,0
2024-03-15,Food Supplies,kg,77,-11.0,161.8,0
2024-03-16,Food Supplies,kg,68,-9.2,144.66,0
2024-03-17,Food Supplies,kg,78,-9.6,165.13,0
2024-03-18,Food Supplies,kg,70,-7.5,148.05,0
2024-03-19,Food Supplies,kg,77,-9.0,158.08,0
2024-03-20,Food Supplies,kg,75,-9.4,150.51,0
2024-03-21,Food Supplies,kg,76,-9.7,140.79,0
2024-03-22,Food Supplies,kg,69,-7.3,127.0,0
2024-03-23,Food Supplies,kg,71,-7.3,142.96,0
2024-03-24,Food Supplies,kg,72,-10.2,125.2,0
2024-03-25,Food Supplies,kg,72,-8.6,149.52,0
2024-03-26,Food Supplies,kg,73,-5.9,132.6,0
2024-03-27,Food Supplies,kg,72,-6.8,132.27,0
2024-03-28,Food Supplies,kg,71,-8.6,142.95,0
2024-03-29,Food Supplies,kg,70,-7.5,135.81,0
2024-03-30,Food Supplies,kg,70,-4.9,127.64,0
2024-03-31,Food Supplies,kg,68,-4.4,119.79,0
2024-04-01,Food Supplies,kg,71,-7.8,123.54,0
2024-04-02,Food Supplies,kg,67,-7.0,110.82,0
2024-04-03,Food Supplies,kg,61,-7.0,126.13,0
2024-04-04,Food Supplies,kg,70,-9.0,133.32,0
2024-04-05,Food Supplies,kg,67,-7.4,120.93,0
2024-04-06,Food Supplies,kg,64,-7.3,127.43,0
2024-04-07,Food Supplies,kg,65,-6.0,116.88,0
2024-04-08,Food Supplies,kg,68,-8.4,124.67,0
2024-04-09,Food Supplies,kg,64,-8.4,131.72,0
2024-04-10,Food Supplies,kg,67,-10.3,136.35,0
2024-04-11,Food Supplies,kg,64,-10.2,125.97,0
2024-04-12,Food Supplies,kg,61,-8.3,113.2,0
2024-04-13,Food Supplies,kg,57,-11.1,113.28,0
2024-04-14,Food Supplies,kg,61,-13.4,125.8,0
2024-04-15,Food Supplies,kg,64,-11.9,128.12,0
2024-04-16,Food Supplies,kg,58,-12.1,122.85,0
2024-04-17,Food Supplies,kg,60,-10.6,110.12,0
2024-04-18,Food Supplies,kg,63,-12.2,122.54,0
2024-04-19,Food Supplies,kg,53,-12.4,108.37,0
2024-04-20,Food Supplies,kg,59,-11.6,112.07,0
2024-04-21,Food Supplies,kg,59,-11.7,122.78,0
2024-04-22,Food Supplies,kg,58,-14.7,126.08,0
2024-04-23,Food Supplies,kg,51,-10.5,99.87,0
2024-04-24,Food Supplies,kg,53,-10.8,106.02,0
2024-04-25,Food Supplies,kg,49,-13.4,96.43,0
2024-04-26,Food Supplies,kg,51,-13.2,99.71,0
2024-04-27,Food Supplies,kg,57,-12.9,121.9,0
2024-04-28,Food Supplies,kg,52,-11.8,97.3,0
2024-04-29,Food Supplies,kg,55,-11.0,113.06,0
2024-04-30,Food Supplies,kg,55,-12.0,105.3,0
2024-05-01,Food Supplies,kg,49,-15.2,93.91,0
2024-05-02,Food Supplies,kg,52,-14.6,110.85,0
2024-05-03,Food Supplies,kg,46,-17.4,98.27,0
2024-05-04,Food Supplies,kg,51,-15.4,99.07,0
2024-05-05,Food Supplies,kg,51,-16.7,103.01,0
2024-05-06,Food Supplies,kg,49,-15.8,98.61,0
2024-05-07,Food Supplies,kg,44,-16.9,91.18,0
2024-05-08,Food Supplies,kg,44,-17.7,87.76,0
2024-05-09,Food Supplies,kg,56,-18.9,128.13,0
2024-05-10,Food Supplies,kg,49,-17.6,93.93,0
2024-05-11,Food Supplies,kg,46,-18.5,86.41,0
2024-05-12,Food Supplies,kg,50,-17.3,101.74,0
2024-05-13,Food Supplies,kg,51,-18.3,92.69,0
2024-05-14,Food Supplies,kg,49,-18.6,96.6,0
2024-05-15,Food Supplies,kg,45,-18.5,89.46,0
2024-05-16,Food Supplies,kg,44,-18.3,90.88,0
2024-05-17,Food Supplies,kg,47,-19.7,96.77,0
2024-05-18,Food Supplies,kg,43,-18.5,90.11,0
2024-05-19,Food Supplies,kg,47,-19.0,92.9,0
2024-05-20,Food Supplies,kg,43,-18.2,86.66,0
2024-05-21,Food Supplies,kg,45,-18.4,96.15,0
2024-05-22,Food Supplies,kg,45,-17.6,79.82,0
2024-05-23,Food Supplies,kg,38,-18.5,80.51,0
2024-05-24,Food Supplies,kg,42,-19.9,76.36,0
2024-05-25,Food Supplies,kg,44,-19.2,91.42,0
2024-05-26,Food Supplies,kg,38,-20.1,81.88,0
2024-05-27,Food Supplies,kg,39,-17.9,81.73,0
2024-05-28,Food Supplies,kg,43,-18.1,85.31,0
2024-05-29,Food Supplies,kg,44,-20.5,93.61,0
2024-05-30,Food Supplies,kg,29,-21.4,57.68,0
2024-05-31,Food Supplies,kg,42,-22.8,96.8,0
2024-06-01,Food Supplies,kg,31,-20.8,68.33,0
2024-06-02,Food Supplies,kg,38,-19.7,74.67,0
2024-06-03,Food Supplies,kg,34,-19.9,76.8,0
2024-06-04,Food Supplies,kg,36,-19.7,75.89,0
2024-06-05,Food Supplies,kg,37,-20.0,72.02,0
2024-06-06,Food Supplies,kg,38,-18.9,84.26,0
2024-06-07,Food Supplies,kg,41,-18.5,93.08,0
2024-06-08,Food Supplies,kg,32,-17.9,64.84,0
2024-06-09,Food Supplies,kg,39,-18.7,82.47,0
2024-06-10,Food Supplies,kg,35,-20.1,73.07,0
2024-06-11,Food Supplies,kg,34,-19.4,73.16,0
2024-06-12,Food Supplies,kg,40,-17.4,85.93,0
2024-06-13,Food Supplies,kg,37,-16.4,79.8,0
2024-06-14,Food Supplies,kg,29,-14.9,51.94,0
2024-06-15,Food Supplies,kg,34,-15.7,66.74,0
2024-06-16,Food Supplies,kg,32,-18.1,69.76,0
2024-06-17,Food Supplies,kg,32,-20.1,64.06,0
2024-06-18,Food Supplies,kg,33,-18.3,69.51,0
2024-06-19,Food Supplies,kg,34,-21.7,67.88,0
2024-06-20,Food Supplies,kg,29,-19.6,62.84,0
2024-06-21,Food Supplies,kg,32,-21.2,67.52,0
2024-06-22,Food Supplies,kg,31,-18.5,66.38,0
2024-06-23,Food Supplies,kg,33,-19.2,70.15,0
2024-06-24,Food Supplies,kg,32,-18.7,60.63,0
2024-06-25,Food Supplies,kg,35,-15.7,79.83,0
2024-06-26,Food Supplies,kg,32,-17.2,60.38,0
2024-06-27,Food Supplies,kg,33,-18.6,78.41,0
2024-06-28,Food Supplies,kg,32,-20.3,58.28,0
2024-06-29,Food Supplies,kg,28,-22.2,59.59,0
2024-06-30,Food Supplies,kg,30,-22.8,58.46,0
2024-07-01,Food Supplies,kg,29,-23.6,68.07,0
2024-07-02,Food Supplies,kg,33,-25.4,67.12,0
2024-07-03,Food Supplies,kg,33,-25.4,66.77,0
2024-07-04,Food Supplies,kg,30,-24.3,64.63,0
2024-07-05,Food Supplies,kg,31,-25.5,72.95,0
2024-07-06,Food Supplies,kg,26,-25.4,60.48,0
2024-07-07,Food Supplies,kg,29,-22.9,60.94,0
2024-07-08,Food Supplies,kg,23,-25.1,48.76,0
2024-07-09,Food Supplies,kg,33,-21.9,71.99,0
2024-07-10,Food Supplies,kg,37,-23.0,78.58,0
2024-07-11,Food Supplies,kg,28,-22.7,59.84,0
2024-07-12,Food Supplies,kg,31,-20.9,64.58,0
2024-07-13,Food Supplies,kg,31,-18.8,66.54,0
2024-07-14,Food Supplies,kg,27,-18.8,57.42,0
2024-07-15,Food Supplies,kg,30,-20.4,68.55,0
2024-07-16,Food Supplies,kg,31,-22.0,63.11,0
2024-07-17,Food Supplies,kg,31,-23.0,63.51,0
2024-07-18,Food Supplies,kg,30,-20.2,62.38,0
2024-07-19,Food Supplies,kg,29,-21.1,60.27,0
2024-07-20,Food Supplies,kg,28,-20.9,61.87,0
2024-07-21,Food Supplies,kg,32,-22.8,63.8,0
2024-07-22,Food Supplies,kg,35,-24.5,81.09,0
2024-07-23,Food Supplies,kg,24,-24.2,50.68,0
2024-07-24,Food Supplies,kg,24,-24.5,55.33,0
2024-07-25,Food Supplies,kg,27,-24.6,67.0,0
2024-07-26,Food Supplies,kg,29,-26.5,67.16,0
2024-07-27,Food Supplies,kg,30,-26.0,67.68,0
2024-07-28,Food Supplies,kg,31,-23.2,70.59,0
2024-07-29,Food Supplies,kg,31,-24.4,65.51,0
2024-07-30,Food Supplies,kg,31,-22.7,66.97,0
2024-07-31,Food Supplies,kg,35,-27.9,73.95,0
2024-08-01,Food Supplies,kg,28,-28.2,59.51,0
2024-08-02,Food Supplies,kg,34,-30.2,77.39,0
2024-08-03,Food Supplies,kg,37,-27.1,81.5,0
2024-08-04,Food Supplies,kg,27,-25.0,59.83,0
2024-08-05,Food Supplies,kg,26,-26.1,57.03,0
2024-08-06,Food Supplies,kg,33,-25.1,70.12,0
2024-08-07,Food Supplies,kg,34,-22.8,76.37,0
2024-08-08,Food Supplies,kg,33,-20.6,66.63,0
2024-08-09,Food Supplies,kg,26,-21.3,55.6,0
2024-08-10,Food Supplies,kg,28,-24.7,64.52,0
2024-08-11,Food Supplies,kg,32,-25.5,72.3,0
2024-08-12,Food Supplies,kg,35,-23.7,74.81,0
2024-08-13,Food Supplies,kg,32,-20.2,59.7,0
2024-08-14,Food Supplies,kg,34,-20.4,69.74,0
2024-08-15,Food Supplies,kg,35,-21.4,83.19,0
2024-08-16,Food Supplies,kg,37,-17.7,74.9,0
2024-08-17,Food Supplies,kg,31,-17.6,63.64,0
2024-08-18,Food Supplies,kg,35,-19.9,73.77,0
2024-08-19,Food Supplies,kg,39,-20.2,83.64,0
2024-08-20,Food Supplies,kg,33,-18.7,65.6,0
2024-08-21,Food Supplies,kg,34,-19.0,73.71,0
2024-08-22,Food Supplies,kg,36,-18.0,75.95,0
2024-08-23,Food Supplies,kg,33,-20.7,62.08,0
2024-08-24,Food Supplies,kg,33,-22.7,59.47,0
2024-08-25,Food Supplies,kg,36,-23.4,74.45,0
2024-08-26,Food Supplies,kg,37,-23.3,73.27,0
2024-08-27,Food Supplies,kg,40,-22.2,86.36,0
2024-08-28,Food Supplies,kg,35,-20.8,71.83,0
2024-08-29,Food Supplies,kg,38,-16.9,79.84,0
2024-08-30,Food Supplies,kg,42,-18.3,89.18,0
2024-08-31,Food Supplies,kg,43,-18.9,83.73,0
2024-09-01,Food Supplies,kg,39,-19.9,79.6,0
2024-09-02,Food Supplies,kg,40,-18.1,79.69,0
2024-09-03,Food Supplies,kg,38,-16.4,81.71,0
2024-09-04,Food Supplies,kg,42,-17.4,85.22,0
2024-09-05,Food Supplies,kg,46,-14.4,99.27,0
2024-09-06,Food Supplies,kg,45,-16.0,98.53,0
2024-09-07,Food Supplies,kg,42,-14.7,83.8,0
2024-09-08,Food Supplies,kg,43,-13.0,82.41,0
2024-09-09,Food Supplies,kg,40,-15.7,76.79,0
2024-09-10,Food Supplies,kg,40,-15.1,84.14,0
2024-09-11,Food Supplies,kg,42,-19.5,86.87,0
2024-09-12,Food Supplies,kg,45,-17.9,88.55,0
2024-09-13,Food Supplies,kg,47,-19.4,102.99,0
2024-09-14,Food Supplies,kg,45,-18.1,97.82,0
2024-09-15,Food Supplies,kg,47,-16.7,90.44,0
2024-09-16,Food Supplies,kg,38,-15.0,78.27,0
2024-09-17,Food Supplies,kg,47,-13.8,97.26,0
2024-09-18,Food Supplies,kg,45,-14.0,99.27,0
2024-09-19,Food Supplies,kg,43,-14.9,85.77,0
2024-09-20,Food Supplies,kg,49,-15.1,98.86,0
2024-09-21,Food Supplies,kg,52,-16.8,110.39,0
2024-09-22,Food Supplies,kg,49,-16.9,107.75,0
2024-09-23,Food Supplies,kg,52,-17.0,108.89,0
2024-09-24,Food Supplies,kg,48,-17.9,100.11,0
2024-09-25,Food Supplies,kg,56,-20.0,112.99,0
2024-09-26,Food Supplies,kg,46,-21.1,94.9,0
2024-09-27,Food Supplies,kg,51,-24.8,109.03,0
2024-09-28,Food Supplies,kg,54,-23.7,120.49,0
2024-09-29,Food Supplies,kg,52,-21.7,112.81,0
2024-09-30,Food Supplies,kg,57,-24.5,117.64,0
2024-10-01,Food Supplies,kg,47,-22.5,104.92,0
2024-10-02,Food Supplies,kg,53,-21.3,110.52,0
2024-10-03,Food Supplies,kg,53,-21.9,111.07,0
2024-10-04,Food Supplies,kg,54,-21.2,118.92,0
2024-10-05,Food Supplies,kg,50,-18.3,108.7,0
2024-10-06,Food Supplies,kg,55,-18.9,116.33,0
2024-10-07,Food Supplies,kg,55,-17.8,125.8,0
2024-10-08,Food Supplies,kg,57,-16.5,103.08,0
2024-10-09,Food Supplies,kg,60,-17.0,129.8,0
2024-10-10,Food Supplies,kg,58,-14.7,109.68,0
2024-10-11,Food Supplies,kg,59,-13.7,117.72,0
2024-10-12,Food Supplies,kg,62,-13.7,124.01,0
2024-10-13,Food Supplies,kg,63,-9.8,121.93,0
2024-10-14,Food Supplies,kg,52,-8.5,94.55,0
2024-10-15,Food Supplies,kg,63,-11.4,113.72,0
2024-10-16,Food Supplies,kg,63,-11.8,109.85,0
2024-10-17,Food Supplies,kg,60,-7.9,113.45,0
2024-10-18,Food Supplies,kg,60,-9.8,117.47,0
2024-10-19,Food Supplies,kg,59,-9.7,118.58,0
2024-10-20,Food Supplies,kg,57,-7.9,116.74,0
2024-10-21,Food Supplies,kg,66,-7.2,132.04,0
2024-10-22,Food Supplies,kg,66,-6.4,132.35,0
2024-10-23,Food Supplies,kg,64,-5.7,113.28,0
2024-10-24,Food Supplies,kg,67,-6.2,135.03,0
2024-10-25,Food Supplies,kg,68,-7.8,133.03,0
2024-10-26,Food Supplies,kg,60,-7.3,105.46,0
2024-10-27,Food Supplies,kg,67,-8.1,136.73,0
2024-10-28,Food Supplies,kg,66,-8.9,120.59,0
2024-10-29,Food Supplies,kg,69,-6.6,122.7,0
2024-10-30,Food Supplies,kg,68,-7.4,141.71,0
2024-10-31,Food Supplies,kg,71,-4.9,134.79,0
2024-11-01,Food Supplies,kg,64,-4.9,112.29,0
2024-11-02,Food Supplies,kg,73,-5.6,132.93,0
2024-11-03,Food Supplies,kg,68,-8.6,139.19,0
2024-11-04,Food Supplies,kg,70,-5.2,121.85,0
2024-11-05,Food Supplies,kg,65,-5.5,121.17,0
2024-11-06,Food Supplies,kg,71,-9.1,136.0,0
2024-11-07,Food Supplies,kg,72,-7.3,159.64,0
2024-11-08,Food Supplies,kg,72,-7.2,125.14,0
2024-11-09,Food Supplies,kg,70,-8.5,123.2,0
2024-11-10,Food Supplies,kg,69,-6.8,126.56,0
2024-11-11,Food Supplies,kg,75,-10.5,140.79,0
2024-11-12,Food Supplies,kg,69,-10.9,135.38,0
2024-11-13,Food Supplies,kg,77,-10.5,146.06,0
2024-11-14,Food Supplies,kg,80,-8.5,161.68,0
2024-11-15,Food Supplies,kg,82,-4.7,154.03,0
2024-11-16,Food Supplies,kg,73,-5.2,129.0,0
2024-11-17,Food Supplies,kg,78,-4.5,143.45,0
2024-11-18,Food Supplies,kg,75,-0.4,133.3,0
2024-11-19,Food Supplies,kg,81,-1.1,157.25,0
2024-11-20,Food Supplies,kg,79,-0.9,150.74,0
2024-11-21,Food Supplies,kg,77,-3.3,148.43,0
2024-11-22,Food Supplies,kg,76,-0.5,131.43,0
2024-11-23,Food Supplies,kg,78,-2.2,145.64,0
2024-11-24,Food Supplies,kg,77,-2.1,131.27,0
2024-11-25,Food Supplies,kg,79,-2.0,150.22,0
2024-11-26,Food Supplies,kg,80,-2.2,157.32,0
2024-11-27,Food Supplies,kg,79,-3.0,127.47,0
2024-11-28,Food Supplies,kg,79,-2.8,144.74,0
2024-11-29,Food Supplies,kg,83,-0.2,148.96,0
2024-11-30,Food Supplies,kg,84,2.7,159.56,0
2024-12-01,Food Supplies,kg,79,1.5,137.3,0
2024-12-02,Food Supplies,kg,82,0.2,142.39,0
2024-12-03,Food Supplies,kg,80,-1.5,147.29,0
2024-12-04,Food Supplies,kg,91,2.3,169.96,0
2024-12-05,Food Supplies,kg,80,1.7,145.95,0
2024-12-06,Food Supplies,kg,84,2.7,159.37,0
2024-12-07,Food Supplies,kg,85,3.0,159.51,0
2024-12-08,Food Supplies,kg,82,5.5,143.2,0
2024-12-09,Food Supplies,kg,82,3.9,147.99,0
2024-12-10,Food Supplies,kg,84,1.3,156.37,0
2024-12-11,Food Supplies,kg,82,3.6,140.77,0
2024-12-12,Food Supplies,kg,86,4.1,148.69,0
2024-12-13,Food Supplies,kg,83,3.8,136.52,0
2024-12-14,Food Supplies,kg,86,5.3,165.97,0
2024-12-15,Food Supplies,kg,80,5.0,162.93,0
2024-12-16,Food Supplies,kg,84,6.3,145.27,0
2024-12-17,Food Supplies,kg,85,5.5,158.5,0
2024-12-18,Food Supplies,kg,90,5.7,174.37,0
2024-12-19,Food Supplies,kg,82,5.4,137.47,0
2024-12-20,Food Supplies,kg,90,3.9,165.62,0
2024-12-21,Food Supplies,kg,89,2.8,173.2,0
2024-12-22,Food Supplies,kg,82,1.6,145.5,0
2024-12-23,Food Supplies,kg,89,1.5,159.71,0
2024-12-24,Food Supplies,kg,85,0.4,165.96,0
2024-12-25,Food Supplies,kg,90,0.8,158.19,0
2024-12-26,Food Supplies,kg,90,1.1,156.73,0
2024-12-27,Food Supplies,kg,91,1.1,162.31,0
2024-12-28,Food Supplies,kg,87,1.1,174.04,0
2024-12-29,Food Supplies,kg,91,-0.1,172.14,0
2024-12-30,Food Supplies,kg,94,-0.7,176.04,0
2024-12-31,Food Supplies,kg,88,-3.2,380.49,1
2025-01-01,Food Supplies,kg,89,-3.1,153.59,0
2025-01-02,Food Supplies,kg,91,-4.3,175.6,0
2025-01-03,Food Supplies,kg,81,-3.6,146.61,0
2025-01-04,Food Supplies,kg,87,-4.3,160.63,0
2025-01-05,Food Supplies,kg,93,-6.9,174.61,0
2025-01-06,Food Supplies,kg,90,-2.6,175.3,0
2025-01-07,Food Supplies,kg,89,-2.7,182.23,0
2025-01-08,Food Supplies,kg,87,-0.3,148.97,0
2025-01-09,Food Supplies,kg,90,-1.2,174.7,0
2025-01-10,Food Supplies,kg,88,1.4,157.63,0
2025-01-11,Food Supplies,kg,85,-0.7,161.81,0
2025-01-12,Food Supplies,kg,94,-0.4,173.86,0
2025-01-13,Food Supplies,kg,88,-2.2,156.26,0
2025-01-14,Food Supplies,kg,89,1.9,155.16,0
2025-01-15,Food Supplies,kg,85,1.1,152.02,0
2025-01-16,Food Supplies,kg,88,2.0,162.84,0
2025-01-17,Food Supplies,kg,93,2.2,173.48,0
2025-01-18,Food Supplies,kg,93,1.7,198.34,0
2025-01-19,Food Supplies,kg,90,2.1,362.51,1
2025-01-20,Food Supplies,kg,88,3.6,147.14,0
2025-01-21,Food Supplies,kg,90,3.9,175.33,0
2025-01-22,Food Supplies,kg,91,3.4,170.79,0
2025-01-23,Food Supplies,kg,85,3.5,152.57,0
2025-01-24,Food Supplies,kg,90,5.6,152.35,0
2025-01-25,Food Supplies,kg,92,4.0,163.99,0
2025-01-26,Food Supplies,kg,89,0.4,172.57,0
2025-01-27,Food Supplies,kg,89,-1.5,168.11,0
2025-01-28,Food Supplies,kg,87,-3.1,174.68,0
2025-01-29,Food Supplies,kg,90,-4.2,181.72,0
2025-01-30,Food Supplies,kg,94,-5.1,179.51,0
2025-01-31,Food Supplies,kg,93,-4.6,141.98,0
2025-02-01,Food Supplies,kg,87,-3.8,153.75,0
2025-02-02,Food Supplies,kg,87,-3.1,146.76,0
2025-02-03,Food Supplies,kg,93,-4.1,188.8,0
2025-02-04,Food Supplies,kg,90,-2.3,171.22,0
2025-02-05,Food Supplies,kg,90,-1.4,162.82,0
2025-02-06,Food Supplies,kg,82,0.8,144.0,0
2025-02-07,Food Supplies,kg,90,1.6,173.65,0
2025-02-08,Food Supplies,kg,87,0.5,149.23,0
2025-02-09,Food Supplies,kg,88,2.0,282.47,1
2025-02-10,Food Supplies,kg,85,1.8,141.4,0
2025-02-11,Food Supplies,kg,92,2.3,167.79,0
2025-02-12,Food Supplies,kg,84,2.6,144.83,0
2025-02-13,Food Supplies,kg,92,1.6,176.62,0
2025-02-14,Food Supplies,kg,86,1.1,155.68,0
2025-02-15,Food Supplies,kg,85,0.3,141.09,0
2025-02-16,Food Supplies,kg,83,-1.5,149.86,0
2025-02-17,Food Supplies,kg,84,-5.0,148.88,0
2025-02-18,Food Supplies,kg,84,-5.8,157.82,0
2025-02-19,Food Supplies,kg,85,-5.2,170.56,0
2025-02-20,Food Supplies,kg,86,-3.3,158.15,0
2025-02-21,Food Supplies,kg,83,-2.2,146.62,0
2025-02-22,Food Supplies,kg,85,-2.9,161.4,0
2025-02-23,Food Supplies,kg,87,-4.1,158.28,0
2025-02-24,Food Supplies,kg,86,-4.4,166.06,0
2025-02-25,Food Supplies,kg,85,-5.8,163.9,0
2025-02-26,Food Supplies,kg,84,-8.8,152.27,0
2025-02-27,Food Supplies,kg,79,-10.5,142.62,0
2025-02-28,Food Supplies,kg,82,-7.5,153.6,0
2025-03-01,Food Supplies,kg,78,-4.4,149.48,0
2025-03-02,Food Supplies,kg,84,-3.3,171.89,0
2025-03-03,Food Supplies,kg,82,-3.7,142.21,0
2025-03-04,Food Supplies,kg,84,-6.0,149.43,0
2025-03-05,Food Supplies,kg,83,-6.2,166.5,0
2025-03-06,Food Supplies,kg,81,-5.2,154.08,0
2025-03-07,Food Supplies,kg,77,-4.0,141.91,0
2025-03-08,Food Supplies,kg,72,-3.3,138.76,0
2025-03-09,Food Supplies,kg,80,-1.9,157.48,0
2025-03-10,Food Supplies,kg,77,0.4,147.61,0
2025-03-11,Food Supplies,kg,80,-1.3,139.76,0
2025-03-12,Food Supplies,kg,79,2.1,146.34,0
2025-03-13,Food Supplies,kg,78,-2.2,152.96,0
2025-03-14,Food Supplies,kg,77,-4.1,141.05,0
2025-03-15,Food Supplies,kg,71,-4.3,135.52,0
2025-03-16,Food Supplies,kg,79,-3.9,141.88,0
2025-03-17,Food Supplies,kg,71,-4.7,125.39,0
2025-03-18,Food Supplies,kg,73,-5.9,141.41,0
2025-03-19,Food Supplies,kg,73,-2.9,142.28,0
2025-03-20,Food Supplies,kg,74,-4.4,144.61,0
2025-03-21,Food Supplies,kg,72,-6.5,125.8,0
2025-03-22,Food Supplies,kg,71,-4.3,143.01,0
2025-03-23,Food Supplies,kg,75,-3.6,144.17,0
2025-03-24,Food Supplies,kg,68,-2.7,133.91,0
2025-03-25,Food Supplies,kg,70,-3.4,122.64,0
2025-03-26,Food Supplies,kg,64,-6.3,127.53,0
2025-03-27,Food Supplies,kg,67,-6.6,132.29,0
2025-03-28,Food Supplies,kg,65,-9.3,116.62,0
2025-03-29,Food Supplies,kg,71,-9.0,141.13,0
2025-03-30,Food Supplies,kg,69,-8.1,124.57,0
2025-03-31,Food Supplies,kg,66,-6.8,125.86,0
2025-04-01,Food Supplies,kg,58,-7.4,126.39,0
2025-04-02,Food Supplies,kg,63,-6.8,122.11,0
2025-04-03,Food Supplies,kg,63,-8.7,120.94,0
2025-04-04,Food Supplies,kg,65,-7.5,113.46,0
2025-04-05,Food Supplies,kg,68,-7.0,132.01,0
2025-04-06,Food Supplies,kg,61,-8.9,117.01,0
2025-04-07,Food Supplies,kg,61,-8.4,103.51,0
2025-04-08,Food Supplies,kg,59,-7.3,105.49,0
2025-04-09,Food Supplies,kg,64,-7.8,129.41,0
2025-04-10,Food Supplies,kg,57,-9.6,119.48,0
2025-04-11,Food Supplies,kg,57,-9.7,111.49,0
2025-04-12,Food Supplies,kg,64,-9.3,131.77,0
2025-04-13,Food Supplies,kg,66,-11.0,130.03,0
2025-04-14,Food Supplies,kg,61,-12.8,116.04,0
2025-04-15,Food Supplies,kg,60,-12.0,134.48,0
2025-04-16,Food Supplies,kg,67,-10.9,120.54,0
2025-04-17,Food Supplies,kg,58,-8.0,114.35,0
2025-04-18,Food Supplies,kg,58,-7.8,107.03,0
2025-04-19,Food Supplies,kg,57,-10.5,110.28,0
2025-04-20,Food Supplies,kg,63,-7.9,132.55,0
2025-04-21,Food Supplies,kg,59,-7.3,113.16,0
2025-04-22,Food Supplies,kg,59,-11.3,114.02,0
2025-04-23,Food Supplies,kg,58,-13.3,112.19,0
2025-04-24,Food Supplies,kg,55,-14.2,114.41,0
2025-04-25,Food Supplies,kg,55,-13.0,103.53,0
2025-04-26,Food Supplies,kg,52,-16.9,107.29,0
2025-04-27,Food Supplies,kg,53,-16.8,107.79,0
2025-04-28,Food Supplies,kg,55,-15.4,106.42,0
2025-04-29,Food Supplies,kg,53,-19.7,101.39,0
2025-04-30,Food Supplies,kg,55,-17.9,113.87,0
2025-05-01,Food Supplies,kg,53,-16.3,105.87,0
2025-05-02,Food Supplies,kg,53,-17.5,110.66,0
2025-05-03,Food Supplies,kg,49,-19.1,88.86,0
2025-05-04,Food Supplies,kg,47,-19.9,95.76,0
2025-05-05,Food Supplies,kg,47,-23.4,105.98,0
2025-05-06,Food Supplies,kg,53,-22.9,102.16,0
2025-05-07,Food Supplies,kg,44,-21.7,103.78,0
2025-05-08,Food Supplies,kg,50,-22.8,109.16,0
2025-05-09,Food Supplies,kg,49,-20.5,102.2,0
2025-05-10,Food Supplies,kg,46,-19.9,96.98,0
2025-05-11,Food Supplies,kg,47,-19.1,92.92,0
2025-05-12,Food Supplies,kg,48,-19.5,108.78,0
2025-05-13,Food Supplies,kg,43,-18.2,89.97,0
2025-05-14,Food Supplies,kg,44,-16.2,90.17,0
2025-05-15,Food Supplies,kg,45,-17.1,97.98,0
2025-05-16,Food Supplies,kg,45,-16.1,93.92,0
2025-05-17,Food Supplies,kg,41,-15.3,79.78,0
2025-05-18,Food Supplies,kg,44,-15.2,89.0,0
2025-05-19,Food Supplies,kg,44,-13.2,90.89,0
2025-05-20,Food Supplies,kg,46,-15.2,93.56,0
2025-05-21,Food Supplies,kg,43,-16.4,80.82,0
2025-05-22,Food Supplies,kg,41,-18.0,91.85,0
2025-05-23,Food Supplies,kg,44,-17.1,91.25,0
2025-05-24,Food Supplies,kg,45,-17.9,90.76,0
2025-05-25,Food Supplies,kg,37,-19.2,80.12,0
2025-05-26,Food Supplies,kg,39,-16.8,77.58,0
2025-05-27,Food Supplies,kg,34,-14.5,62.28,0
2025-05-28,Food Supplies,kg,37,-15.9,75.33,0
2025-05-29,Food Supplies,kg,44,-18.6,197.04,1
2025-05-30,Food Supplies,kg,36,-16.0,72.18,0
2025-05-31,Food Supplies,kg,40,-16.0,80.39,0
2025-06-01,Food Supplies,kg,40,-16.0,80.6,0
2025-06-02,Food Supplies,kg,36,-16.6,73.22,0
2025-06-03,Food Supplies,kg,36,-18.4,75.26,0
2025-06-04,Food Supplies,kg,42,-19.4,91.83,0
2025-06-05,Food Supplies,kg,40,-18.6,86.66,0
2025-06-06,Food Supplies,kg,43,-19.7,100.84,0
2025-06-07,Food Supplies,kg,29,-19.3,66.78,0
2025-06-08,Food Supplies,kg,38,-19.6,75.32,0
2025-06-09,Food Supplies,kg,29,-21.4,60.51,0
2025-06-10,Food Supplies,kg,35,-19.0,75.97,0
2025-06-11,Food Supplies,kg,34,-18.5,62.95,0
2025-06-12,Food Supplies,kg,31,-18.5,137.91,1
2025-06-13,Food Supplies,kg,33,-18.2,64.79,0
2025-06-14,Food Supplies,kg,33,-21.4,69.59,0
2025-06-15,Food Supplies,kg,35,-22.2,74.5,0
2025-06-16,Food Supplies,kg,30,-24.5,57.95,0
2025-06-17,Food Supplies,kg,31,-24.0,76.39,0
2025-06-18,Food Supplies,kg,35,-23.2,72.52,0
2025-06-19,Food Supplies,kg,35,-22.9,81.23,0
2025-06-20,Food Supplies,kg,41,-21.0,78.04,0
2025-06-21,Food Supplies,kg,33,-23.5,68.03,0
2025-06-22,Food Supplies,kg,34,-24.5,76.88,0
2025-06-23,Food Supplies,kg,31,-23.6,65.53,0
2025-06-24,Food Supplies,kg,36,-23.1,80.64,0
2025-06-25,Food Supplies,kg,29,-25.0,65.17,0
2025-06-26,Food Supplies,kg,31,-22.8,62.85,0
2025-06-27,Food Supplies,kg,32,-20.5,72.12,0
2025-06-28,Food Supplies,kg,33,-20.2,71.53,0
2025-06-29,Food Supplies,kg,34,-22.9,66.28,0
2025-06-30,Food Supplies,kg,30,-22.6,64.29,0
2025-07-01,Food Supplies,kg,33,-22.2,72.83,0
2025-07-02,Food Supplies,kg,26,-22.7,55.08,0
2025-07-03,Food Supplies,kg,31,-20.7,65.36,0
2025-07-04,Food Supplies,kg,25,-21.2,54.27,0
2025-07-05,Food Supplies,kg,30,-18.3,55.96,0
2025-07-06,Food Supplies,kg,38,-17.9,77.41,0
2025-07-07,Food Supplies,kg,31,-18.2,62.62,0
2025-07-08,Food Supplies,kg,29,-17.6,62.37,0
2025-07-09,Food Supplies,kg,31,-16.1,60.98,0
2025-07-10,Food Supplies,kg,30,-15.8,68.05,0
2025-07-11,Food Supplies,kg,26,-17.0,51.4,0
2025-07-12,Food Supplies,kg,24,-18.9,46.46,0
2025-07-13,Food Supplies,kg,30,-21.2,67.93,0
2025-07-14,Food Supplies,kg,29,-25.1,65.03,0
2025-07-15,Food Supplies,kg,29,-24.6,64.02,0
2025-07-16,Food Supplies,kg,32,-24.9,68.17,0
2025-07-17,Food Supplies,kg,34,-25.1,72.04,0
2025-07-18,Food Supplies,kg,32,-23.3,70.32,0
2025-07-19,Food Supplies,kg,29,-23.4,59.95,0
2025-07-20,Food Supplies,kg,30,-20.5,69.66,0
2025-07-21,Food Supplies,kg,33,-21.7,70.8,0
2025-07-22,Food Supplies,kg,33,-23.3,69.43,0
2025-07-23,Food Supplies,kg,32,-25.1,67.54,0
2025-07-24,Food Supplies,kg,29,-23.7,57.65,0
2025-07-25,Food Supplies,kg,33,-21.8,72.81,0
2025-07-26,Food Supplies,kg,34,-22.8,69.03,0
2025-07-27,Food Supplies,kg,33,-24.4,70.45,0
2025-07-28,Food Supplies,kg,39,-21.8,95.04,0
2025-07-29,Food Supplies,kg,33,-24.1,63.18,0
2025-07-30,Food Supplies,kg,34,-22.4,71.74,0
2025-07-31,Food Supplies,kg,33,-23.2,64.64,0
2025-08-01,Food Supplies,kg,31,-22.5,63.72,0
2025-08-02,Food Supplies,kg,28,-20.8,58.28,0
2025-08-03,Food Supplies,kg,29,-20.3,123.46,1
2025-08-04,Food Supplies,kg,29,-21.0,62.47,0
2025-08-05,Food Supplies,kg,28,-19.1,63.22,0
2025-08-06,Food Supplies,kg,31,-19.1,65.61,0
2025-08-07,Food Supplies,kg,32,-14.0,67.28,0
2025-08-08,Food Supplies,kg,36,-17.7,81.18,0
2025-08-09,Food Supplies,kg,29,-20.9,63.15,0
2025-08-10,Food Supplies,kg,35,-19.5,62.54,0
2025-08-11,Food Supplies,kg,34,-19.9,71.71,0
2025-08-12,Food Supplies,kg,34,-18.9,59.88,0
2025-08-13,Food Supplies,kg,33,-20.9,66.33,0
2025-08-14,Food Supplies,kg,40,-20.9,76.48,0
2025-08-15,Food Supplies,kg,31,-20.2,65.88,0
2025-08-16,Food Supplies,kg,32,-21.2,63.74,0
2025-08-17,Food Supplies,kg,35,-20.8,74.81,0
2025-08-18,Food Supplies,kg,36,-22.8,80.21,0
2025-08-19,Food Supplies,kg,36,-21.9,71.77,0
2025-08-20,Food Supplies,kg,35,-19.5,73.93,0
2025-08-21,Food Supplies,kg,37,-21.5,65.79,0
2025-08-22,Food Supplies,kg,38,-23.3,73.88,0
2025-08-23,Food Supplies,kg,36,-21.0,81.44,0
2025-08-24,Food Supplies,kg,42,-22.8,84.66,0
2025-08-25,Food Supplies,kg,38,-21.1,77.43,0
2025-08-26,Food Supplies,kg,36,-20.8,71.87,0
2025-08-27,Food Supplies,kg,41,-21.3,163.25,1
2025-08-28,Food Supplies,kg,32,-18.8,62.15,0
2025-08-29,Food Supplies,kg,35,-17.5,71.8,0
2025-08-30,Food Supplies,kg,38,-17.3,76.07,0
2025-08-31,Food Supplies,kg,35,-20.8,78.22,0
2025-09-01,Food Supplies,kg,42,-19.5,84.15,0
2025-09-02,Food Supplies,kg,42,-21.0,88.24,0
2025-09-03,Food Supplies,kg,45,-20.9,91.46,0
2025-09-04,Food Supplies,kg,39,-20.6,86.35,0
2025-09-05,Food Supplies,kg,42,-17.4,78.72,0
2025-09-06,Food Supplies,kg,45,-17.9,95.25,0
2025-09-07,Food Supplies,kg,42,-20.0,206.21,1
2025-09-08,Food Supplies,kg,45,-17.5,87.79,0
2025-09-09,Food Supplies,kg,42,-16.4,85.01,0
2025-09-10,Food Supplies,kg,47,-15.4,97.23,0
2025-09-11,Food Supplies,kg,41,-13.5,78.38,0
2025-09-12,Food Supplies,kg,39,-11.4,73.33,0
2025-09-13,Food Supplies,kg,43,-13.6,79.49,0
2025-09-14,Food Supplies,kg,44,-16.2,100.32,0
2025-09-15,Food Supplies,kg,46,-15.0,90.14,0
2025-09-16,Food Supplies,kg,47,-15.6,88.16,0
2025-09-17,Food Supplies,kg,44,-16.0,79.86,0
2025-09-18,Food Supplies,kg,43,-17.7,84.1,0
2025-09-19,Food Supplies,kg,52,-16.5,107.65,0
2025-09-20,Food Supplies,kg,47,-15.8,93.83,0
2025-09-21,Food Supplies,kg,46,-16.0,95.36,0
2025-09-22,Food Supplies,kg,49,-18.0,105.23,0
2025-09-23,Food Supplies,kg,46,-15.8,92.42,0
2025-09-24,Food Supplies,kg,47,-15.3,94.23,0
2025-09-25,Food Supplies,kg,52,-13.5,113.45,0
2025-09-26,Food Supplies,kg,47,-16.9,100.28,0
2025-09-27,Food Supplies,kg,46,-16.4,95.82,0
2025-09-28,Food Supplies,kg,50,-17.2,100.28,0
2025-09-29,Food Supplies,kg,52,-16.7,110.4,0
2025-09-30,Food Supplies,kg,56,-14.8,115.12,0
2025-10-01,Food Supplies,kg,53,-14.1,108.17,0
2025-10-02,Food Supplies,kg,55,-14.0,114.83,0
2025-10-03,Food Supplies,kg,50,-13.9,101.96,0
2025-10-04,Food Supplies,kg,55,-16.1,101.56,0
2025-10-05,Food Supplies,kg,51,-17.0,104.63,0
2025-10-06,Food Supplies,kg,58,-14.7,108.87,0
2025-10-07,Food Supplies,kg,56,-15.1,117.27,0
2025-10-08,Food Supplies,kg,56,-13.0,100.81,0
2025-10-09,Food Supplies,kg,58,-11.7,113.96,0
2025-10-10,Food Supplies,kg,56,-10.4,109.57,0
2025-10-11,Food Supplies,kg,56,-10.1,101.45,0
2025-10-12,Food Supplies,kg,55,-11.0,107.19,0
2025-10-13,Food Supplies,kg,64,-11.3,131.4,0
2025-10-14,Food Supplies,kg,58,-10.3,109.23,0
2025-10-15,Food Supplies,kg,59,-13.6,119.8,0
2025-10-16,Food Supplies,kg,62,-11.3,125.4,0
2025-10-17,Food Supplies,kg,61,-12.0,112.63,0
2025-10-18,Food Supplies,kg,54,-11.9,106.72,0
2025-10-19,Food Supplies,kg,68,-11.8,132.26,0
2025-10-20,Food Supplies,kg,61,-11.6,119.88,0
2025-10-21,Food Supplies,kg,60,-13.3,107.99,0
2025-10-22,Food Supplies,kg,63,-12.6,114.29,0
2025-10-23,Food Supplies,kg,62,-11.2,130.5,0
2025-10-24,Food Supplies,kg,63,-14.0,131.82,0
2025-10-25,Food Supplies,kg,65,-15.2,132.96,0
2025-10-26,Food Supplies,kg,60,-13.0,125.68,0
2025-10-27,Food Supplies,kg,68,-11.3,122.85,0
2025-10-28,Food Supplies,kg,69,-10.4,132.7,0
2025-10-29,Food Supplies,kg,62,-11.2,119.26,0
2025-10-30,Food Supplies,kg,69,-9.7,127.65,0
2025-10-31,Food Supplies,kg,65,-11.2,118.81,0
2025-11-01,Food Supplies,kg,67,-10.9,141.47,0
2025-11-02,Food Supplies,kg,70,-12.4,133.27,0
2025-11-03,Food Supplies,kg,72,-11.9,145.78,0
2025-11-04,Food Supplies,kg,71,-12.8,143.7,0
2025-11-05,Food Supplies,kg,66,-10.8,137.16,0
2025-11-06,Food Supplies,kg,71,-9.6,143.68,0
2025-11-07,Food Supplies,kg,73,-10.1,139.4,0
2025-11-08,Food Supplies,kg,69,-7.9,122.03,0
2025-11-09,Food Supplies,kg,70,-9.2,142.52,0
2025-11-10,Food Supplies,kg,72,-8.8,148.89,0
2025-11-11,Food Supplies,kg,75,-9.3,166.48,0
2025-11-12,Food Supplies,kg,72,-7.7,145.66,0
2025-11-13,Food Supplies,kg,75,-6.5,136.58,0
2025-11-14,Food Supplies,kg,71,-4.4,128.26,0
2025-11-15,Food Supplies,kg,76,-4.5,124.07,0
2025-11-16,Food Supplies,kg,70,-9.1,128.59,0
2025-11-17,Food Supplies,kg,77,-9.1,137.37,0
2025-11-18,Food Supplies,kg,79,-6.2,154.52,0
2025-11-19,Food Supplies,kg,76,-6.5,152.18,0
2025-11-20,Food Supplies,kg,79,-9.1,173.22,0
2025-11-21,Food Supplies,kg,78,-7.8,176.79,0
2025-11-22,Food Supplies,kg,74,-6.5,142.22,0
2025-11-23,Food Supplies,kg,75,-7.3,137.89,0
2025-11-24,Food Supplies,kg,78,-7.2,145.0,0
2025-11-25,Food Supplies,kg,79,-8.0,145.02,0
2025-11-26,Food Supplies,kg,77,-6.6,166.44,0
2025-11-27,Food Supplies,kg,76,-6.1,119.63,0
2025-11-28,Food Supplies,kg,72,-7.5,150.73,0
2025-11-29,Food Supplies,kg,86,-7.0,154.31,0
2025-11-30,Food Supplies,kg,86,-7.5,160.24,0
2025-12-01,Food Supplies,kg,79,-4.7,124.7,0
2025-12-02,Food Supplies,kg,77,-3.2,151.15,0
2025-12-03,Food Supplies,kg,87,-3.3,168.38,0
2025-12-04,Food Supplies,kg,76,-3.2,131.1,0
2025-12-05,Food Supplies,kg,86,-1.6,167.2,0
2025-12-06,Food Supplies,kg,85,-2.1,164.11,0
2025-12-07,Food Supplies,kg,82,-1.0,144.05,0
2025-12-08,Food Supplies,kg,88,1.0,138.89,0
2025-12-09,Food Supplies,kg,82,-0.3,146.01,0
2025-12-10,Food Supplies,kg,87,1.9,166.39,0
2025-12-11,Food Supplies,kg,84,3.3,142.9,0
2025-12-12,Food Supplies,kg,81,2.8,155.26,0
2025-12-13,Food Supplies,kg,91,1.4,155.34,0
2025-12-14,Food Supplies,kg,83,1.2,148.59,0
2025-12-15,Food Supplies,kg,85,0.4,146.24,0
2025-12-16,Food Supplies,kg,89,-1.1,163.13,0
2025-12-17,Food Supplies,kg,90,-0.4,170.53,0
2025-12-18,Food Supplies,kg,83,-2.2,166.9,0
2025-12-19,Food Supplies,kg,91,-2.6,169.3,0
2025-12-20,Food Supplies,kg,87,-2.9,145.25,0
2025-12-21,Food Supplies,kg,87,-4.8,168.78,0
2025-12-22,Food Supplies,kg,87,-3.3,157.86,0
2025-12-23,Food Supplies,kg,88,-3.4,159.59,0
2025-12-24,Food Supplies,kg,83,-1.1,151.67,0
2025-12-25,Food Supplies,kg,89,-1.5,167.56,0
2025-12-26,Food Supplies,kg,89,-2.1,158.85,0
2025-12-27,Food Supplies,kg,87,-3.3,166.34,0
2025-12-28,Food Supplies,kg,89,-2.9,167.9,0
2025-12-29,Food Supplies,kg,88,-2.6,167.34,0
2025-12-30,Food Supplies,kg,89,-1.3,170.41,0
2025-12-31,Food Supplies,kg,90,-1.1,141.79,0
2021-01-01,Diesel Fuel,L,86,-1.3,324.74,0
2021-01-02,Diesel Fuel,L,90,-0.8,338.5,0
2021-01-03,Diesel Fuel,L,89,-1.9,318.34,0
2021-01-04,Diesel Fuel,L,95,-0.4,351.45,0
2021-01-05,Diesel Fuel,L,91,0.9,286.17,0
2021-01-06,Diesel Fuel,L,95,1.5,350.24,0
2021-01-07,Diesel Fuel,L,88,0.6,320.43,0
2021-01-08,Diesel Fuel,L,89,0.8,342.27,0
2021-01-09,Diesel Fuel,L,88,2.6,269.55,0
2021-01-10,Diesel Fuel,L,93,2.8,351.43,0
2021-01-11,Diesel Fuel,L,93,0.0,300.69,0
2021-01-12,Diesel Fuel,L,91,-1.1,350.88,0
2021-01-13,Diesel Fuel,L,90,-2.1,310.23,0
2021-01-14,Diesel Fuel,L,91,-3.0,337.71,0
2021-01-15,Diesel Fuel,L,86,-5.9,316.78,0
2021-01-16,Diesel Fuel,L,89,-2.3,344.17,0
2021-01-17,Diesel Fuel,L,89,-3.5,327.79,0
2021-01-18,Diesel Fuel,L,90,-4.3,358.41,0
2021-01-19,Diesel Fuel,L,88,-6.7,309.58,0
2021-01-20,Diesel Fuel,L,87,-4.6,300.51,0
2021-01-21,Diesel Fuel,L,85,-4.2,303.06,0
2021-01-22,Diesel Fuel,L,91,-4.3,342.5,0
2021-01-23,Diesel Fuel,L,86,-4.3,330.75,0
2021-01-24,Diesel Fuel,L,93,-2.9,308.46,0
2021-01-25,Diesel Fuel,L,91,-3.4,312.86,0
2021-01-26,Diesel Fuel,L,92,-6.1,338.81,0
2021-01-27,Diesel Fuel,L,87,-7.3,345.35,0
2021-01-28,Diesel Fuel,L,95,-8.5,326.85,0
2021-01-29,Diesel Fuel,L,96,-7.0,313.72,0
2021-01-30,Diesel Fuel,L,89,-4.8,344.89,0
2021-01-31,Diesel Fuel,L,90,-2.2,292.51,0
2021-02-01,Diesel Fuel,L,89,-4.6,335.77,0
2021-02-02,Diesel Fuel,L,92,-3.2,288.78,0
2021-02-03,Diesel Fuel,L,91,-3.9,327.44,0
2021-02-04,Diesel Fuel,L,83,0.7,302.65,0
2021-02-05,Diesel Fuel,L,86,2.4,301.55,0
2021-02-06,Diesel Fuel,L,89,4.3,351.55,0
2021-02-07,Diesel Fuel,L,90,4.5,324.37,0
2021-02-08,Diesel Fuel,L,88,4.0,317.96,0
2021-02-09,Diesel Fuel,L,82,2.5,302.07,0
2021-02-10,Diesel Fuel,L,89,0.8,308.69,0
2021-02-11,Diesel Fuel,L,92,-0.9,367.44,0
2021-02-12,Diesel Fuel,L,80,-0.3,295.26,0
2021-02-13,Diesel Fuel,L,89,1.7,359.61,0
2021-02-14,Diesel Fuel,L,92,0.5,314.41,0
2021-02-15,Diesel Fuel,L,89,-1.2,324.38,0
2021-02-16,Diesel Fuel,L,85,-3.7,306.21,0
2021-02-17,Diesel Fuel,L,88,-3.3,306.82,0
2021-02-18,Diesel Fuel,L,85,-1.4,310.91,0
2021-02-19,Diesel Fuel,L,86,0.2,348.0,0
2021-02-20,Diesel Fuel,L,85,1.7,338.26,0
2021-02-21,Diesel Fuel,L,84,1.5,312.06,0
2021-02-22,Diesel Fuel,L,82,0.8,281.64,0
2021-02-23,Diesel Fuel,L,82,2.0,312.73,0
2021-02-24,Diesel Fuel,L,88,-0.6,311.21,0
2021-02-25,Diesel Fuel,L,81,-1.8,287.32,0
2021-02-26,Diesel Fuel,L,77,0.4,306.1,0
2021-02-27,Diesel Fuel,L,93,-2.0,308.28,0
2021-02-28,Diesel Fuel,L,80,-2.5,304.69,0
2021-03-01,Diesel Fuel,L,81,-1.9,313.19,0
2021-03-02,Diesel Fuel,L,80,-2.2,314.67,0
2021-03-03,Diesel Fuel,L,81,-0.9,281.24,0
2021-03-04,Diesel Fuel,L,78,0.7,327.01,0
2021-03-05,Diesel Fuel,L,84,0.5,625.96,1
2021-03-06,Diesel Fuel,L,79,1.6,299.12,0
2021-03-07,Diesel Fuel,L,76,-0.9,268.92,0
2021-03-08,Diesel Fuel,L,70,-1.9,264.3,0
2021-03-09,Diesel Fuel,L,82,1.1,299.7,0
2021-03-10,Diesel Fuel,L,77,2.9,293.78,0
2021-03-11,Diesel Fuel,L,79,-0.4,305.38,0
2021-03-12,Diesel Fuel,L,74,-1.4,281.39,0
2021-03-13,Diesel Fuel,L,77,-2.0,320.55,0
2021-03-14,Diesel Fuel,L,76,-2.1,285.85,0
2021-03-15,Diesel Fuel,L,79,-0.9,302.82,0
2021-03-16,Diesel Fuel,L,76,0.9,311.82,0
2021-03-17,Diesel Fuel,L,72,-0.3,273.05,0
2021-03-18,Diesel Fuel,L,82,0.3,281.08,0
2021-03-19,Diesel Fuel,L,75,0.0,282.26,0
2021-03-20,Diesel Fuel,L,71,-1.2,295.6,0
2021-03-21,Diesel Fuel,L,74,-4.8,289.69,0
2021-03-22,Diesel Fuel,L,74,-3.8,299.92,0
2021-03-23,Diesel Fuel,L,74,-3.6,265.41,0
2021-03-24,Diesel Fuel,L,73,-3.8,258.07,0
2021-03-25,Diesel Fuel,L,72,-6.0,293.93,0
2021-03-26,Diesel Fuel,L,73,-3.5,291.73,0
2021-03-27,Diesel Fuel,L,72,-4.2,267.92,0
2021-03-28,Diesel Fuel,L,72,-6.7,264.66,0
2021-03-29,Diesel Fuel,L,64,-9.1,262.84,0
2021-03-30,Diesel Fuel,L,64,-8.2,264.52,0
2021-03-31,Diesel Fuel,L,66,-7.4,250.11,0
2021-04-01,Diesel Fuel,L,67,-8.5,271.47,0
2021-04-02,Diesel Fuel,L,65,-8.1,244.32,0
2021-04-03,Diesel Fuel,L,64,-7.4,254.9,0
2021-04-04,Diesel Fuel,L,67,-7.7,250.89,0
2021-04-05,Diesel Fuel,L,63,-9.3,261.38,0
2021-04-06,Diesel Fuel,L,58,-8.1,241.02,0
2021-04-07,Diesel Fuel,L,61,-7.3,278.67,0
2021-04-08,Diesel Fuel,L,62,-7.1,264.9,0
2021-04-09,Diesel Fuel,L,63,-9.0,242.29,0
2021-04-10,Diesel Fuel,L,66,-11.5,285.83,0
2021-04-11,Diesel Fuel,L,64,-11.4,262.92,0
2021-04-12,Diesel Fuel,L,56,-10.2,257.47,0
2021-04-13,Diesel Fuel,L,66,-9.0,249.31,0
2021-04-14,Diesel Fuel,L,61,-8.6,267.39,0
2021-04-15,Diesel Fuel,L,61,-9.9,290.22,0
2021-04-16,Diesel Fuel,L,60,-11.6,265.36,0
2021-04-17,Diesel Fuel,L,57,-11.9,240.23,0
2021-04-18,Diesel Fuel,L,61,-12.1,276.82,0
2021-04-19,Diesel Fuel,L,53,-10.7,229.25,0
2021-04-20,Diesel Fuel,L,62,-11.9,268.91,0
2021-04-21,Diesel Fuel,L,58,-12.8,285.76,0
2021-04-22,Diesel Fuel,L,58,-9.9,242.37,0
2021-04-23,Diesel Fuel,L,58,-8.2,258.42,0
2021-04-24,Diesel Fuel,L,55,-10.5,273.33,0
2021-04-25,Diesel Fuel,L,59,-8.9,268.29,0
2021-04-26,Diesel Fuel,L,53,-11.5,249.53,0
2021-04-27,Diesel Fuel,L,51,-12.7,206.93,0
2021-04-28,Diesel Fuel,L,54,-13.6,518.35,1
2021-04-29,Diesel Fuel,L,49,-14.0,241.97,0
2021-04-30,Diesel Fuel,L,51,-13.3,230.38,0
2021-05-01,Diesel Fuel,L,53,-13.5,232.57,0
2021-05-02,Diesel Fuel,L,54,-12.9,259.13,0
2021-05-03,Diesel Fuel,L,51,-14.0,244.24,0
2021-05-04,Diesel Fuel,L,48,-13.8,216.26,0
2021-05-05,Diesel Fuel,L,49,-14.1,240.54,0
2021-05-06,Diesel Fuel,L,48,-16.6,214.85,0
2021-05-07,Diesel Fuel,L,49,-15.9,208.34,0
2021-05-08,Diesel Fuel,L,47,-15.9,229.7,0
2021-05-09,Diesel Fuel,L,46,-17.2,206.54,0
2021-05-10,Diesel Fuel,L,45,-17.8,204.13,0
2021-05-11,Diesel Fuel,L,42,-18.4,200.38,0
2021-05-12,Diesel Fuel,L,50,-18.7,235.56,0
2021-05-13,Diesel Fuel,L,49,-15.9,241.09,0
2021-05-14,Diesel Fuel,L,43,-13.1,211.18,0
2021-05-15,Diesel Fuel,L,48,-17.9,211.58,0
2021-05-16,Diesel Fuel,L,45,-17.3,205.64,0
2021-05-17,Diesel Fuel,L,41,-16.0,190.84,0
2021-05-18,Diesel Fuel,L,41,-16.7,219.7,0
2021-05-19,Diesel Fuel,L,44,-15.6,205.97,0
2021-05-20,Diesel Fuel,L,46,-13.7,225.38,0
2021-05-21,Diesel Fuel,L,45,-16.5,196.45,0
2021-05-22,Diesel Fuel,L,41,-16.7,226.68,0
2021-05-23,Diesel Fuel,L,44,-14.2,217.35,0
2021-05-24,Diesel Fuel,L,41,-16.9,190.72,0
2021-05-25,Diesel Fuel,L,39,-17.4,198.26,0
2021-05-26,Diesel Fuel,L,44,-18.5,220.65,0
2021-05-27,Diesel Fuel,L,41,-17.1,199.4,0
2021-05-28,Diesel Fuel,L,42,-15.8,217.52,0
2021-05-29,Diesel Fuel,L,37,-16.2,216.07,0
2021-05-30,Diesel Fuel,L,38,-16.8,214.36,0
2021-05-31,Diesel Fuel,L,42,-19.9,213.22,0
2021-06-01,Diesel Fuel,L,38,-17.9,220.82,0
2021-06-02,Diesel Fuel,L,38,-18.8,205.86,0
2021-06-03,Diesel Fuel,L,35,-19.3,194.64,0
2021-06-04,Diesel Fuel,L,38,-18.1,202.13,0
2021-06-05,Diesel Fuel,L,34,-18.2,194.53,0
2021-06-06,Diesel Fuel,L,38,-17.2,208.53,0
2021-06-07,Diesel Fuel,L,34,-16.9,182.92,0
2021-06-08,Diesel Fuel,L,36,-17.2,211.81,0
2021-06-09,Diesel Fuel,L,41,-17.4,227.07,0
2021-06-10,Diesel Fuel,L,37,-19.7,231.02,0
2021-06-11,Diesel Fuel,L,34,-20.2,173.76,0
2021-06-12,Diesel Fuel,L,38,-18.8,203.88,0
2021-06-13,Diesel Fuel,L,33,-20.6,182.13,0
2021-06-14,Diesel Fuel,L,32,-21.9,196.43,0
2021-06-15,Diesel Fuel,L,33,-23.2,205.82,0
2021-06-16,Diesel Fuel,L,37,-22.8,202.1,0
2021-06-17,Diesel Fuel,L,37,-20.6,197.6,0
2021-06-18,Diesel Fuel,L,32,-20.0,183.4,0
2021-06-19,Diesel Fuel,L,32,-23.6,187.17,0
2021-06-20,Diesel Fuel,L,34,-22.5,198.6,0
2021-06-21,Diesel Fuel,L,40,-23.1,213.86,0
2021-06-22,Diesel Fuel,L,32,-22.3,206.26,0
2021-06-23,Diesel Fuel,L,37,-22.5,199.76,0
2021-06-24,Diesel Fuel,L,33,-23.8,202.5,0
2021-06-25,Diesel Fuel,L,35,-23.8,186.47,0
2021-06-26,Diesel Fuel,L,35,-24.3,182.09,0
2021-06-27,Diesel Fuel,L,32,-23.6,201.01,0
2021-06-28,Diesel Fuel,L,31,-24.8,191.9,0
2021-06-29,Diesel Fuel,L,31,-26.2,181.57,0
2021-06-30,Diesel Fuel,L,32,-24.6,179.33,0
2021-07-01,Diesel Fuel,L,35,-22.7,191.43,0
2021-07-02,Diesel Fuel,L,35,-21.8,199.51,0
2021-07-03,Diesel Fuel,L,34,-23.0,196.46,0
2021-07-04,Diesel Fuel,L,29,-24.1,166.47,0
2021-07-05,Diesel Fuel,L,29,-25.0,168.51,0
2021-07-06,Diesel Fuel,L,28,-23.3,181.22,0
2021-07-07,Diesel Fuel,L,31,-24.5,193.95,0
2021-07-08,Diesel Fuel,L,33,-23.0,183.08,0
2021-07-09,Diesel Fuel,L,29,-22.0,166.58,0
2021-07-10,Diesel Fuel,L,30,-20.3,184.76,0
2021-07-11,Diesel Fuel,L,32,-19.1,164.17,0
2021-07-12,Diesel Fuel,L,29,-18.9,177.53,0
2021-07-13,Diesel Fuel,L,29,-21.7,188.6,0
2021-07-14,Diesel Fuel,L,33,-21.0,189.13,0
2021-07-15,Diesel Fuel,L,30,-21.1,167.17,0
2021-07-16,Diesel Fuel,L,28,-22.0,195.9,0
2021-07-17,Diesel Fuel,L,30,-20.1,184.47,0
2021-07-18,Diesel Fuel,L,31,-20.8,189.32,0
2021-07-19,Diesel Fuel,L,38,-21.9,215.3,0
2021-07-20,Diesel Fuel,L,35,-20.4,194.71,0
2021-07-21,Diesel Fuel,L,40,-21.3,205.95,0
2021-07-22,Diesel Fuel,L,27,-22.4,190.27,0
2021-07-23,Diesel Fuel,L,34,-24.2,185.32,0
2021-07-24,Diesel Fuel,L,35,-25.2,208.37,0
2021-07-25,Diesel Fuel,L,30,-25.9,172.55,0
2021-07-26,Diesel Fuel,L,29,-24.5,174.47,0
2021-07-27,Diesel Fuel,L,33,-25.8,195.97,0
2021-07-28,Diesel Fuel,L,30,-28.1,201.26,0
2021-07-29,Diesel Fuel,L,27,-26.8,179.27,0
2021-07-30,Diesel Fuel,L,27,-27.1,162.8,0
2021-07-31,Diesel Fuel,L,26,-26.4,182.62,0
2021-08-01,Diesel Fuel,L,32,-23.9,180.81,0
2021-08-02,Diesel Fuel,L,33,-23.5,199.61,0
2021-08-03,Diesel Fuel,L,28,-21.1,182.66,0
2021-08-04,Diesel Fuel,L,33,-21.3,174.72,0
2021-08-05,Diesel Fuel,L,33,-19.9,195.97,0
2021-08-06,Diesel Fuel,L,33,-21.0,177.75,0
2021-08-07,Diesel Fuel,L,34,-21.0,210.23,0
2021-08-08,Diesel Fuel,L,33,-22.5,174.04,0
2021-08-09,Diesel Fuel,L,36,-23.6,197.89,0
2021-08-10,Diesel Fuel,L,35,-23.7,186.12,0
2021-08-11,Diesel Fuel,L,29,-25.3,197.99,0
2021-08-12,Diesel Fuel,L,39,-24.5,188.15,0
2021-08-13,Diesel Fuel,L,30,-24.5,210.8,0
2021-08-14,Diesel Fuel,L,33,-23.6,188.15,0
2021-08-15,Diesel Fuel,L,41,-25.2,205.34,0
2021-08-16,Diesel Fuel,L,36,-23.5,209.05,0
2021-08-17,Diesel Fuel,L,32,-20.6,189.05,0
2021-08-18,Diesel Fuel,L,36,-18.4,188.9,0
2021-08-19,Diesel Fuel,L,36,-15.9,189.58,0
2021-08-20,Diesel Fuel,L,36,-16.5,192.85,0
2021-08-21,Diesel Fuel,L,34,-17.6,185.93,0
2021-08-22,Diesel Fuel,L,32,-17.3,198.2,0
2021-08-23,Diesel Fuel,L,33,-18.1,192.58,0
2021-08-24,Diesel Fuel,L,34,-21.0,199.86,0
2021-08-25,Diesel Fuel,L,41,-19.6,206.3,0
2021-08-26,Diesel Fuel,L,33,-20.0,199.26,0
2021-08-27,Diesel Fuel,L,38,-22.1,196.04,0
2021-08-28,Diesel Fuel,L,42,-22.5,202.72,0
2021-08-29,Diesel Fuel,L,40,-22.3,203.16,0
2021-08-30,Diesel Fuel,L,43,-21.8,235.49,0
2021-08-31,Diesel Fuel,L,37,-21.4,194.99,0
2021-09-01,Diesel Fuel,L,41,-19.0,204.78,0
2021-09-02,Diesel Fuel,L,43,-20.9,219.64,0
2021-09-03,Diesel Fuel,L,43,-20.7,215.06,0
2021-09-04,Diesel Fuel,L,43,-21.7,202.78,0
2021-09-05,Diesel Fuel,L,37,-19.3,187.36,0
2021-09-06,Diesel Fuel,L,43,-20.0,226.38,0
2021-09-07,Diesel Fuel,L,43,-20.2,201.22,0
2021-09-08,Diesel Fuel,L,41,-18.3,222.62,0
2021-09-09,Diesel Fuel,L,40,-16.2,202.75,0
2021-09-10,Diesel Fuel,L,44,-14.2,187.7,0
2021-09-11,Diesel Fuel,L,40,-17.1,216.84,0
2021-09-12,Diesel Fuel,L,42,-16.4,223.83,0
2021-09-13,Diesel Fuel,L,47,-16.1,233.71,0
2021-09-14,Diesel Fuel,L,48,-16.3,221.94,0
2021-09-15,Diesel Fuel,L,46,-16.2,218.62,0
2021-09-16,Diesel Fuel,L,44,-14.3,212.16,0
2021-09-17,Diesel Fuel,L,42,-13.1,203.79,0
2021-09-18,Diesel Fuel,L,44,-12.2,221.41,0
2021-09-19,Diesel Fuel,L,51,-12.4,232.04,0
2021-09-20,Diesel Fuel,L,48,-9.5,220.7,0
2021-09-21,Diesel Fuel,L,47,-11.0,215.26,0
2021-09-22,Diesel Fuel,L,49,-14.1,232.4,0
2021-09-23,Diesel Fuel,L,51,-14.7,253.3,0
2021-09-24,Diesel Fuel,L,46,-14.6,224.68,0
2021-09-25,Diesel Fuel,L,48,-12.7,209.13,0
2021-09-26,Diesel Fuel,L,52,-13.8,237.32,0
2021-09-27,Diesel Fuel,L,51,-13.1,241.86,0
2021-09-28,Diesel Fuel,L,54,-15.5,253.29,0
2021-09-29,Diesel Fuel,L,54,-13.7,250.07,0
2021-09-30,Diesel Fuel,L,50,-13.6,234.59,0
2021-10-01,Diesel Fuel,L,42,-14.1,247.84,0
2021-10-02,Diesel Fuel,L,54,-10.8,224.65,0
2021-10-03,Diesel Fuel,L,50,-9.6,252.65,0
2021-10-04,Diesel Fuel,L,55,-11.7,252.7,0
2021-10-05,Diesel Fuel,L,59,-12.0,289.45,0
2021-10-06,Diesel Fuel,L,52,-8.0,215.91,0
2021-10-07,Diesel Fuel,L,57,-5.7,270.98,0
2021-10-08,Diesel Fuel,L,59,-5.4,277.73,0
2021-10-09,Diesel Fuel,L,58,-9.2,248.96,0
2021-10-10,Diesel Fuel,L,58,-7.6,238.16,0
2021-10-11,Diesel Fuel,L,51,-9.2,264.12,0
2021-10-12,Diesel Fuel,L,58,-7.6,238.55,0
2021-10-13,Diesel Fuel,L,59,-9.2,269.71,0
2021-10-14,Diesel Fuel,L,62,-8.8,284.4,0
2021-10-15,Diesel Fuel,L,62,-10.1,544.81,1
2021-10-16,Diesel Fuel,L,59,-10.8,251.6,0
2021-10-17,Diesel Fuel,L,55,-9.8,270.02,0
2021-10-18,Diesel Fuel,L,56,-11.9,242.51,0
2021-10-19,Diesel Fuel,L,66,-8.1,261.49,0
2021-10-20,Diesel Fuel,L,62,-9.9,218.95,0
2021-10-21,Diesel Fuel,L,58,-11.6,268.84,0
2021-10-22,Diesel Fuel,L,59,-10.4,248.36,0
2021-10-23,Diesel Fuel,L,64,-8.3,278.21,0
2021-10-24,Diesel Fuel,L,65,-8.9,265.95,0
2021-10-25,Diesel Fuel,L,70,-10.6,303.48,0
2021-10-26,Diesel Fuel,L,65,-11.7,291.24,0
2021-10-27,Diesel Fuel,L,67,-12.8,257.85,0
2021-10-28,Diesel Fuel,L,66,-11.8,263.96,0
2021-10-29,Diesel Fuel,L,69,-11.4,288.47,0
2021-10-30,Diesel Fuel,L,73,-10.3,312.54,0
2021-10-31,Diesel Fuel,L,71,-9.4,284.99,0
2021-11-01,Diesel Fuel,L,74,-7.9,293.67,0
2021-11-02,Diesel Fuel,L,70,-8.5,286.24,0
2021-11-03,Diesel Fuel,L,65,-9.5,254.36,0
2021-11-04,Diesel Fuel,L,67,-8.9,265.75,0
2021-11-05,Diesel Fuel,L,73,-8.8,284.57,0
2021-11-06,Diesel Fuel,L,70,-8.1,297.1,0
2021-11-07,Diesel Fuel,L,71,-9.0,313.43,0
2021-11-08,Diesel Fuel,L,69,-7.7,262.56,0
2021-11-09,Diesel Fuel,L,76,-9.3,308.01,0
2021-11-10,Diesel Fuel,L,77,-9.5,301.63,0
2021-11-11,Diesel Fuel,L,72,-7.3,276.33,0
2021-11-12,Diesel Fuel,L,73,-8.8,271.2,0
2021-11-13,Diesel Fuel,L,78,-6.8,303.43,0
2021-11-14,Diesel Fuel,L,78,-8.8,289.42,0
2021-11-15,Diesel Fuel,L,70,-10.7,287.28,0
2021-11-16,Diesel Fuel,L,77,-12.1,494.05,1
2021-11-17,Diesel Fuel,L,77,-10.9,278.41,0
2021-11-18,Diesel Fuel,L,77,-9.0,316.77,0
2021-11-19,Diesel Fuel,L,74,-6.4,292.89,0
2021-11-20,Diesel Fuel,L,75,-4.4,294.33,0
2021-11-21,Diesel Fuel,L,68,-3.1,265.72,0
2021-11-22,Diesel Fuel,L,76,-4.6,307.17,0
2021-11-23,Diesel Fuel,L,72,-5.8,281.35,0
2021-11-24,Diesel Fuel,L,77,-4.4,309.98,0
2021-11-25,Diesel Fuel,L,80,-2.2,294.47,0
2021-11-26,Diesel Fuel,L,76,-4.1,274.93,0
2021-11-27,Diesel Fuel,L,84,-2.1,298.69,0
2021-11-28,Diesel Fuel,L,86,-5.2,326.27,0
2021-11-29,Diesel Fuel,L,81,-4.4,287.69,0
2021-11-30,Diesel Fuel,L,83,-4.4,344.43,0
2021-12-01,Diesel Fuel,L,77,-4.6,272.03,0
2021-12-02,Diesel Fuel,L,82,-4.3,305.44,0
2021-12-03,Diesel Fuel,L,78,-5.4,320.24,0
2021-12-04,Diesel Fuel,L,77,-4.4,301.23,0
2021-12-05,Diesel Fuel,L,79,-4.1,294.53,0
2021-12-06,Diesel Fuel,L,83,-2.5,331.43,0
2021-12-07,Diesel Fuel,L,83,-0.1,292.0,0
2021-12-08,Diesel Fuel,L,84,-0.3,306.31,0
2021-12-09,Diesel Fuel,L,81,-1.9,275.42,0
2021-12-10,Diesel Fuel,L,85,-3.7,331.98,0
2021-12-11,Diesel Fuel,L,83,-0.9,319.9,0
2021-12-12,Diesel Fuel,L,85,1.2,324.6,0
2021-12-13,Diesel Fuel,L,85,2.1,316.45,0
2021-12-14,Diesel Fuel,L,80,1.5,303.47,0
2021-12-15,Diesel Fuel,L,84,2.2,313.62,0
2021-12-16,Diesel Fuel,L,88,3.6,327.08,0
2021-12-17,Diesel Fuel,L,89,1.8,326.13,0
2021-12-18,Diesel Fuel,L,83,1.3,291.92,0
2021-12-19,Diesel Fuel,L,85,-0.8,271.69,0
2021-12-20,Diesel Fuel,L,86,-1.1,356.46,0
2021-12-21,Diesel Fuel,L,91,1.2,315.62,0
2021-12-22,Diesel Fuel,L,89,2.4,320.19,0
2021-12-23,Diesel Fuel,L,84,2.0,332.42,0
2021-12-24,Diesel Fuel,L,89,-2.5,331.05,0
2021-12-25,Diesel Fuel,L,92,-3.3,303.52,0
2021-12-26,Diesel Fuel,L,89,-2.9,301.94,0
2021-12-27,Diesel Fuel,L,86,-3.0,334.2,0
2021-12-28,Diesel Fuel,L,91,-2.6,341.14,0
2021-12-29,Diesel Fuel,L,89,-2.1,314.3,0
2021-12-30,Diesel Fuel,L,88,-2.7,321.35,0
2021-12-31,Diesel Fuel,L,92,-2.5,332.49,0
2022-01-01,Diesel Fuel,L,89,-2.5,329.31,0
2022-01-02,Diesel Fuel,L,89,-3.3,332.98,0
2022-01-03,Diesel Fuel,L,92,-0.2,323.15,0
2022-01-04,Diesel Fuel,L,88,-1.0,335.07,0
2022-01-05,Diesel Fuel,L,86,-4.4,329.24,0
2022-01-06,Diesel Fuel,L,91,-1.2,346.04,0
2022-01-07,Diesel Fuel,L,94,-2.4,352.06,0
2022-01-08,Diesel Fuel,L,83,-0.9,323.34,0
2022-01-09,Diesel Fuel,L,92,-1.9,322.45,0
2022-01-10,Diesel Fuel,L,90,-0.9,323.9,0
2022-01-11,Diesel Fuel,L,88,-1.0,305.13,0
2022-01-12,Diesel Fuel,L,88,0.5,325.08,0
2022-01-13,Diesel Fuel,L,93,-0.0,317.18,0
2022-01-14,Diesel Fuel,L,92,-1.1,340.54,0
2022-01-15,Diesel Fuel,L,87,-0.7,342.0,0
2022-01-16,Diesel Fuel,L,91,-1.4,328.9,0
2022-01-17,Diesel Fuel,L,94,-4.2,326.23,0
2022-01-18,Diesel Fuel,L,92,-4.6,342.35,0
2022-01-19,Diesel Fuel,L,85,0.2,333.45,0
2022-01-20,Diesel Fuel,L,92,-2.7,316.91,0
2022-01-21,Diesel Fuel,L,86,-2.1,319.32,0
2022-01-22,Diesel Fuel,L,90,-2.4,333.01,0
2022-01-23,Diesel Fuel,L,87,0.6,313.48,0
2022-01-24,Diesel Fuel,L,91,-1.4,339.03,0
2022-01-25,Diesel Fuel,L,88,-1.2,290.02,0
2022-01-26,Diesel Fuel,L,86,-0.2,323.0,0
2022-01-27,Diesel Fuel,L,90,-0.7,361.36,0
2022-01-28,Diesel Fuel,L,90,-1.9,337.67,0
2022-01-29,Diesel Fuel,L,92,-1.9,332.26,0
2022-01-30,Diesel Fuel,L,87,-2.3,296.28,0
2022-01-31,Diesel Fuel,L,84,-2.7,306.07,0
2022-02-01,Diesel Fuel,L,91,-1.2,334.93,0
2022-02-02,Diesel Fuel,L,93,-0.7,335.33,0
2022-02-03,Diesel Fuel,L,87,-0.0,295.19,0
2022-02-04,Diesel Fuel,L,90,0.2,330.88,0
2022-02-05,Diesel Fuel,L,87,1.3,302.4,0
2022-02-06,Diesel Fuel,L,94,2.7,324.03,0
2022-02-07,Diesel Fuel,L,86,1.5,333.43,0
2022-02-08,Diesel Fuel,L,87,2.2,314.24,0
2022-02-09,Diesel Fuel,L,81,-0.5,292.75,0
2022-02-10,Diesel Fuel,L,92,-4.1,312.68,0
2022-02-11,Diesel Fuel,L,85,-1.2,300.92,0
2022-02-12,Diesel Fuel,L,90,-1.9,316.11,0
2022-02-13,Diesel Fuel,L,84,-1.7,328.24,0
2022-02-14,Diesel Fuel,L,86,-3.7,317.06,0
2022-02-15,Diesel Fuel,L,83,-5.5,333.5,0
2022-02-16,Diesel Fuel,L,83,-6.2,289.44,0
2022-02-17,Diesel Fuel,L,84,-4.8,337.47,0
2022-02-18,Diesel Fuel,L,85,-5.4,313.0,0
2022-02-19,Diesel Fuel,L,84,-5.6,309.23,0
2022-02-20,Diesel Fuel,L,80,-6.4,299.71,0
2022-02-21,Diesel Fuel,L,85,-4.3,358.23,0
2022-02-22,Diesel Fuel,L,78,-2.9,289.58,0
2022-02-23,Diesel Fuel,L,82,-3.8,346.32,0
2022-02-24,Diesel Fuel,L,78,-2.9,313.55,0
2022-02-25,Diesel Fuel,L,86,-3.4,296.51,0
2022-02-26,Diesel Fuel,L,86,-4.1,299.47,0
2022-02-27,Diesel Fuel,L,84,-4.2,316.62,0
2022-02-28,Diesel Fuel,L,80,-3.4,304.98,0
2022-03-01,Diesel Fuel,L,79,-4.9,293.95,0
2022-03-02,Diesel Fuel,L,80,-4.2,293.6,0
2022-03-03,Diesel Fuel,L,81,-0.6,332.9,0
2022-03-04,Diesel Fuel,L,82,-1.0,309.96,0
2022-03-05,Diesel Fuel,L,81,-1.6,313.52,0
2022-03-06,Diesel Fuel,L,73,-2.4,287.91,0
2022-03-07,Diesel Fuel,L,81,-2.2,305.91,0
2022-03-08,Diesel Fuel,L,80,-5.1,342.88,0
2022-03-09,Diesel Fuel,L,76,-2.7,303.3,0
2022-03-10,Diesel Fuel,L,75,-1.8,336.39,0
2022-03-11,Diesel Fuel,L,78,-3.5,312.22,0
2022-03-12,Diesel Fuel,L,78,-3.9,286.74,0
2022-03-13,Diesel Fuel,L,73,-5.2,308.12,0
2022-03-14,Diesel Fuel,L,76,-5.0,292.57,0
2022-03-15,Diesel Fuel,L,76,-5.2,320.88,0
2022-03-16,Diesel Fuel,L,78,-5.2,286.7,0
2022-03-17,Diesel Fuel,L,75,-7.1,264.35,0
2022-03-18,Diesel Fuel,L,68,-7.9,277.04,0
2022-03-19,Diesel Fuel,L,75,-6.1,317.53,0
2022-03-20,Diesel Fuel,L,68,-7.2,264.75,0
2022-03-21,Diesel Fuel,L,71,-11.3,293.48,0
2022-03-22,Diesel Fuel,L,69,-11.1,267.39,0
2022-03-23,Diesel Fuel,L,74,-7.1,306.11,0
2022-03-24,Diesel Fuel,L,68,-6.1,268.84,0
2022-03-25,Diesel Fuel,L,74,-7.4,294.46,0
2022-03-26,Diesel Fuel,L,67,-7.7,267.41,0
2022-03-27,Diesel Fuel,L,64,-6.9,253.42,0
2022-03-28,Diesel Fuel,L,69,-9.9,246.22,0
2022-03-29,Diesel Fuel,L,65,-11.2,247.94,0
2022-03-30,Diesel Fuel,L,73,-10.4,283.42,0
2022-03-31,Diesel Fuel,L,66,-7.9,277.77,0
2022-04-01,Diesel Fuel,L,71,-8.9,314.4,0
2022-04-02,Diesel Fuel,L,66,-6.8,261.77,0
2022-04-03,Diesel Fuel,L,68,-8.5,264.98,0
2022-04-04,Diesel Fuel,L,65,-13.9,248.18,0
2022-04-05,Diesel Fuel,L,73,-12.3,303.62,0
2022-04-06,Diesel Fuel,L,62,-11.3,270.57,0
2022-04-07,Diesel Fuel,L,56,-10.2,414.6,1
2022-04-08,Diesel Fuel,L,65,-9.4,274.0,0
2022-04-09,Diesel Fuel,L,61,-9.4,252.9,0
2022-04-10,Diesel Fuel,L,64,-10.2,287.91,0
2022-04-11,Diesel Fuel,L,62,-10.8,249.29,0
2022-04-12,Diesel Fuel,L,61,-11.7,251.88,0
2022-04-13,Diesel Fuel,L,60,-12.4,241.31,0
2022-04-14,Diesel Fuel,L,62,-15.2,260.54,0
2022-04-15,Diesel Fuel,L,60,-16.6,245.98,0
2022-04-16,Diesel Fuel,L,60,-16.3,248.17,0
2022-04-17,Diesel Fuel,L,58,-19.2,235.39,0
2022-04-18,Diesel Fuel,L,64,-21.4,253.6,0
2022-04-19,Diesel Fuel,L,63,-20.7,240.7,0
2022-04-20,Diesel Fuel,L,54,-19.9,249.14,0
2022-04-21,Diesel Fuel,L,58,-19.4,240.58,0
2022-04-22,Diesel Fuel,L,55,-22.2,270.75,0
2022-04-23,Diesel Fuel,L,53,-18.7,254.87,0
2022-04-24,Diesel Fuel,L,46,-20.2,225.05,0
2022-04-25,Diesel Fuel,L,55,-20.6,254.96,0
2022-04-26,Diesel Fuel,L,54,-21.7,256.87,0
2022-04-27,Diesel Fuel,L,59,-18.7,248.41,0
2022-04-28,Diesel Fuel,L,57,-17.6,247.75,0
2022-04-29,Diesel Fuel,L,55,-18.0,261.87,0
2022-04-30,Diesel Fuel,L,55,-18.4,262.92,0
2022-05-01,Diesel Fuel,L,55,-17.8,234.54,0
2022-05-02,Diesel Fuel,L,53,-19.4,274.56,0
2022-05-03,Diesel Fuel,L,56,-18.3,228.33,0
2022-05-04,Diesel Fuel,L,47,-18.8,195.3,0
2022-05-05,Diesel Fuel,L,49,-17.7,254.95,0
2022-05-06,Diesel Fuel,L,48,-16.8,238.41,0
2022-05-07,Diesel Fuel,L,48,-17.7,231.14,0
2022-05-08,Diesel Fuel,L,49,-20.7,242.92,0
2022-05-09,Diesel Fuel,L,53,-20.5,231.71,0
2022-05-10,Diesel Fuel,L,51,-22.2,212.22,0
2022-05-11,Diesel Fuel,L,51,-21.4,230.38,0
2022-05-12,Diesel Fuel,L,47,-21.2,217.3,0
2022-05-13,Diesel Fuel,L,46,-21.6,211.07,0
2022-05-14,Diesel Fuel,L,48,-23.0,466.28,1
2022-05-15,Diesel Fuel,L,47,-20.5,218.65,0
2022-05-16,Diesel Fuel,L,47,-20.9,220.31,0
2022-05-17,Diesel Fuel,L,52,-17.0,243.79,0
2022-05-18,Diesel Fuel,L,46,-17.2,231.05,0
2022-05-19,Diesel Fuel,L,42,-16.9,217.48,0
2022-05-20,Diesel Fuel,L,41,-17.1,179.01,0
2022-05-21,Diesel Fuel,L,46,-16.9,209.87,0
2022-05-22,Diesel Fuel,L,45,-15.6,207.51,0
2022-05-23,Diesel Fuel,L,45,-14.5,236.45,0
2022-05-24,Diesel Fuel,L,43,-17.9,205.27,0
2022-05-25,Diesel Fuel,L,38,-16.9,180.57,0
2022-05-26,Diesel Fuel,L,46,-16.6,232.69,0
2022-05-27,Diesel Fuel,L,45,-17.0,222.27,0
2022-05-28,Diesel Fuel,L,39,-14.9,236.99,0
2022-05-29,Diesel Fuel,L,41,-13.1,193.1,0
2022-05-30,Diesel Fuel,L,40,-12.8,205.33,0
2022-05-31,Diesel Fuel,L,38,-14.8,190.79,0
2022-06-01,Diesel Fuel,L,35,-17.4,184.24,0
2022-06-02,Diesel Fuel,L,40,-16.8,198.39,0
2022-06-03,Diesel Fuel,L,34,-15.3,180.92,0
2022-06-04,Diesel Fuel,L,36,-19.2,201.39,0
2022-06-05,Diesel Fuel,L,42,-17.9,214.62,0
2022-06-06,Diesel Fuel,L,38,-18.7,203.66,0
2022-06-07,Diesel Fuel,L,38,-21.8,220.08,0
2022-06-08,Diesel Fuel,L,35,-21.0,203.53,0
2022-06-09,Diesel Fuel,L,31,-19.7,196.21,0
2022-06-10,Diesel Fuel,L,37,-20.5,203.79,0
2022-06-11,Diesel Fuel,L,37,-22.3,205.85,0
2022-06-12,Diesel Fuel,L,38,-19.6,215.54,0
2022-06-13,Diesel Fuel,L,34,-21.0,181.12,0
2022-06-14,Diesel Fuel,L,33,-19.4,184.23,0
2022-06-15,Diesel Fuel,L,36,-22.0,200.44,0
2022-06-16,Diesel Fuel,L,30,-21.4,185.03,0
2022-06-17,Diesel Fuel,L,36,-20.9,182.41,0
2022-06-18,Diesel Fuel,L,33,-19.8,200.58,0
2022-06-19,Diesel Fuel,L,34,-18.0,210.81,0
2022-06-20,Diesel Fuel,L,40,-19.8,226.28,0
2022-06-21,Diesel Fuel,L,32,-19.4,181.41,0
2022-06-22,Diesel Fuel,L,33,-21.9,201.89,0
2022-06-23,Diesel Fuel,L,33,-24.1,187.73,0
2022-06-24,Diesel Fuel,L,26,-24.7,175.71,0
2022-06-25,Diesel Fuel,L,34,-23.8,207.72,0
2022-06-26,Diesel Fuel,L,25,-21.1,185.95,0
2022-06-27,Diesel Fuel,L,34,-18.6,188.98,0
2022-06-28,Diesel Fuel,L,29,-19.8,176.23,0
2022-06-29,Diesel Fuel,L,29,-19.8,198.25,0
2022-06-30,Diesel Fuel,L,31,-18.8,185.6,0
2022-07-01,Diesel Fuel,L,27,-18.3,144.95,0
2022-07-02,Diesel Fuel,L,31,-19.2,191.71,0
2022-07-03,Diesel Fuel,L,28,-19.7,170.78,0
2022-07-04,Diesel Fuel,L,27,-20.3,173.97,0
2022-07-05,Diesel Fuel,L,30,-21.0,191.09,0
2022-07-06,Diesel Fuel,L,34,-21.9,172.99,0
2022-07-07,Diesel Fuel,L,33,-22.2,200.94,0
2022-07-08,Diesel Fuel,L,29,-22.9,165.69,0
2022-07-09,Diesel Fuel,L,30,-24.7,176.72,0
2022-07-10,Diesel Fuel,L,29,-23.1,185.76,0
2022-07-11,Diesel Fuel,L,27,-22.3,164.13,0
2022-07-12,Diesel Fuel,L,27,-19.6,163.89,0
2022-07-13,Diesel Fuel,L,31,-19.6,190.59,0
2022-07-14,Diesel Fuel,L,28,-20.7,185.22,0
2022-07-15,Diesel Fuel,L,30,-22.0,182.67,0
2022-07-16,Diesel Fuel,L,27,-22.1,183.77,0
2022-07-17,Diesel Fuel,L,32,-21.4,235.35,0
2022-07-18,Diesel Fuel,L,32,-22.0,172.67,0
2022-07-19,Diesel Fuel,L,35,-24.4,170.89,0
2022-07-20,Diesel Fuel,L,34,-25.3,208.19,0
2022-07-21,Diesel Fuel,L,27,-24.9,164.9,0
2022-07-22,Diesel Fuel,L,28,-23.5,183.82,0
2022-07-23,Diesel Fuel,L,31,-25.6,194.41,0
2022-07-24,Diesel Fuel,L,28,-24.8,179.6,0
2022-07-25,Diesel Fuel,L,31,-24.1,190.51,0
2022-07-26,Diesel Fuel,L,29,-24.6,201.17,0
2022-07-27,Diesel Fuel,L,33,-25.2,185.45,0
2022-07-28,Diesel Fuel,L,33,-25.9,207.37,0
2022-07-29,Diesel Fuel,L,30,-25.2,170.48,0
2022-07-30,Diesel Fuel,L,25,-23.1,175.94,0
2022-07-31,Diesel Fuel,L,34,-21.2,200.16,0
2022-08-01,Diesel Fuel,L,29,-23.0,181.43,0
2022-08-02,Diesel Fuel,L,31,-23.2,198.18,0
2022-08-03,Diesel Fuel,L,31,-26.3,188.15,0
2022-08-04,Diesel Fuel,L,33,-25.5,196.41,0
2022-08-05,Diesel Fuel,L,30,-24.1,177.06,0
2022-08-06,Diesel Fuel,L,28,-21.4,168.84,0
2022-08-07,Diesel Fuel,L,32,-24.2,178.24,0
2022-08-08,Diesel Fuel,L,35,-25.5,190.3,0
2022-08-09,Diesel Fuel,L,32,-24.7,175.36,0
2022-08-10,Diesel Fuel,L,32,-26.6,211.52,0
2022-08-11,Diesel Fuel,L,29,-25.6,179.2,0
2022-08-12,Diesel Fuel,L,35,-24.1,197.27,0
2022-08-13,Diesel Fuel,L,35,-25.6,183.98,0
2022-08-14,Diesel Fuel,L,33,-24.7,216.07,0
2022-08-15,Diesel Fuel,L,31,-26.0,184.76,0
2022-08-16,Diesel Fuel,L,34,-23.2,187.87,0
2022-08-17,Diesel Fuel,L,35,-22.5,191.27,0
2022-08-18,Diesel Fuel,L,34,-23.2,192.29,0
2022-08-19,Diesel Fuel,L,32,-24.7,186.5,0
2022-08-20,Diesel Fuel,L,36,-23.5,183.65,0
2022-08-21,Diesel Fuel,L,36,-21.0,209.72,0
2022-08-22,Diesel Fuel,L,37,-22.0,188.55,0
2022-08-23,Diesel Fuel,L,36,-22.4,209.32,0
2022-08-24,Diesel Fuel,L,40,-23.2,192.97,0
2022-08-25,Diesel Fuel,L,37,-20.4,203.92,0
2022-08-26,Diesel Fuel,L,41,-23.1,199.15,0
2022-08-27,Diesel Fuel,L,38,-20.7,195.42,0
2022-08-28,Diesel Fuel,L,34,-21.1,200.08,0
2022-08-29,Diesel Fuel,L,41,-20.9,226.84,0
2022-08-30,Diesel Fuel,L,37,-21.2,524.51,1
2022-08-31,Diesel Fuel,L,37,-20.5,206.35,0
2022-09-01,Diesel Fuel,L,42,-21.3,214.31,0
2022-09-02,Diesel Fuel,L,36,-19.4,187.68,0
2022-09-03,Diesel Fuel,L,35,-17.6,175.37,0
2022-09-04,Diesel Fuel,L,40,-19.2,216.85,0
2022-09-05,Diesel Fuel,L,42,-18.1,210.59,0
2022-09-06,Diesel Fuel,L,44,-18.6,218.99,0
2022-09-07,Diesel Fuel,L,42,-18.4,208.78,0
2022-09-08,Diesel Fuel,L,35,-16.1,187.8,0
2022-09-09,Diesel Fuel,L,39,-17.3,214.67,0
2022-09-10,Diesel Fuel,L,39,-15.9,227.16,0
2022-09-11,Diesel Fuel,L,37,-15.5,186.62,0
2022-09-12,Diesel Fuel,L,43,-16.0,191.67,0
2022-09-13,Diesel Fuel,L,46,-15.6,220.12,0
2022-09-14,Diesel Fuel,L,47,-15.4,215.98,0
2022-09-15,Diesel Fuel,L,46,-17.3,239.46,0
2022-09-16,Diesel Fuel,L,44,-18.1,225.43,0
2022-09-17,Diesel Fuel,L,49,-19.4,257.72,0
2022-09-18,Diesel Fuel,L,46,-19.3,238.43,0
2022-09-19,Diesel Fuel,L,47,-16.8,227.38,0
2022-09-20,Diesel Fuel,L,45,-15.8,222.8,0
2022-09-21,Diesel Fuel,L,47,-17.9,231.47,0
2022-09-22,Diesel Fuel,L,47,-17.9,213.81,0
2022-09-23,Diesel Fuel,L,44,-17.2,224.34,0
2022-09-24,Diesel Fuel,L,51,-15.7,254.98,0
2022-09-25,Diesel Fuel,L,50,-16.6,224.48,0
2022-09-26,Diesel Fuel,L,52,-18.1,235.1,0
2022-09-27,Diesel Fuel,L,48,-17.7,237.61,0
2022-09-28,Diesel Fuel,L,53,-16.3,262.3,0
2022-09-29,Diesel Fuel,L,47,-15.6,215.68,0
2022-09-30,Diesel Fuel,L,54,-16.7,246.78,0
2022-10-01,Diesel Fuel,L,54,-13.6,242.08,0
2022-10-02,Diesel Fuel,L,50,-13.8,228.93,0
2022-10-03,Diesel Fuel,L,57,-13.4,221.99,0
2022-10-04,Diesel Fuel,L,59,-14.4,243.61,0
2022-10-05,Diesel Fuel,L,53,-12.5,222.18,0
2022-10-06,Diesel Fuel,L,59,-11.7,252.31,0
2022-10-07,Diesel Fuel,L,50,-11.3,225.95,0
2022-10-08,Diesel Fuel,L,56,-13.2,229.71,0
2022-10-09,Diesel Fuel,L,49,-11.4,226.16,0
2022-10-10,Diesel Fuel,L,60,-10.4,285.21,0
2022-10-11,Diesel Fuel,L,53,-9.1,229.62,0
2022-10-12,Diesel Fuel,L,52,-9.4,231.25,0
2022-10-13,Diesel Fuel,L,59,-9.8,250.47,0
2022-10-14,Diesel Fuel,L,62,-10.3,249.93,0
2022-10-15,Diesel Fuel,L,58,-7.0,227.08,0
2022-10-16,Diesel Fuel,L,61,-8.4,286.51,0
2022-10-17,Diesel Fuel,L,66,-10.5,241.38,0
2022-10-18,Diesel Fuel,L,58,-11.1,225.88,0
2022-10-19,Diesel Fuel,L,59,-11.8,265.82,0
2022-10-20,Diesel Fuel,L,65,-9.6,235.48,0
2022-10-21,Diesel Fuel,L,63,-11.7,276.37,0
2022-10-22,Diesel Fuel,L,67,-12.3,288.26,0
2022-10-23,Diesel Fuel,L,60,-11.6,244.43,0
2022-10-24,Diesel Fuel,L,59,-9.3,254.43,0
2022-10-25,Diesel Fuel,L,60,-8.2,255.19,0
2022-10-26,Diesel Fuel,L,67,-5.9,259.22,0
2022-10-27,Diesel Fuel,L,69,-5.8,266.97,0
2022-10-28,Diesel Fuel,L,69,-6.6,274.81,0
2022-10-29,Diesel Fuel,L,68,-5.6,267.03,0
2022-10-30,Diesel Fuel,L,71,-8.0,292.44,0
2022-10-31,Diesel Fuel,L,66,-10.6,268.75,0
2022-11-01,Diesel Fuel,L,62,-8.7,268.02,0
2022-11-02,Diesel Fuel,L,64,-8.3,259.54,0
2022-11-03,Diesel Fuel,L,65,-6.7,278.03,0
2022-11-04,Diesel Fuel,L,64,-8.1,279.76,0
2022-11-05,Diesel Fuel,L,66,-6.0,237.91,0
2022-11-06,Diesel Fuel,L,68,-5.2,280.85,0
2022-11-07,Diesel Fuel,L,73,-5.5,274.85,0
2022-11-08,Diesel Fuel,L,73,-5.4,279.23,0
2022-11-09,Diesel Fuel,L,77,-5.0,301.91,0
2022-11-10,Diesel Fuel,L,69,-6.5,279.43,0
2022-11-11,Diesel Fuel,L,74,-7.1,285.64,0
2022-11-12,Diesel Fuel,L,78,-6.4,311.07,0
2022-11-13,Diesel Fuel,L,72,-7.0,287.88,0
2022-11-14,Diesel Fuel,L,73,-9.0,274.73,0
2022-11-15,Diesel Fuel,L,79,-8.0,322.04,0
2022-11-16,Diesel Fuel,L,74,-6.4,307.98,0
2022-11-17,Diesel Fuel,L,80,-4.6,303.71,0
2022-11-18,Diesel Fuel,L,72,-3.9,274.41,0
2022-11-19,Diesel Fuel,L,82,-2.8,293.48,0
2022-11-20,Diesel Fuel,L,81,-1.7,335.56,0
2022-11-21,Diesel Fuel,L,75,-2.0,287.39,0
2022-11-22,Diesel Fuel,L,77,-5.6,299.12,0
2022-11-23,Diesel Fuel,L,75,-3.6,298.45,0
2022-11-24,Diesel Fuel,L,77,-5.1,247.25,0
2022-11-25,Diesel Fuel,L,74,-6.6,273.64,0
2022-11-26,Diesel Fuel,L,74,-7.9,328.24,0
2022-11-27,Diesel Fuel,L,76,-3.6,244.24,0
2022-11-28,Diesel Fuel,L,83,-2.9,282.32,0
2022-11-29,Diesel Fuel,L,75,-4.6,283.52,0
2022-11-30,Diesel Fuel,L,85,-5.5,297.07,0
2022-12-01,Diesel Fuel,L,84,-5.1,299.2,0
2022-12-02,Diesel Fuel,L,86,-4.1,295.78,0
2022-12-03,Diesel Fuel,L,83,-3.5,307.16,0
2022-12-04,Diesel Fuel,L,87,-4.8,327.34,0
2022-12-05,Diesel Fuel,L,79,-4.1,308.13,0
2022-12-06,Diesel Fuel,L,87,-4.8,304.67,0
2022-12-07,Diesel Fuel,L,93,-2.9,353.79,0
2022-12-08,Diesel Fuel,L,83,-2.8,312.79,0
2022-12-09,Diesel Fuel,L,84,-3.9,333.02,0
2022-12-10,Diesel Fuel,L,82,-2.6,312.97,0
2022-12-11,Diesel Fuel,L,85,-2.0,309.74,0
2022-12-12,Diesel Fuel,L,86,-2.8,312.85,0
2022-12-13,Diesel Fuel,L,78,-1.6,303.99,0
2022-12-14,Diesel Fuel,L,87,-0.7,343.21,0
2022-12-15,Diesel Fuel,L,89,0.9,326.03,0
2022-12-16,Diesel Fuel,L,83,1.6,313.08,0
2022-12-17,Diesel Fuel,L,85,0.7,324.65,0
2022-12-18,Diesel Fuel,L,89,-2.2,289.84,0
2022-12-19,Diesel Fuel,L,84,-1.8,285.41,0
2022-12-20,Diesel Fuel,L,89,-1.3,328.3,0
2022-12-21,Diesel Fuel,L,88,-1.2,303.17,0
2022-12-22,Diesel Fuel,L,94,-5.8,332.43,0
2022-12-23,Diesel Fuel,L,87,-4.1,319.97,0
2022-12-24,Diesel Fuel,L,86,-5.1,364.21,0
2022-12-25,Diesel Fuel,L,89,-3.5,321.4,0
2022-12-26,Diesel Fuel,L,89,-0.6,282.74,0
2022-12-27,Diesel Fuel,L,93,-1.1,337.69,0
2022-12-28,Diesel Fuel,L,93,-0.4,353.7,0
2022-12-29,Diesel Fuel,L,87,-0.5,329.16,0
2022-12-30,Diesel Fuel,L,88,0.2,330.16,0
2022-12-31,Diesel Fuel,L,87,0.2,304.71,0
2023-01-01,Diesel Fuel,L,87,-0.8,311.03,0
2023-01-02,Diesel Fuel,L,79,-2.2,285.0,0
2023-01-03,Diesel Fuel,L,94,0.4,320.8,0
2023-01-04,Diesel Fuel,L,87,0.8,314.81,0
2023-01-05,Diesel Fuel,L,88,1.8,338.93,0
2023-01-06,Diesel Fuel,L,98,2.0,404.87,0
2023-01-07,Diesel Fuel,L,88,3.0,324.02,0
2023-01-08,Diesel Fuel,L,89,1.1,334.09,0
2023-01-09,Diesel Fuel,L,91,0.9,280.87,0
2023-01-10,Diesel Fuel,L,91,1.4,319.74,0
2023-01-11,Diesel Fuel,L,88,3.0,350.72,0
2023-01-12,Diesel Fuel,L,93,6.4,335.07,0
2023-01-13,Diesel Fuel,L,90,5.9,323.95,0
2023-01-14,Diesel Fuel,L,90,3.9,382.74,0
2023-01-15,Diesel Fuel,L,88,1.4,344.13,0
2023-01-16,Diesel Fuel,L,90,-0.4,341.24,0
2023-01-17,Diesel Fuel,L,93,-1.6,332.52,0
2023-01-18,Diesel Fuel,L,93,-5.9,340.87,0
2023-01-19,Diesel Fuel,L,89,-6.2,367.6,0
2023-01-20,Diesel Fuel,L,88,-4.3,365.94,0
2023-01-21,Diesel Fuel,L,92,-3.8,321.49,0
2023-01-22,Diesel Fuel,L,91,-3.8,297.65,0
2023-01-23,Diesel Fuel,L,92,-5.8,333.92,0
2023-01-24,Diesel Fuel,L,87,-3.6,334.72,0
2023-01-25,Diesel Fuel,L,89,-2.5,359.66,0
2023-01-26,Diesel Fuel,L,92,-2.3,329.56,0
2023-01-27,Diesel Fuel,L,87,-5.5,314.0,0
2023-01-28,Diesel Fuel,L,95,-5.6,362.82,0
2023-01-29,Diesel Fuel,L,94,-4.4,318.58,0
2023-01-30,Diesel Fuel,L,88,-4.0,318.01,0
2023-01-31,Diesel Fuel,L,88,-3.4,322.5,0
2023-02-01,Diesel Fuel,L,90,-2.1,325.35,0
2023-02-02,Diesel Fuel,L,89,-1.8,349.13,0
2023-02-03,Diesel Fuel,L,92,-0.9,341.77,0
2023-02-04,Diesel Fuel,L,86,-2.3,306.91,0
2023-02-05,Diesel Fuel,L,85,-4.1,310.94,0
2023-02-06,Diesel Fuel,L,89,-3.1,379.21,0
2023-02-07,Diesel Fuel,L,89,-1.9,296.19,0
2023-02-08,Diesel Fuel,L,87,-1.2,283.24,0
2023-02-09,Diesel Fuel,L,90,-1.2,302.12,0
2023-02-10,Diesel Fuel,L,91,-1.9,335.1,0
2023-02-11,Diesel Fuel,L,89,-1.7,346.32,0
2023-02-12,Diesel Fuel,L,88,-1.3,319.44,0
2023-02-13,Diesel Fuel,L,86,-0.9,503.02,1
2023-02-14,Diesel Fuel,L,86,2.7,302.46,0
2023-02-15,Diesel Fuel,L,82,0.5,274.9,0
2023-02-16,Diesel Fuel,L,82,4.8,336.24,0
2023-02-17,Diesel Fuel,L,89,1.7,319.67,0
2023-02-18,Diesel Fuel,L,90,1.5,330.35,0
2023-02-19,Diesel Fuel,L,81,-1.1,320.35,0
2023-02-20,Diesel Fuel,L,86,-1.0,343.1,0
2023-02-21,Diesel Fuel,L,80,0.1,297.91,0
2023-02-22,Diesel Fuel,L,89,-0.5,306.06,0
2023-02-23,Diesel Fuel,L,83,0.4,308.8,0
2023-02-24,Diesel Fuel,L,91,-0.9,326.13,0
2023-02-25,Diesel Fuel,L,81,-4.5,295.62,0
2023-02-26,Diesel Fuel,L,81,-3.5,282.39,0
2023-02-27,Diesel Fuel,L,83,-3.6,317.64,0
2023-02-28,Diesel Fuel,L,85,-4.5,340.62,0
2023-03-01,Diesel Fuel,L,84,-5.2,346.28,0
2023-03-02,Diesel Fuel,L,84,-4.6,298.93,0
2023-03-03,Diesel Fuel,L,80,-5.9,335.95,0
2023-03-04,Diesel Fuel,L,83,-5.2,290.39,0
2023-03-05,Diesel Fuel,L,87,-3.5,322.88,0
2023-03-06,Diesel Fuel,L,82,-0.7,326.29,0
2023-03-07,Diesel Fuel,L,77,0.6,304.57,0
2023-03-08,Diesel Fuel,L,80,-0.1,327.62,0
2023-03-09,Diesel Fuel,L,72,-0.6,265.57,0
2023-03-10,Diesel Fuel,L,80,-2.1,299.36,0
2023-03-11,Diesel Fuel,L,73,-3.4,282.71,0
2023-03-12,Diesel Fuel,L,79,-2.6,320.96,0
2023-03-13,Diesel Fuel,L,77,-3.7,291.83,0
2023-03-14,Diesel Fuel,L,79,-3.6,304.96,0
2023-03-15,Diesel Fuel,L,76,-5.6,289.54,0
2023-03-16,Diesel Fuel,L,80,-3.8,309.8,0
2023-03-17,Diesel Fuel,L,77,-4.8,282.92,0
2023-03-18,Diesel Fuel,L,78,-3.6,278.28,0
2023-03-19,Diesel Fuel,L,73,-5.3,278.17,0
2023-03-20,Diesel Fuel,L,72,-6.8,269.07,0
2023-03-21,Diesel Fuel,L,69,-5.0,273.61,0
2023-03-22,Diesel Fuel,L,69,-6.5,290.41,0
2023-03-23,Diesel Fuel,L,72,-9.1,262.51,0
2023-03-24,Diesel Fuel,L,72,-10.6,278.75,0
2023-03-25,Diesel Fuel,L,72,-9.1,322.59,0
2023-03-26,Diesel Fuel,L,69,-7.9,247.87,0
2023-03-27,Diesel Fuel,L,71,-9.3,264.07,0
2023-03-28,Diesel Fuel,L,74,-10.2,295.89,0
2023-03-29,Diesel Fuel,L,71,-9.1,255.75,0
2023-03-30,Diesel Fuel,L,69,-7.3,275.43,0
2023-03-31,Diesel Fuel,L,69,-7.8,305.63,0
2023-04-01,Diesel Fuel,L,72,-7.3,274.2,0
2023-04-02,Diesel Fuel,L,68,-6.5,260.19,0
2023-04-03,Diesel Fuel,L,65,-3.8,240.9,0
2023-04-04,Diesel Fuel,L,65,-6.6,253.56,0
2023-04-05,Diesel Fuel,L,64,-8.3,261.89,0
2023-04-06,Diesel Fuel,L,64,-9.5,300.11,0
2023-04-07,Diesel Fuel,L,67,-8.5,270.02,0
2023-04-08,Diesel Fuel,L,69,-9.3,275.84,0
2023-04-09,Diesel Fuel,L,63,-9.2,262.75,0
2023-04-10,Diesel Fuel,L,61,-9.4,245.15,0
2023-04-11,Diesel Fuel,L,59,-9.8,217.95,0
2023-04-12,Diesel Fuel,L,67,-10.0,297.16,0
2023-04-13,Diesel Fuel,L,65,-8.8,278.0,0
2023-04-14,Diesel Fuel,L,59,-10.9,271.11,0
2023-04-15,Diesel Fuel,L,61,-11.4,262.83,0
2023-04-16,Diesel Fuel,L,64,-13.5,285.62,0
2023-04-17,Diesel Fuel,L,59,-13.1,231.1,0
2023-04-18,Diesel Fuel,L,62,-13.4,262.92,0
2023-04-19,Diesel Fuel,L,58,-11.8,259.74,0
2023-04-20,Diesel Fuel,L,57,-12.1,269.3,0
2023-04-21,Diesel Fuel,L,50,-13.1,238.43,0
2023-04-22,Diesel Fuel,L,56,-13.6,253.64,0
2023-04-23,Diesel Fuel,L,55,-11.1,247.76,0
2023-04-24,Diesel Fuel,L,58,-14.0,230.06,0
2023-04-25,Diesel Fuel,L,56,-15.0,238.94,0
2023-04-26,Diesel Fuel,L,56,-15.0,240.26,0
2023-04-27,Diesel Fuel,L,57,-15.9,262.94,0
2023-04-28,Diesel Fuel,L,47,-15.1,232.59,0
2023-04-29,Diesel Fuel,L,53,-15.2,262.15,0
2023-04-30,Diesel Fuel,L,49,-14.9,237.27,0
2023-05-01,Diesel Fuel,L,49,-14.9,227.57,0
2023-05-02,Diesel Fuel,L,51,-15.2,253.62,0
2023-05-03,Diesel Fuel,L,52,-17.3,220.6,0
2023-05-04,Diesel Fuel,L,52,-16.9,234.16,0
2023-05-05,Diesel Fuel,L,52,-19.5,225.28,0
2023-05-06,Diesel Fuel,L,48,-20.1,213.66,0
2023-05-07,Diesel Fuel,L,49,-18.8,216.2,0
2023-05-08,Diesel Fuel,L,53,-16.8,231.21,0
2023-05-09,Diesel Fuel,L,53,-13.3,242.76,0
2023-05-10,Diesel Fuel,L,47,-14.6,220.8,0
2023-05-11,Diesel Fuel,L,48,-16.3,231.89,0
2023-05-12,Diesel Fuel,L,44,-15.7,221.26,0
2023-05-13,Diesel Fuel,L,50,-13.2,200.02,0
2023-05-14,Diesel Fuel,L,53,-11.7,241.9,0
2023-05-15,Diesel Fuel,L,44,-14.2,511.68,1
2023-05-16,Diesel Fuel,L,49,-15.0,366.21,1
2023-05-17,Diesel Fuel,L,47,-14.3,228.55,0
2023-05-18,Diesel Fuel,L,44,-13.5,218.81,0
2023-05-19,Diesel Fuel,L,42,-13.4,214.93,0
2023-05-20,Diesel Fuel,L,51,-14.9,245.24,0
2023-05-21,Diesel Fuel,L,45,-14.7,211.62,0
2023-05-22,Diesel Fuel,L,46,-14.0,209.7,0
2023-05-23,Diesel Fuel,L,42,-16.2,213.0,0
2023-05-24,Diesel Fuel,L,42,-14.7,207.36,0
2023-05-25,Diesel Fuel,L,38,-13.9,236.23,0
2023-05-26,Diesel Fuel,L,43,-15.9,213.87,0
2023-05-27,Diesel Fuel,L,40,-15.1,208.02,0
2023-05-28,Diesel Fuel,L,37,-14.7,189.94,0
2023-05-29,Diesel Fuel,L,37,-14.2,187.84,0
2023-05-30,Diesel Fuel,L,47,-12.8,201.99,0
2023-05-31,Diesel Fuel,L,38,-13.9,198.56,0
2023-06-01,Diesel Fuel,L,40,-14.4,204.89,0
2023-06-02,Diesel Fuel,L,35,-19.3,208.82,0
2023-06-03,Diesel Fuel,L,37,-17.9,197.53,0
2023-06-04,Diesel Fuel,L,34,-16.8,188.26,0
2023-06-05,Diesel Fuel,L,38,-15.4,205.43,0
2023-06-06,Diesel Fuel,L,34,-17.7,379.65,1
2023-06-07,Diesel Fuel,L,39,-16.8,216.94,0
2023-06-08,Diesel Fuel,L,31,-15.9,201.38,0
2023-06-09,Diesel Fuel,L,34,-17.7,192.44,0
2023-06-10,Diesel Fuel,L,39,-16.7,192.96,0
2023-06-11,Diesel Fuel,L,40,-16.8,205.61,0
2023-06-12,Diesel Fuel,L,35,-20.0,198.11,0
2023-06-13,Diesel Fuel,L,34,-19.4,177.33,0
2023-06-14,Diesel Fuel,L,35,-21.0,192.3,0
2023-06-15,Diesel Fuel,L,40,-23.6,189.64,0
2023-06-16,Diesel Fuel,L,33,-22.8,195.86,0
2023-06-17,Diesel Fuel,L,34,-22.8,180.58,0
2023-06-18,Diesel Fuel,L,30,-20.6,179.76,0
2023-06-19,Diesel Fuel,L,31,-20.6,184.09,0
2023-06-20,Diesel Fuel,L,34,-19.7,178.1,0
2023-06-21,Diesel Fuel,L,36,-19.3,198.51,0
2023-06-22,Diesel Fuel,L,34,-18.3,180.36,0
2023-06-23,Diesel Fuel,L,35,-20.3,213.24,0
2023-06-24,Diesel Fuel,L,29,-20.3,195.46,0
2023-06-25,Diesel Fuel,L,29,-20.9,193.86,0
2023-06-26,Diesel Fuel,L,34,-20.2,195.0,0
2023-06-27,Diesel Fuel,L,30,-20.2,187.17,0
2023-06-28,Diesel Fuel,L,28,-21.5,176.73,0
2023-06-29,Diesel Fuel,L,32,-22.2,194.72,0
2023-06-30,Diesel Fuel,L,31,-19.8,204.2,0
2023-07-01,Diesel Fuel,L,30,-22.8,172.89,0
2023-07-02,Diesel Fuel,L,36,-21.8,203.74,0
2023-07-03,Diesel Fuel,L,36,-20.1,177.74,0
2023-07-04,Diesel Fuel,L,34,-19.7,188.43,0
2023-07-05,Diesel Fuel,L,32,-17.2,187.28,0
2023-07-06,Diesel Fuel,L,35,-16.7,199.03,0
2023-07-07,Diesel Fuel,L,31,-17.0,193.08,0
2023-07-08,Diesel Fuel,L,30,-18.6,197.72,0
2023-07-09,Diesel Fuel,L,28,-18.7,163.26,0
2023-07-10,Diesel Fuel,L,28,-18.3,187.64,0
2023-07-11,Diesel Fuel,L,33,-19.0,211.43,0
2023-07-12,Diesel Fuel,L,26,-20.8,169.71,0
2023-07-13,Diesel Fuel,L,28,-22.9,173.42,0
2023-07-14,Diesel Fuel,L,29,-22.7,183.54,0
2023-07-15,Diesel Fuel,L,26,-24.9,173.4,0
2023-07-16,Diesel Fuel,L,29,-25.3,180.15,0
2023-07-17,Diesel Fuel,L,30,-28.6,201.4,0
2023-07-18,Diesel Fuel,L,33,-26.5,220.18,0
2023-07-19,Diesel Fuel,L,29,-24.3,178.86,0
2023-07-20,Diesel Fuel,L,30,-24.0,210.53,0
2023-07-21,Diesel Fuel,L,26,-21.0,170.86,0
2023-07-22,Diesel Fuel,L,26,-19.3,182.33,0
2023-07-23,Diesel Fuel,L,24,-19.1,158.8,0
2023-07-24,Diesel Fuel,L,33,-19.8,181.65,0
2023-07-25,Diesel Fuel,L,29,-20.8,178.46,0
2023-07-26,Diesel Fuel,L,31,-20.2,196.23,0
2023-07-27,Diesel Fuel,L,32,-20.8,191.82,0
2023-07-28,Diesel Fuel,L,33,-20.2,172.93,0
2023-07-29,Diesel Fuel,L,37,-19.7,185.58,0
2023-07-30,Diesel Fuel,L,31,-20.4,167.54,0
2023-07-31,Diesel Fuel,L,29,-19.1,185.28,0
2023-08-01,Diesel Fuel,L,33,-19.9,193.52,0
2023-08-02,Diesel Fuel,L,38,-20.2,205.84,0
2023-08-03,Diesel Fuel,L,30,-22.0,185.94,0
2023-08-04,Diesel Fuel,L,29,-22.4,173.9,0
2023-08-05,Diesel Fuel,L,24,-19.1,171.15,0
2023-08-06,Diesel Fuel,L,26,-20.9,189.58,0
2023-08-07,Diesel Fuel,L,36,-20.4,206.13,0
2023-08-08,Diesel Fuel,L,32,-21.3,287.23,1
2023-08-09,Diesel Fuel,L,29,-24.7,178.79,0
2023-08-10,Diesel Fuel,L,33,-23.4,185.03,0
2023-08-11,Diesel Fuel,L,41,-23.9,223.54,0
2023-08-12,Diesel Fuel,L,33,-23.1,180.05,0
2023-08-13,Diesel Fuel,L,39,-21.3,209.17,0
2023-08-14,Diesel Fuel,L,31,-20.9,183.13,0
2023-08-15,Diesel Fuel,L,38,-20.5,194.77,0
2023-08-16,Diesel Fuel,L,32,-21.9,191.95,0
2023-08-17,Diesel Fuel,L,32,-20.7,186.92,0
2023-08-18,Diesel Fuel,L,32,-21.0,197.94,0
2023-08-19,Diesel Fuel,L,34,-23.9,189.14,0
2023-08-20,Diesel Fuel,L,38,-22.2,190.05,0
2023-08-21,Diesel Fuel,L,34,-20.2,191.93,0
2023-08-22,Diesel Fuel,L,39,-18.0,209.5,0
2023-08-23,Diesel Fuel,L,34,-15.1,200.75,0
2023-08-24,Diesel Fuel,L,36,-14.6,196.28,0
2023-08-25,Diesel Fuel,L,35,-14.7,205.98,0
2023-08-26,Diesel Fuel,L,42,-13.8,195.97,0
2023-08-27,Diesel Fuel,L,39,-16.0,218.21,0
2023-08-28,Diesel Fuel,L,39,-19.0,213.62,0
2023-08-29,Diesel Fuel,L,37,-19.8,196.36,0
2023-08-30,Diesel Fuel,L,37,-17.8,214.1,0
2023-08-31,Diesel Fuel,L,36,-19.0,202.85,0
2023-09-01,Diesel Fuel,L,43,-18.3,232.93,0
2023-09-02,Diesel Fuel,L,35,-17.5,187.29,0
2023-09-03,Diesel Fuel,L,39,-17.3,197.85,0
2023-09-04,Diesel Fuel,L,43,-19.4,223.68,0
2023-09-05,Diesel Fuel,L,36,-18.7,199.9,0
2023-09-06,Diesel Fuel,L,42,-19.2,195.54,0
2023-09-07,Diesel Fuel,L,39,-16.5,229.31,0
2023-09-08,Diesel Fuel,L,42,-15.0,235.74,0
2023-09-09,Diesel Fuel,L,42,-16.0,215.94,0
2023-09-10,Diesel Fuel,L,36,-13.5,190.17,0
2023-09-11,Diesel Fuel,L,45,-13.6,211.66,0
2023-09-12,Diesel Fuel,L,41,-16.6,216.02,0
2023-09-13,Diesel Fuel,L,42,-16.8,232.03,0
2023-09-14,Diesel Fuel,L,45,-14.3,255.58,0
2023-09-15,Diesel Fuel,L,46,-15.9,219.29,0
2023-09-16,Diesel Fuel,L,47,-16.1,221.0,0
2023-09-17,Diesel Fuel,L,48,-18.2,226.42,0
2023-09-18,Diesel Fuel,L,39,-19.7,211.74,0
2023-09-19,Diesel Fuel,L,48,-20.4,217.37,0
2023-09-20,Diesel Fuel,L,47,-21.5,208.29,0
2023-09-21,Diesel Fuel,L,46,-21.5,221.22,0
2023-09-22,Diesel Fuel,L,49,-18.0,235.43,0
2023-09-23,Diesel Fuel,L,51,-17.6,260.26,0
2023-09-24,Diesel Fuel,L,46,-16.1,208.9,0
2023-09-25,Diesel Fuel,L,54,-14.3,259.13,0
2023-09-26,Diesel Fuel,L,53,-16.0,239.12,0
2023-09-27,Diesel Fuel,L,52,-17.0,234.85,0
2023-09-28,Diesel Fuel,L,47,-15.4,204.68,0
2023-09-29,Diesel Fuel,L,58,-16.2,258.91,0
2023-09-30,Diesel Fuel,L,53,-14.8,244.3,0
2023-10-01,Diesel Fuel,L,53,-12.1,272.39,0
2023-10-02,Diesel Fuel,L,53,-14.5,236.55,0
2023-10-03,Diesel Fuel,L,55,-14.9,268.14,0
2023-10-04,Diesel Fuel,L,57,-14.9,245.62,0
2023-10-05,Diesel Fuel,L,54,-15.4,237.95,0
2023-10-06,Diesel Fuel,L,51,-15.9,211.88,0
2023-10-07,Diesel Fuel,L,59,-16.2,273.04,0
2023-10-08,Diesel Fuel,L,54,-15.6,244.98,0
2023-10-09,Diesel Fuel,L,54,-14.9,242.75,0
2023-10-10,Diesel Fuel,L,57,-13.0,245.42,0
2023-10-11,Diesel Fuel,L,56,-12.9,250.78,0
2023-10-12,Diesel Fuel,L,59,-11.0,243.35,0
2023-10-13,Diesel Fuel,L,60,-12.0,263.81,0
2023-10-14,Diesel Fuel,L,58,-13.7,237.92,0
2023-10-15,Diesel Fuel,L,60,-13.7,255.22,0
2023-10-16,Diesel Fuel,L,59,-12.6,262.17,0
2023-10-17,Diesel Fuel,L,63,-11.0,286.27,0
2023-10-18,Diesel Fuel,L,63,-8.8,266.73,0
2023-10-19,Diesel Fuel,L,64,-8.6,286.48,0
2023-10-20,Diesel Fuel,L,61,-7.7,258.08,0
2023-10-21,Diesel Fuel,L,63,-6.0,247.97,0
2023-10-22,Diesel Fuel,L,65,-7.7,301.47,0
2023-10-23,Diesel Fuel,L,66,-8.3,268.72,0
2023-10-24,Diesel Fuel,L,66,-4.3,284.85,0
2023-10-25,Diesel Fuel,L,64,-3.7,254.69,0
2023-10-26,Diesel Fuel,L,62,-3.8,267.86,0
2023-10-27,Diesel Fuel,L,67,-3.2,277.27,0
2023-10-28,Diesel Fuel,L,68,-6.0,274.83,0
2023-10-29,Diesel Fuel,L,63,-7.3,295.06,0
2023-10-30,Diesel Fuel,L,70,-9.0,287.74,0
2023-10-31,Diesel Fuel,L,68,-8.2,269.3,0
2023-11-01,Diesel Fuel,L,68,-8.8,301.62,0
2023-11-02,Diesel Fuel,L,69,-8.5,247.74,0
2023-11-03,Diesel Fuel,L,72,-8.8,260.37,0
2023-11-04,Diesel Fuel,L,74,-11.0,306.21,0
2023-11-05,Diesel Fuel,L,70,-9.1,284.36,0
2023-11-06,Diesel Fuel,L,70,-11.5,272.0,0
2023-11-07,Diesel Fuel,L,73,-11.9,295.47,0
2023-11-08,Diesel Fuel,L,68,-13.1,294.47,0
2023-11-09,Diesel Fuel,L,75,-13.4,275.38,0
2023-11-10,Diesel Fuel,L,69,-12.1,277.47,0
2023-11-11,Diesel Fuel,L,69,-9.3,278.81,0
2023-11-12,Diesel Fuel,L,78,-11.2,306.22,0
2023-11-13,Diesel Fuel,L,68,-11.2,286.92,0
2023-11-14,Diesel Fuel,L,78,-13.0,265.68,0
2023-11-15,Diesel Fuel,L,80,-12.8,315.94,0
2023-11-16,Diesel Fuel,L,76,-11.6,262.04,0
2023-11-17,Diesel Fuel,L,78,-9.5,299.5,0
2023-11-18,Diesel Fuel,L,72,-12.0,268.13,0
2023-11-19,Diesel Fuel,L,75,-10.1,296.49,0
2023-11-20,Diesel Fuel,L,78,-10.8,312.57,0
2023-11-21,Diesel Fuel,L,79,-11.7,304.34,0
2023-11-22,Diesel Fuel,L,79,-10.5,291.05,0
2023-11-23,Diesel Fuel,L,79,-8.7,278.48,0
2023-11-24,Diesel Fuel,L,79,-8.2,301.52,0
2023-11-25,Diesel Fuel,L,75,-9.2,285.61,0
2023-11-26,Diesel Fuel,L,81,-8.6,313.39,0
2023-11-27,Diesel Fuel,L,77,-9.0,289.88,0
2023-11-28,Diesel Fuel,L,79,-7.3,327.31,0
2023-11-29,Diesel Fuel,L,85,-5.1,316.62,0
2023-11-30,Diesel Fuel,L,76,-3.4,309.62,0
2023-12-01,Diesel Fuel,L,81,-3.4,296.35,0
2023-12-02,Diesel Fuel,L,84,-1.7,325.94,0
2023-12-03,Diesel Fuel,L,84,-3.4,324.45,0
2023-12-04,Diesel Fuel,L,83,-0.7,296.79,0
2023-12-05,Diesel Fuel,L,81,-2.6,277.82,0
2023-12-06,Diesel Fuel,L,87,-5.7,345.19,0
2023-12-07,Diesel Fuel,L,80,-3.2,295.39,0
2023-12-08,Diesel Fuel,L,86,-4.1,305.49,0
2023-12-09,Diesel Fuel,L,85,-3.7,309.58,0
2023-12-10,Diesel Fuel,L,82,-5.1,290.95,0
2023-12-11,Diesel Fuel,L,84,-1.1,323.76,0
2023-12-12,Diesel Fuel,L,90,1.4,325.82,0
2023-12-13,Diesel Fuel,L,82,3.2,307.76,0
2023-12-14,Diesel Fuel,L,80,2.6,322.63,0
2023-12-15,Diesel Fuel,L,84,3.4,313.47,0
2023-12-16,Diesel Fuel,L,87,2.5,348.94,0
2023-12-17,Diesel Fuel,L,91,3.5,328.01,0
2023-12-18,Diesel Fuel,L,87,2.1,290.0,0
2023-12-19,Diesel Fuel,L,82,3.9,290.48,0
2023-12-20,Diesel Fuel,L,87,2.4,304.89,0
2023-12-21,Diesel Fuel,L,90,1.3,328.21,0
2023-12-22,Diesel Fuel,L,88,0.2,350.53,0
2023-12-23,Diesel Fuel,L,89,0.2,327.26,0
2023-12-24,Diesel Fuel,L,82,-0.6,302.79,0
2023-12-25,Diesel Fuel,L,84,0.0,305.93,0
2023-12-26,Diesel Fuel,L,88,-0.9,332.04,0
2023-12-27,Diesel Fuel,L,92,0.2,339.05,0
2023-12-28,Diesel Fuel,L,86,2.3,331.54,0
2023-12-29,Diesel Fuel,L,89,1.9,309.94,0
2023-12-30,Diesel Fuel,L,89,4.8,367.3,0
2023-12-31,Diesel Fuel,L,86,5.6,309.86,0
2024-01-01,Diesel Fuel,L,87,7.8,306.65,0
2024-01-02,Diesel Fuel,L,89,6.4,346.8,0
2024-01-03,Diesel Fuel,L,88,2.8,338.59,0
2024-01-04,Diesel Fuel,L,92,1.2,318.02,0
2024-01-05,Diesel Fuel,L,88,-0.1,334.3,0
2024-01-06,Diesel Fuel,L,92,-1.6,322.92,0
2024-01-07,Diesel Fuel,L,89,-4.8,333.49,0
2024-01-08,Diesel Fuel,L,90,-2.7,331.58,0
2024-01-09,Diesel Fuel,L,92,-5.2,383.53,0
2024-01-10,Diesel Fuel,L,90,-3.2,354.44,0
2024-01-11,Diesel Fuel,L,89,0.4,344.31,0
2024-01-12,Diesel Fuel,L,90,-0.9,341.31,0
2024-01-13,Diesel Fuel,L,93,-0.4,308.28,0
2024-01-14,Diesel Fuel,L,91,-1.1,332.45,0
2024-01-15,Diesel Fuel,L,84,0.2,303.39,0
2024-01-16,Diesel Fuel,L,88,-1.8,320.84,0
2024-01-17,Diesel Fuel,L,88,-1.9,323.53,0
2024-01-18,Diesel Fuel,L,92,-0.1,296.8,0
2024-01-19,Diesel Fuel,L,84,-0.3,306.39,0
2024-01-20,Diesel Fuel,L,91,-2.9,331.97,0
2024-01-21,Diesel Fuel,L,92,-0.7,349.44,0
2024-01-22,Diesel Fuel,L,92,-2.8,316.23,0
2024-01-23,Diesel Fuel,L,89,-2.4,309.07,0
2024-01-24,Diesel Fuel,L,85,-1.4,298.31,0
2024-01-25,Diesel Fuel,L,89,-1.2,317.84,0
2024-01-26,Diesel Fuel,L,94,2.6,312.89,0
2024-01-27,Diesel Fuel,L,88,3.1,346.77,0
2024-01-28,Diesel Fuel,L,96,2.1,356.25,0
2024-01-29,Diesel Fuel,L,92,2.5,384.69,0
2024-01-30,Diesel Fuel,L,89,2.2,313.28,0
2024-01-31,Diesel Fuel,L,90,1.6,342.83,0
2024-02-01,Diesel Fuel,L,90,1.5,302.26,0
2024-02-02,Diesel Fuel,L,87,0.3,346.91,0
2024-02-03,Diesel Fuel,L,87,0.3,314.7,0
2024-02-04,Diesel Fuel,L,94,-0.8,334.2,0
2024-02-05,Diesel Fuel,L,93,-3.8,360.22,0
2024-02-06,Diesel Fuel,L,87,-1.9,342.74,0
2024-02-07,Diesel Fuel,L,85,-2.8,296.43,0
2024-02-08,Diesel Fuel,L,83,-2.5,308.06,0
2024-02-09,Diesel Fuel,L,94,-3.6,365.76,0
2024-02-10,Diesel Fuel,L,90,-4.6,320.42,0
2024-02-11,Diesel Fuel,L,91,-5.8,336.58,0
2024-02-12,Diesel Fuel,L,85,-3.9,325.51,0
2024-02-13,Diesel Fuel,L,85,-2.0,627.72,1
2024-02-14,Diesel Fuel,L,83,-2.1,322.31,0
2024-02-15,Diesel Fuel,L,76,-3.1,289.06,0
2024-02-16,Diesel Fuel,L,83,-5.6,274.42,0
2024-02-17,Diesel Fuel,L,86,-4.1,331.23,0
2024-02-18,Diesel Fuel,L,86,-5.0,321.41,0
2024-02-19,Diesel Fuel,L,83,-6.4,344.5,0
2024-02-20,Diesel Fuel,L,86,-6.0,733.51,1
2024-02-21,Diesel Fuel,L,82,-6.2,298.33,0
2024-02-22,Diesel Fuel,L,86,-8.1,295.32,0
2024-02-23,Diesel Fuel,L,86,-9.6,316.39,0
2024-02-24,Diesel Fuel,L,86,-8.2,326.17,0
2024-02-25,Diesel Fuel,L,83,-8.6,314.02,0
2024-02-26,Diesel Fuel,L,80,-7.2,281.26,0
2024-02-27,Diesel Fuel,L,79,-6.6,251.24,0
2024-02-28,Diesel Fuel,L,75,-4.8,274.71,0
2024-02-29,Diesel Fuel,L,84,-6.0,267.72,0
2024-03-01,Diesel Fuel,L,76,-5.5,276.75,0
2024-03-02,Diesel Fuel,L,80,-4.5,307.84,0
2024-03-03,Diesel Fuel,L,81,-5.6,332.78,0
2024-03-04,Diesel Fuel,L,77,-3.9,252.53,0
2024-03-05,Diesel Fuel,L,79,-6.6,283.13,0
2024-03-06,Diesel Fuel,L,80,-7.8,311.72,0
2024-03-07,Diesel Fuel,L,78,-10.0,292.2,0
2024-03-08,Diesel Fuel,L,80,-10.6,308.37,0
2024-03-09,Diesel Fuel,L,77,-10.2,304.68,0
2024-03-10,Diesel Fuel,L,77,-8.3,290.01,0
2024-03-11,Diesel Fuel,L,74,-8.3,311.02,0
2024-03-12,Diesel Fuel,L,76,-9.0,338.15,0
2024-03-13,Diesel Fuel,L,76,-11.0,276.81,0
2024-03-14,Diesel Fuel,L,73,-12.2,304.82,0
2024-03-15,Diesel Fuel,L,77,-11.0,335.9,0
2024-03-16,Diesel Fuel,L,68,-9.2,299.64,0
2024-03-17,Diesel Fuel,L,78,-9.6,287.78,0
2024-03-18,Diesel Fuel,L,70,-7.5,274.58,0
2024-03-19,Diesel Fuel,L,77,-9.0,266.64,0
2024-03-20,Diesel Fuel,L,75,-9.4,598.04,1
2024-03-21,Diesel Fuel,L,76,-9.7,285.79,0
2024-03-22,Diesel Fuel,L,69,-7.3,285.24,0
2024-03-23,Diesel Fuel,L,71,-7.3,263.22,0
2024-03-24,Diesel Fuel,L,72,-10.2,286.98,0
2024-03-25,Diesel Fuel,L,72,-8.6,288.84,0
2024-03-26,Diesel Fuel,L,73,-5.9,278.9,0
2024-03-27,Diesel Fuel,L,72,-6.8,299.08,0
2024-03-28,Diesel Fuel,L,71,-8.6,275.17,0
2024-03-29,Diesel Fuel,L,70,-7.5,285.57,0
2024-03-30,Diesel Fuel,L,70,-4.9,257.6,0
2024-03-31,Diesel Fuel,L,68,-4.4,261.58,0
2024-04-01,Diesel Fuel,L,71,-7.8,298.9,0
2024-04-02,Diesel Fuel,L,67,-7.0,245.34,0
2024-04-03,Diesel Fuel,L,61,-7.0,269.76,0
2024-04-04,Diesel Fuel,L,70,-9.0,275.01,0
2024-04-05,Diesel Fuel,L,67,-7.4,239.53,0
2024-04-06,Diesel Fuel,L,64,-7.3,258.38,0
2024-04-07,Diesel Fuel,L,65,-6.0,279.35,0
2024-04-08,Diesel Fuel,L,68,-8.4,313.62,0
2024-04-09,Diesel Fuel,L,64,-8.4,295.5,0
2024-04-10,Diesel Fuel,L,67,-10.3,258.29,0
2024-04-11,Diesel Fuel,L,64,-10.2,278.98,0
2024-04-12,Diesel Fuel,L,61,-8.3,251.48,0
2024-04-13,Diesel Fuel,L,57,-11.1,240.18,0
2024-04-14,Diesel Fuel,L,61,-13.4,275.34,0
2024-04-15,Diesel Fuel,L,64,-11.9,270.28,0
2024-04-16,Diesel Fuel,L,58,-12.1,255.5,0
2024-04-17,Diesel Fuel,L,60,-10.6,230.72,0
2024-04-18,Diesel Fuel,L,63,-12.2,248.95,0
2024-04-19,Diesel Fuel,L,53,-12.4,226.87,0
2024-04-20,Diesel Fuel,L,59,-11.6,262.16,0
2024-04-21,Diesel Fuel,L,59,-11.7,265.53,0
2024-04-22,Diesel Fuel,L,58,-14.7,278.91,0
2024-04-23,Diesel Fuel,L,51,-10.5,221.3,0
2024-04-24,Diesel Fuel,L,53,-10.8,264.77,0
2024-04-25,Diesel Fuel,L,49,-13.4,226.63,0
2024-04-26,Diesel Fuel,L,51,-13.2,236.21,0
2024-04-27,Diesel Fuel,L,57,-12.9,247.99,0
2024-04-28,Diesel Fuel,L,52,-11.8,240.86,0
2024-04-29,Diesel Fuel,L,55,-11.0,254.65,0
2024-04-30,Diesel Fuel,L,55,-12.0,259.87,0
2024-05-01,Diesel Fuel,L,49,-15.2,227.2,0
2024-05-02,Diesel Fuel,L,52,-14.6,239.1,0
2024-05-03,Diesel Fuel,L,46,-17.4,211.38,0
2024-05-04,Diesel Fuel,L,51,-15.4,245.12,0
2024-05-05,Diesel Fuel,L,51,-16.7,239.57,0
2024-05-06,Diesel Fuel,L,49,-15.8,469.58,1
2024-05-07,Diesel Fuel,L,44,-16.9,202.27,0
2024-05-08,Diesel Fuel,L,44,-17.7,220.83,0
2024-05-09,Diesel Fuel,L,56,-18.9,268.12,0
2024-05-10,Diesel Fuel,L,49,-17.6,253.04,0
2024-05-11,Diesel Fuel,L,46,-18.5,206.43,0
2024-05-12,Diesel Fuel,L,50,-17.3,246.55,0
2024-05-13,Diesel Fuel,L,51,-18.3,247.43,0
2024-05-14,Diesel Fuel,L,49,-18.6,250.46,0
2024-05-15,Diesel Fuel,L,45,-18.5,227.65,0
2024-05-16,Diesel Fuel,L,44,-18.3,214.43,0
2024-05-17,Diesel Fuel,L,47,-19.7,237.18,0
2024-05-18,Diesel Fuel,L,43,-18.5,182.93,0
2024-05-19,Diesel Fuel,L,47,-19.0,212.9,0
2024-05-20,Diesel Fuel,L,43,-18.2,205.04,0
2024-05-21,Diesel Fuel,L,45,-18.4,212.38,0
2024-05-22,Diesel Fuel,L,45,-17.6,201.0,0
2024-05-23,Diesel Fuel,L,38,-18.5,197.1,0
2024-05-24,Diesel Fuel,L,42,-19.9,207.03,0
2024-05-25,Diesel Fuel,L,44,-19.2,215.52,0
2024-05-26,Diesel Fuel,L,38,-20.1,207.73,0
2024-05-27,Diesel Fuel,L,39,-17.9,190.9,0
2024-05-28,Diesel Fuel,L,43,-18.1,210.44,0
2024-05-29,Diesel Fuel,L,44,-20.5,218.0,0
2024-05-30,Diesel Fuel,L,29,-21.4,161.83,0
2024-05-31,Diesel Fuel,L,42,-22.8,213.68,0
2024-06-01,Diesel Fuel,L,31,-20.8,189.66,0
2024-06-02,Diesel Fuel,L,38,-19.7,213.48,0
2024-06-03,Diesel Fuel,L,34,-19.9,178.92,0
2024-06-04,Diesel Fuel,L,36,-19.7,197.42,0
2024-06-05,Diesel Fuel,L,37,-20.0,216.77,0
2024-06-06,Diesel Fuel,L,38,-18.9,182.82,0
2024-06-07,Diesel Fuel,L,41,-18.5,211.35,0
2024-06-08,Diesel Fuel,L,32,-17.9,171.82,0
2024-06-09,Diesel Fuel,L,39,-18.7,201.19,0
2024-06-10,Diesel Fuel,L,35,-20.1,187.31,0
2024-06-11,Diesel Fuel,L,34,-19.4,198.6,0
2024-06-12,Diesel Fuel,L,40,-17.4,205.09,0
2024-06-13,Diesel Fuel,L,37,-16.4,185.81,0
2024-06-14,Diesel Fuel,L,29,-14.9,197.9,0
2024-06-15,Diesel Fuel,L,34,-15.7,195.8,0
2024-06-16,Diesel Fuel,L,32,-18.1,200.31,0
2024-06-17,Diesel Fuel,L,32,-20.1,368.96,1
2024-06-18,Diesel Fuel,L,33,-18.3,187.1,0
2024-06-19,Diesel Fuel,L,34,-21.7,206.21,0
2024-06-20,Diesel Fuel,L,29,-19.6,173.69,0
2024-06-21,Diesel Fuel,L,32,-21.2,189.46,0
2024-06-22,Diesel Fuel,L,31,-18.5,185.96,0
2024-06-23,Diesel Fuel,L,33,-19.2,164.55,0
2024-06-24,Diesel Fuel,L,32,-18.7,188.41,0
2024-06-25,Diesel Fuel,L,35,-15.7,191.27,0
2024-06-26,Diesel Fuel,L,32,-17.2,362.99,1
2024-06-27,Diesel Fuel,L,33,-18.6,183.38,0
2024-06-28,Diesel Fuel,L,32,-20.3,174.75,0
2024-06-29,Diesel Fuel,L,28,-22.2,170.92,0
2024-06-30,Diesel Fuel,L,30,-22.8,178.9,0
2024-07-01,Diesel Fuel,L,29,-23.6,188.98,0
2024-07-02,Diesel Fuel,L,33,-25.4,186.09,0
2024-07-03,Diesel Fuel,L,33,-25.4,193.82,0
2024-07-04,Diesel Fuel,L,30,-24.3,187.15,0
2024-07-05,Diesel Fuel,L,31,-25.5,181.47,0
2024-07-06,Diesel Fuel,L,26,-25.4,185.24,0
2024-07-07,Diesel Fuel,L,29,-22.9,178.16,0
2024-07-08,Diesel Fuel,L,23,-25.1,161.87,0
2024-07-09,Diesel Fuel,L,33,-21.9,204.82,0
2024-07-10,Diesel Fuel,L,37,-23.0,203.87,0
2024-07-11,Diesel Fuel,L,28,-22.7,153.95,0
2024-07-12,Diesel Fuel,L,31,-20.9,157.16,0
2024-07-13,Diesel Fuel,L,31,-18.8,204.58,0
2024-07-14,Diesel Fuel,L,27,-18.8,177.71,0
2024-07-15,Diesel Fuel,L,30,-20.4,182.52,0
2024-07-16,Diesel Fuel,L,31,-22.0,162.22,0
2024-07-17,Diesel Fuel,L,31,-23.0,185.61,0
2024-07-18,Diesel Fuel,L,30,-20.2,172.75,0
2024-07-19,Diesel Fuel,L,29,-21.1,178.6,0
2024-07-20,Diesel Fuel,L,28,-20.9,171.69,0
2024-07-21,Diesel Fuel,L,32,-22.8,186.42,0
2024-07-22,Diesel Fuel,L,35,-24.5,199.72,0
2024-07-23,Diesel Fuel,L,24,-24.2,173.72,0
2024-07-24,Diesel Fuel,L,24,-24.5,169.29,0
2024-07-25,Diesel Fuel,L,27,-24.6,178.59,0
2024-07-26,Diesel Fuel,L,29,-26.5,163.12,0
2024-07-27,Diesel Fuel,L,30,-26.0,184.19,0
2024-07-28,Diesel Fuel,L,31,-23.2,189.6,0
2024-07-29,Diesel Fuel,L,31,-24.4,186.53,0
2024-07-30,Diesel Fuel,L,31,-22.7,203.91,0
2024-07-31,Diesel Fuel,L,35,-27.9,194.77,0
2024-08-01,Diesel Fuel,L,28,-28.2,166.03,0
2024-08-02,Diesel Fuel,L,34,-30.2,195.7,0
2024-08-03,Diesel Fuel,L,37,-27.1,195.82,0
2024-08-04,Diesel Fuel,L,27,-25.0,159.13,0
2024-08-05,Diesel Fuel,L,26,-26.1,171.91,0
2024-08-06,Diesel Fuel,L,33,-25.1,209.56,0
2024-08-07,Diesel Fuel,L,34,-22.8,190.39,0
2024-08-08,Diesel Fuel,L,33,-20.6,204.39,0
2024-08-09,Diesel Fuel,L,26,-21.3,182.13,0
2024-08-10,Diesel Fuel,L,28,-24.7,205.52,0
2024-08-11,Diesel Fuel,L,32,-25.5,195.24,0
2024-08-12,Diesel Fuel,L,35,-23.7,198.22,0
2024-08-13,Diesel Fuel,L,32,-20.2,190.4,0
2024-08-14,Diesel Fuel,L,34,-20.4,197.62,0
2024-08-15,Diesel Fuel,L,35,-21.4,193.92,0
2024-08-16,Diesel Fuel,L,37,-17.7,195.28,0
2024-08-17,Diesel Fuel,L,31,-17.6,191.74,0
2024-08-18,Diesel Fuel,L,35,-19.9,189.32,0
2024-08-19,Diesel Fuel,L,39,-20.2,183.59,0
2024-08-20,Diesel Fuel,L,33,-18.7,176.6,0
2024-08-21,Diesel Fuel,L,34,-19.0,213.37,0
2024-08-22,Diesel Fuel,L,36,-18.0,195.18,0
2024-08-23,Diesel Fuel,L,33,-20.7,200.78,0
2024-08-24,Diesel Fuel,L,33,-22.7,184.15,0
2024-08-25,Diesel Fuel,L,36,-23.4,210.43,0
2024-08-26,Diesel Fuel,L,37,-23.3,207.13,0
2024-08-27,Diesel Fuel,L,40,-22.2,234.59,0
2024-08-28,Diesel Fuel,L,35,-20.8,212.47,0
2024-08-29,Diesel Fuel,L,38,-16.9,212.76,0
2024-08-30,Diesel Fuel,L,42,-18.3,206.32,0
2024-08-31,Diesel Fuel,L,43,-18.9,201.18,0
2024-09-01,Diesel Fuel,L,39,-19.9,204.96,0
2024-09-02,Diesel Fuel,L,40,-18.1,209.13,0
2024-09-03,Diesel Fuel,L,38,-16.4,198.7,0
2024-09-04,Diesel Fuel,L,42,-17.4,222.77,0
2024-09-05,Diesel Fuel,L,46,-14.4,224.09,0
2024-09-06,Diesel Fuel,L,45,-16.0,220.85,0
2024-09-07,Diesel Fuel,L,42,-14.7,232.77,0
2024-09-08,Diesel Fuel,L,43,-13.0,216.79,0
2024-09-09,Diesel Fuel,L,40,-15.7,191.56,0
2024-09-10,Diesel Fuel,L,40,-15.1,221.22,0
2024-09-11,Diesel Fuel,L,42,-19.5,216.77,0
2024-09-12,Diesel Fuel,L,45,-17.9,217.6,0
2024-09-13,Diesel Fuel,L,47,-19.4,213.46,0
2024-09-14,Diesel Fuel,L,45,-18.1,238.0,0
2024-09-15,Diesel Fuel,L,47,-16.7,248.85,0
2024-09-16,Diesel Fuel,L,38,-15.0,195.27,0
2024-09-17,Diesel Fuel,L,47,-13.8,229.42,0
2024-09-18,Diesel Fuel,L,45,-14.0,226.33,0
2024-09-19,Diesel Fuel,L,43,-14.9,193.19,0
2024-09-20,Diesel Fuel,L,49,-15.1,229.96,0
2024-09-21,Diesel Fuel,L,52,-16.8,213.4,0
2024-09-22,Diesel Fuel,L,49,-16.9,230.66,0
2024-09-23,Diesel Fuel,L,52,-17.0,270.7,0
2024-09-24,Diesel Fuel,L,48,-17.9,208.76,0
2024-09-25,Diesel Fuel,L,56,-20.0,276.9,0
2024-09-26,Diesel Fuel,L,46,-21.1,248.19,0
2024-09-27,Diesel Fuel,L,51,-24.8,237.38,0
2024-09-28,Diesel Fuel,L,54,-23.7,252.28,0
2024-09-29,Diesel Fuel,L,52,-21.7,235.24,0
2024-09-30,Diesel Fuel,L,57,-24.5,245.61,0
2024-10-01,Diesel Fuel,L,47,-22.5,229.8,0
2024-10-02,Diesel Fuel,L,53,-21.3,230.48,0
2024-10-03,Diesel Fuel,L,53,-21.9,248.71,0
2024-10-04,Diesel Fuel,L,54,-21.2,244.79,0
2024-10-05,Diesel Fuel,L,50,-18.3,218.7,0
2024-10-06,Diesel Fuel,L,55,-18.9,256.64,0
2024-10-07,Diesel Fuel,L,55,-17.8,256.77,0
2024-10-08,Diesel Fuel,L,57,-16.5,267.44,0
2024-10-09,Diesel Fuel,L,60,-17.0,250.65,0
2024-10-10,Diesel Fuel,L,58,-14.7,268.21,0
2024-10-11,Diesel Fuel,L,59,-13.7,287.96,0
2024-10-12,Diesel Fuel,L,62,-13.7,262.66,0
2024-10-13,Diesel Fuel,L,63,-9.8,265.55,0
2024-10-14,Diesel Fuel,L,52,-8.5,246.2,0
2024-10-15,Diesel Fuel,L,63,-11.4,229.76,0
2024-10-16,Diesel Fuel,L,63,-11.8,242.52,0
2024-10-17,Diesel Fuel,L,60,-7.9,247.44,0
2024-10-18,Diesel Fuel,L,60,-9.8,251.11,0
2024-10-19,Diesel Fuel,L,59,-9.7,255.6,0
2024-10-20,Diesel Fuel,L,57,-7.9,252.59,0
2024-10-21,Diesel Fuel,L,66,-7.2,248.03,0
2024-10-22,Diesel Fuel,L,66,-6.4,288.76,0
2024-10-23,Diesel Fuel,L,64,-5.7,270.36,0
2024-10-24,Diesel Fuel,L,67,-6.2,273.44,0
2024-10-25,Diesel Fuel,L,68,-7.8,283.43,0
2024-10-26,Diesel Fuel,L,60,-7.3,246.31,0
2024-10-27,Diesel Fuel,L,67,-8.1,269.06,0
2024-10-28,Diesel Fuel,L,66,-8.9,253.16,0
2024-10-29,Diesel Fuel,L,69,-6.6,240.74,0
2024-10-30,Diesel Fuel,L,68,-7.4,271.31,0
2024-10-31,Diesel Fuel,L,71,-4.9,310.95,0
2024-11-01,Diesel Fuel,L,64,-4.9,255.82,0
2024-11-02,Diesel Fuel,L,73,-5.6,260.04,0
2024-11-03,Diesel Fuel,L,68,-8.6,284.88,0
2024-11-04,Diesel Fuel,L,70,-5.2,271.43,0
2024-11-05,Diesel Fuel,L,65,-5.5,274.45,0
2024-11-06,Diesel Fuel,L,71,-9.1,294.2,0
2024-11-07,Diesel Fuel,L,72,-7.3,276.24,0
2024-11-08,Diesel Fuel,L,72,-7.2,291.96,0
2024-11-09,Diesel Fuel,L,70,-8.5,279.78,0
2024-11-10,Diesel Fuel,L,69,-6.8,244.71,0
2024-11-11,Diesel Fuel,L,75,-10.5,283.92,0
2024-11-12,Diesel Fuel,L,69,-10.9,264.74,0
2024-11-13,Diesel Fuel,L,77,-10.5,271.07,0
2024-11-14,Diesel Fuel,L,80,-8.5,289.23,0
2024-11-15,Diesel Fuel,L,82,-4.7,320.76,0
2024-11-16,Diesel Fuel,L,73,-5.2,286.96,0
2024-11-17,Diesel Fuel,L,78,-4.5,265.36,0
2024-11-18,Diesel Fuel,L,75,-0.4,270.78,0
2024-11-19,Diesel Fuel,L,81,-1.1,305.03,0
2024-11-20,Diesel Fuel,L,79,-0.9,299.83,0
2024-11-21,Diesel Fuel,L,77,-3.3,290.13,0
2024-11-22,Diesel Fuel,L,76,-0.5,305.78,0
2024-11-23,Diesel Fuel,L,78,-2.2,304.48,0
2024-11-24,Diesel Fuel,L,77,-2.1,285.32,0
2024-11-25,Diesel Fuel,L,79,-2.0,288.07,0
2024-11-26,Diesel Fuel,L,80,-2.2,299.04,0
2024-11-27,Diesel Fuel,L,79,-3.0,262.98,0
2024-11-28,Diesel Fuel,L,79,-2.8,305.75,0
2024-11-29,Diesel Fuel,L,83,-0.2,285.95,0
2024-11-30,Diesel Fuel,L,84,2.7,334.21,0
2024-12-01,Diesel Fuel,L,79,1.5,268.83,0
2024-12-02,Diesel Fuel,L,82,0.2,313.6,0
2024-12-03,Diesel Fuel,L,80,-1.5,266.34,0
2024-12-04,Diesel Fuel,L,91,2.3,315.68,0
2024-12-05,Diesel Fuel,L,80,1.7,309.17,0
2024-12-06,Diesel Fuel,L,84,2.7,328.75,0
2024-12-07,Diesel Fuel,L,85,3.0,330.33,0
2024-12-08,Diesel Fuel,L,82,5.5,319.45,0
2024-12-09,Diesel Fuel,L,82,3.9,321.49,0
2024-12-10,Diesel Fuel,L,84,1.3,328.1,0
2024-12-11,Diesel Fuel,L,82,3.6,296.38,0
2024-12-12,Diesel Fuel,L,86,4.1,309.03,0
2024-12-13,Diesel Fuel,L,83,3.8,321.62,0
2024-12-14,Diesel Fuel,L,86,5.3,337.04,0
2024-12-15,Diesel Fuel,L,80,5.0,298.94,0
2024-12-16,Diesel Fuel,L,84,6.3,301.19,0
2024-12-17,Diesel Fuel,L,85,5.5,302.88,0
2024-12-18,Diesel Fuel,L,90,5.7,309.32,0
2024-12-19,Diesel Fuel,L,82,5.4,314.98,0
2024-12-20,Diesel Fuel,L,90,3.9,347.66,0
2024-12-21,Diesel Fuel,L,89,2.8,332.52,0
2024-12-22,Diesel Fuel,L,82,1.6,305.99,0
2024-12-23,Diesel Fuel,L,89,1.5,360.33,0
2024-12-24,Diesel Fuel,L,85,0.4,313.65,0
2024-12-25,Diesel Fuel,L,90,0.8,352.79,0
2024-12-26,Diesel Fuel,L,90,1.1,304.52,0
2024-12-27,Diesel Fuel,L,91,1.1,332.51,0
2024-12-28,Diesel Fuel,L,87,1.1,739.65,1
2024-12-29,Diesel Fuel,L,91,-0.1,310.16,0
2024-12-30,Diesel Fuel,L,94,-0.7,319.46,0
2024-12-31,Diesel Fuel,L,88,-3.2,323.51,0
2025-01-01,Diesel Fuel,L,89,-3.1,315.66,0
2025-01-02,Diesel Fuel,L,91,-4.3,288.96,0
2025-01-03,Diesel Fuel,L,81,-3.6,297.57,0
2025-01-04,Diesel Fuel,L,87,-4.3,308.27,0
2025-01-05,Diesel Fuel,L,93,-6.9,300.53,0
2025-01-06,Diesel Fuel,L,90,-2.6,335.82,0
2025-01-07,Diesel Fuel,L,89,-2.7,337.51,0
2025-01-08,Diesel Fuel,L,87,-0.3,330.7,0
2025-01-09,Diesel Fuel,L,90,-1.2,359.79,0
2025-01-10,Diesel Fuel,L,88,1.4,299.58,0
2025-01-11,Diesel Fuel,L,85,-0.7,293.55,0
2025-01-12,Diesel Fuel,L,94,-0.4,335.06,0
2025-01-13,Diesel Fuel,L,88,-2.2,319.67,0
2025-01-14,Diesel Fuel,L,89,1.9,326.19,0
2025-01-15,Diesel Fuel,L,85,1.1,329.75,0
2025-01-16,Diesel Fuel,L,88,2.0,316.27,0
2025-01-17,Diesel Fuel,L,93,2.2,353.85,0
2025-01-18,Diesel Fuel,L,93,1.7,317.78,0
2025-01-19,Diesel Fuel,L,90,2.1,316.08,0
2025-01-20,Diesel Fuel,L,88,3.6,299.79,0
2025-01-21,Diesel Fuel,L,90,3.9,259.27,0
2025-01-22,Diesel Fuel,L,91,3.4,293.92,0
2025-01-23,Diesel Fuel,L,85,3.5,330.86,0
2025-01-24,Diesel Fuel,L,90,5.6,347.57,0
2025-01-25,Diesel Fuel,L,92,4.0,305.41,0
2025-01-26,Diesel Fuel,L,89,0.4,341.69,0
2025-01-27,Diesel Fuel,L,89,-1.5,661.69,1
2025-01-28,Diesel Fuel,L,87,-3.1,300.08,0
2025-01-29,Diesel Fuel,L,90,-4.2,318.32,0
2025-01-30,Diesel Fuel,L,94,-5.1,358.86,0
2025-01-31,Diesel Fuel,L,93,-4.6,371.21,0
2025-02-01,Diesel Fuel,L,87,-3.8,311.23,0
2025-02-02,Diesel Fuel,L,87,-3.1,318.57,0
2025-02-03,Diesel Fuel,L,93,-4.1,355.63,0
2025-02-04,Diesel Fuel,L,90,-2.3,370.91,0
2025-02-05,Diesel Fuel,L,90,-1.4,349.78,0
2025-02-06,Diesel Fuel,L,82,0.8,284.52,0
2025-02-07,Diesel Fuel,L,90,1.6,343.13,0
2025-02-08,Diesel Fuel,L,87,0.5,306.44,0
2025-02-09,Diesel Fuel,L,88,2.0,348.2,0
2025-02-10,Diesel Fuel,L,85,1.8,325.93,0
2025-02-11,Diesel Fuel,L,92,2.3,310.5,0
2025-02-12,Diesel Fuel,L,84,2.6,332.26,0
2025-02-13,Diesel Fuel,L,92,1.6,341.3,0
2025-02-14,Diesel Fuel,L,86,1.1,323.96,0
2025-02-15,Diesel Fuel,L,85,0.3,314.56,0
2025-02-16,Diesel Fuel,L,83,-1.5,299.97,0
2025-02-17,Diesel Fuel,L,84,-5.0,324.88,0
2025-02-18,Diesel Fuel,L,84,-5.8,354.97,0
2025-02-19,Diesel Fuel,L,85,-5.2,351.92,0
2025-02-20,Diesel Fuel,L,86,-3.3,314.02,0
2025-02-21,Diesel Fuel,L,83,-2.2,270.81,0
2025-02-22,Diesel Fuel,L,85,-2.9,304.64,0
2025-02-23,Diesel Fuel,L,87,-4.1,323.03,0
2025-02-24,Diesel Fuel,L,86,-4.4,323.35,0
2025-02-25,Diesel Fuel,L,85,-5.8,333.01,0
2025-02-26,Diesel Fuel,L,84,-8.8,328.26,0
2025-02-27,Diesel Fuel,L,79,-10.5,316.38,0
2025-02-28,Diesel Fuel,L,82,-7.5,297.51,0
2025-03-01,Diesel Fuel,L,78,-4.4,289.2,0
2025-03-02,Diesel Fuel,L,84,-3.3,292.42,0
2025-03-03,Diesel Fuel,L,82,-3.7,312.82,0
2025-03-04,Diesel Fuel,L,84,-6.0,329.9,0
2025-03-05,Diesel Fuel,L,83,-6.2,331.22,0
2025-03-06,Diesel Fuel,L,81,-5.2,260.02,0
2025-03-07,Diesel Fuel,L,77,-4.0,304.39,0
2025-03-08,Diesel Fuel,L,72,-3.3,266.01,0
2025-03-09,Diesel Fuel,L,80,-1.9,313.32,0
2025-03-10,Diesel Fuel,L,77,0.4,276.25,0
2025-03-11,Diesel Fuel,L,80,-1.3,315.74,0
2025-03-12,Diesel Fuel,L,79,2.1,698.12,1
2025-03-13,Diesel Fuel,L,78,-2.2,286.69,0
2025-03-14,Diesel Fuel,L,77,-4.1,310.34,0
2025-03-15,Diesel Fuel,L,71,-4.3,272.3,0
2025-03-16,Diesel Fuel,L,79,-3.9,318.14,0
2025-03-17,Diesel Fuel,L,71,-4.7,294.28,0
2025-03-18,Diesel Fuel,L,73,-5.9,285.01,0
2025-03-19,Diesel Fuel,L,73,-2.9,278.26,0
2025-03-20,Diesel Fuel,L,74,-4.4,311.02,0
2025-03-21,Diesel Fuel,L,72,-6.5,298.85,0
2025-03-22,Diesel Fuel,L,71,-4.3,309.37,0
2025-03-23,Diesel Fuel,L,75,-3.6,260.64,0
2025-03-24,Diesel Fuel,L,68,-2.7,269.18,0
2025-03-25,Diesel Fuel,L,70,-3.4,271.33,0
2025-03-26,Diesel Fuel,L,64,-6.3,273.36,0
2025-03-27,Diesel Fuel,L,67,-6.6,257.05,0
2025-03-28,Diesel Fuel,L,65,-9.3,255.4,0
2025-03-29,Diesel Fuel,L,71,-9.0,283.65,0
2025-03-30,Diesel Fuel,L,69,-8.1,246.57,0
2025-03-31,Diesel Fuel,L,66,-6.8,237.58,0
2025-04-01,Diesel Fuel,L,58,-7.4,249.18,0
2025-04-02,Diesel Fuel,L,63,-6.8,304.78,0
2025-04-03,Diesel Fuel,L,63,-8.7,265.19,0
2025-04-04,Diesel Fuel,L,65,-7.5,261.9,0
2025-04-05,Diesel Fuel,L,68,-7.0,282.22,0
2025-04-06,Diesel Fuel,L,61,-8.9,267.54,0
2025-04-07,Diesel Fuel,L,61,-8.4,256.46,0
2025-04-08,Diesel Fuel,L,59,-7.3,243.05,0
2025-04-09,Diesel Fuel,L,64,-7.8,240.6,0
2025-04-10,Diesel Fuel,L,57,-9.6,262.44,0
2025-04-11,Diesel Fuel,L,57,-9.7,241.98,0
2025-04-12,Diesel Fuel,L,64,-9.3,273.55,0
2025-04-13,Diesel Fuel,L,66,-11.0,288.5,0
2025-04-14,Diesel Fuel,L,61,-12.8,254.74,0
2025-04-15,Diesel Fuel,L,60,-12.0,517.62,1
2025-04-16,Diesel Fuel,L,67,-10.9,270.0,0
2025-04-17,Diesel Fuel,L,58,-8.0,248.71,0
2025-04-18,Diesel Fuel,L,58,-7.8,258.47,0
2025-04-19,Diesel Fuel,L,57,-10.5,240.64,0
2025-04-20,Diesel Fuel,L,63,-7.9,253.35,0
2025-04-21,Diesel Fuel,L,59,-7.3,247.46,0
2025-04-22,Diesel Fuel,L,59,-11.3,259.94,0
2025-04-23,Diesel Fuel,L,58,-13.3,265.91,0
2025-04-24,Diesel Fuel,L,55,-14.2,279.44,0
2025-04-25,Diesel Fuel,L,55,-13.0,273.2,0
2025-04-26,Diesel Fuel,L,52,-16.9,236.4,0
2025-04-27,Diesel Fuel,L,53,-16.8,230.38,0
2025-04-28,Diesel Fuel,L,55,-15.4,236.21,0
2025-04-29,Diesel Fuel,L,53,-19.7,222.37,0
2025-04-30,Diesel Fuel,L,55,-17.9,247.77,0
2025-05-01,Diesel Fuel,L,53,-16.3,226.35,0
2025-05-02,Diesel Fuel,L,53,-17.5,224.91,0
2025-05-03,Diesel Fuel,L,49,-19.1,216.89,0
2025-05-04,Diesel Fuel,L,47,-19.9,238.62,0
2025-05-05,Diesel Fuel,L,47,-23.4,226.07,0
2025-05-06,Diesel Fuel,L,53,-22.9,222.26,0
2025-05-07,Diesel Fuel,L,44,-21.7,231.02,0
2025-05-08,Diesel Fuel,L,50,-22.8,251.32,0
2025-05-09,Diesel Fuel,L,49,-20.5,225.23,0
2025-05-10,Diesel Fuel,L,46,-19.9,213.53,0
2025-05-11,Diesel Fuel,L,47,-19.1,214.54,0
2025-05-12,Diesel Fuel,L,48,-19.5,232.59,0
2025-05-13,Diesel Fuel,L,43,-18.2,228.16,0
2025-05-14,Diesel Fuel,L,44,-16.2,220.66,0
2025-05-15,Diesel Fuel,L,45,-17.1,203.23,0
2025-05-16,Diesel Fuel,L,45,-16.1,235.0,0
2025-05-17,Diesel Fuel,L,41,-15.3,210.22,0
2025-05-18,Diesel Fuel,L,44,-15.2,215.64,0
2025-05-19,Diesel Fuel,L,44,-13.2,223.56,0
2025-05-20,Diesel Fuel,L,46,-15.2,237.17,0
2025-05-21,Diesel Fuel,L,43,-16.4,201.26,0
2025-05-22,Diesel Fuel,L,41,-18.0,194.34,0
2025-05-23,Diesel Fuel,L,44,-17.1,217.98,0
2025-05-24,Diesel Fuel,L,45,-17.9,220.74,0
2025-05-25,Diesel Fuel,L,37,-19.2,212.56,0
2025-05-26,Diesel Fuel,L,39,-16.8,221.91,0
2025-05-27,Diesel Fuel,L,34,-14.5,187.73,0
2025-05-28,Diesel Fuel,L,37,-15.9,205.12,0
2025-05-29,Diesel Fuel,L,44,-18.6,224.91,0
2025-05-30,Diesel Fuel,L,36,-16.0,205.34,0
2025-05-31,Diesel Fuel,L,40,-16.0,188.27,0
2025-06-01,Diesel Fuel,L,40,-16.0,215.09,0
2025-06-02,Diesel Fuel,L,36,-16.6,188.87,0
2025-06-03,Diesel Fuel,L,36,-18.4,205.88,0
2025-06-04,Diesel Fuel,L,42,-19.4,199.2,0
2025-06-05,Diesel Fuel,L,40,-18.6,209.71,0
2025-06-06,Diesel Fuel,L,43,-19.7,212.56,0
2025-06-07,Diesel Fuel,L,29,-19.3,205.07,0
2025-06-08,Diesel Fuel,L,38,-19.6,193.19,0
2025-06-09,Diesel Fuel,L,29,-21.4,171.46,0
2025-06-10,Diesel Fuel,L,35,-19.0,213.93,0
2025-06-11,Diesel Fuel,L,34,-18.5,203.99,0
2025-06-12,Diesel Fuel,L,31,-18.5,189.35,0
2025-06-13,Diesel Fuel,L,33,-18.2,185.63,0
2025-06-14,Diesel Fuel,L,33,-21.4,178.28,0
2025-06-15,Diesel Fuel,L,35,-22.2,191.5,0
2025-06-16,Diesel Fuel,L,30,-24.5,178.51,0
2025-06-17,Diesel Fuel,L,31,-24.0,179.0,0
2025-06-18,Diesel Fuel,L,35,-23.2,190.66,0
2025-06-19,Diesel Fuel,L,35,-22.9,190.07,0
2025-06-20,Diesel Fuel,L,41,-21.0,223.54,0
2025-06-21,Diesel Fuel,L,33,-23.5,175.73,0
2025-06-22,Diesel Fuel,L,34,-24.5,199.04,0
2025-06-23,Diesel Fuel,L,31,-23.6,189.87,0
2025-06-24,Diesel Fuel,L,36,-23.1,198.44,0
2025-06-25,Diesel Fuel,L,29,-25.0,189.36,0
2025-06-26,Diesel Fuel,L,31,-22.8,191.59,0
2025-06-27,Diesel Fuel,L,32,-20.5,190.11,0
2025-06-28,Diesel Fuel,L,33,-20.2,204.1,0
2025-06-29,Diesel Fuel,L,34,-22.9,165.55,0
2025-06-30,Diesel Fuel,L,30,-22.6,208.55,0
2025-07-01,Diesel Fuel,L,33,-22.2,205.2,0
2025-07-02,Diesel Fuel,L,26,-22.7,354.65,1
2025-07-03,Diesel Fuel,L,31,-20.7,176.75,0
2025-07-04,Diesel Fuel,L,25,-21.2,172.52,0
2025-07-05,Diesel Fuel,L,30,-18.3,187.29,0
2025-07-06,Diesel Fuel,L,38,-17.9,199.01,0
2025-07-07,Diesel Fuel,L,31,-18.2,188.34,0
2025-07-08,Diesel Fuel,L,29,-17.6,184.2,0
2025-07-09,Diesel Fuel,L,31,-16.1,172.68,0
2025-07-10,Diesel Fuel,L,30,-15.8,446.64,1
2025-07-11,Diesel Fuel,L,26,-17.0,180.78,0
2025-07-12,Diesel Fuel,L,24,-18.9,162.27,0
2025-07-13,Diesel Fuel,L,30,-21.2,169.88,0
2025-07-14,Diesel Fuel,L,29,-25.1,183.65,0
2025-07-15,Diesel Fuel,L,29,-24.6,173.21,0
2025-07-16,Diesel Fuel,L,32,-24.9,193.05,0
2025-07-17,Diesel Fuel,L,34,-25.1,185.73,0
2025-07-18,Diesel Fuel,L,32,-23.3,206.84,0
2025-07-19,Diesel Fuel,L,29,-23.4,174.79,0
2025-07-20,Diesel Fuel,L,30,-20.5,174.57,0
2025-07-21,Diesel Fuel,L,33,-21.7,192.34,0
2025-07-22,Diesel Fuel,L,33,-23.3,173.83,0
2025-07-23,Diesel Fuel,L,32,-25.1,180.14,0
2025-07-24,Diesel Fuel,L,29,-23.7,164.23,0
2025-07-25,Diesel Fuel,L,33,-21.8,194.52,0
2025-07-26,Diesel Fuel,L,34,-22.8,205.54,0
2025-07-27,Diesel Fuel,L,33,-24.4,187.46,0
2025-07-28,Diesel Fuel,L,39,-21.8,222.58,0
2025-07-29,Diesel Fuel,L,33,-24.1,182.57,0
2025-07-30,Diesel Fuel,L,34,-22.4,189.2,0
2025-07-31,Diesel Fuel,L,33,-23.2,202.59,0
2025-08-01,Diesel Fuel,L,31,-22.5,195.23,0
2025-08-02,Diesel Fuel,L,28,-20.8,184.45,0
2025-08-03,Diesel Fuel,L,29,-20.3,194.07,0
2025-08-04,Diesel Fuel,L,29,-21.0,181.47,0
2025-08-05,Diesel Fuel,L,28,-19.1,182.6,0
2025-08-06,Diesel Fuel,L,31,-19.1,179.14,0
2025-08-07,Diesel Fuel,L,32,-14.0,210.39,0
2025-08-08,Diesel Fuel,L,36,-17.7,193.58,0
2025-08-09,Diesel Fuel,L,29,-20.9,179.7,0
2025-08-10,Diesel Fuel,L,35,-19.5,199.2,0
2025-08-11,Diesel Fuel,L,34,-19.9,202.08,0
2025-08-12,Diesel Fuel,L,34,-18.9,201.82,0
2025-08-13,Diesel Fuel,L,33,-20.9,160.76,0
2025-08-14,Diesel Fuel,L,40,-20.9,231.54,0
2025-08-15,Diesel Fuel,L,31,-20.2,204.96,0
2025-08-16,Diesel Fuel,L,32,-21.2,203.75,0
2025-08-17,Diesel Fuel,L,35,-20.8,198.64,0
2025-08-18,Diesel Fuel,L,36,-22.8,214.63,0
2025-08-19,Diesel Fuel,L,36,-21.9,202.69,0
2025-08-20,Diesel Fuel,L,35,-19.5,199.68,0
2025-08-21,Diesel Fuel,L,37,-21.5,210.44,0
2025-08-22,Diesel Fuel,L,38,-23.3,211.42,0
2025-08-23,Diesel Fuel,L,36,-21.0,211.68,0
2025-08-24,Diesel Fuel,L,42,-22.8,186.92,0
2025-08-25,Diesel Fuel,L,38,-21.1,203.32,0
2025-08-26,Diesel Fuel,L,36,-20.8,184.79,0
2025-08-27,Diesel Fuel,L,41,-21.3,223.73,0
2025-08-28,Diesel Fuel,L,32,-18.8,178.85,0
2025-08-29,Diesel Fuel,L,35,-17.5,193.12,0
2025-08-30,Diesel Fuel,L,38,-17.3,215.28,0
2025-08-31,Diesel Fuel,L,35,-20.8,212.37,0
2025-09-01,Diesel Fuel,L,42,-19.5,225.42,0
2025-09-02,Diesel Fuel,L,42,-21.0,224.01,0
2025-09-03,Diesel Fuel,L,45,-20.9,205.96,0
2025-09-04,Diesel Fuel,L,39,-20.6,194.19,0
2025-09-05,Diesel Fuel,L,42,-17.4,196.53,0
2025-09-06,Diesel Fuel,L,45,-17.9,207.21,0
2025-09-07,Diesel Fuel,L,42,-20.0,216.19,0
2025-09-08,Diesel Fuel,L,45,-17.5,234.49,0
2025-09-09,Diesel Fuel,L,42,-16.4,226.39,0
2025-09-10,Diesel Fuel,L,47,-15.4,200.62,0
2025-09-11,Diesel Fuel,L,41,-13.5,210.15,0
2025-09-12,Diesel Fuel,L,39,-11.4,202.0,0
2025-09-13,Diesel Fuel,L,43,-13.6,185.57,0
2025-09-14,Diesel Fuel,L,44,-16.2,229.33,0
2025-09-15,Diesel Fuel,L,46,-15.0,233.9,0
2025-09-16,Diesel Fuel,L,47,-15.6,217.5,0
2025-09-17,Diesel Fuel,L,44,-16.0,214.36,0
2025-09-18,Diesel Fuel,L,43,-17.7,218.13,0
2025-09-19,Diesel Fuel,L,52,-16.5,244.15,0
2025-09-20,Diesel Fuel,L,47,-15.8,216.98,0
2025-09-21,Diesel Fuel,L,46,-16.0,211.83,0
2025-09-22,Diesel Fuel,L,49,-18.0,216.07,0
2025-09-23,Diesel Fuel,L,46,-15.8,243.26,0
2025-09-24,Diesel Fuel,L,47,-15.3,242.19,0
2025-09-25,Diesel Fuel,L,52,-13.5,222.03,0
2025-09-26,Diesel Fuel,L,47,-16.9,213.83,0
2025-09-27,Diesel Fuel,L,46,-16.4,209.2,0
2025-09-28,Diesel Fuel,L,50,-17.2,212.64,0
2025-09-29,Diesel Fuel,L,52,-16.7,266.17,0
2025-09-30,Diesel Fuel,L,56,-14.8,236.8,0
2025-10-01,Diesel Fuel,L,53,-14.1,251.14,0
2025-10-02,Diesel Fuel,L,55,-14.0,240.1,0
2025-10-03,Diesel Fuel,L,50,-13.9,229.71,0
2025-10-04,Diesel Fuel,L,55,-16.1,241.29,0
2025-10-05,Diesel Fuel,L,51,-17.0,241.07,0
2025-10-06,Diesel Fuel,L,58,-14.7,249.81,0
2025-10-07,Diesel Fuel,L,56,-15.1,258.86,0
2025-10-08,Diesel Fuel,L,56,-13.0,264.46,0
2025-10-09,Diesel Fuel,L,58,-11.7,242.54,0
2025-10-10,Diesel Fuel,L,56,-10.4,608.81,1
2025-10-11,Diesel Fuel,L,56,-10.1,222.48,0
2025-10-12,Diesel Fuel,L,55,-11.0,236.76,0
2025-10-13,Diesel Fuel,L,64,-11.3,266.78,0
2025-10-14,Diesel Fuel,L,58,-10.3,248.59,0
2025-10-15,Diesel Fuel,L,59,-13.6,253.14,0
2025-10-16,Diesel Fuel,L,62,-11.3,269.71,0
2025-10-17,Diesel Fuel,L,61,-12.0,270.61,0
2025-10-18,Diesel Fuel,L,54,-11.9,211.28,0
2025-10-19,Diesel Fuel,L,68,-11.8,279.44,0
2025-10-20,Diesel Fuel,L,61,-11.6,254.33,0
2025-10-21,Diesel Fuel,L,60,-13.3,249.76,0
2025-10-22,Diesel Fuel,L,63,-12.6,286.52,0
2025-10-23,Diesel Fuel,L,62,-11.2,234.01,0
2025-10-24,Diesel Fuel,L,63,-14.0,263.88,0
2025-10-25,Diesel Fuel,L,65,-15.2,293.26,0
2025-10-26,Diesel Fuel,L,60,-13.0,258.23,0
2025-10-27,Diesel Fuel,L,68,-11.3,260.53,0
2025-10-28,Diesel Fuel,L,69,-10.4,274.86,0
2025-10-29,Diesel Fuel,L,62,-11.2,289.37,0
2025-10-30,Diesel Fuel,L,69,-9.7,297.84,0
2025-10-31,Diesel Fuel,L,65,-11.2,260.55,0
2025-11-01,Diesel Fuel,L,67,-10.9,298.93,0
2025-11-02,Diesel Fuel,L,70,-12.4,292.23,0
2025-11-03,Diesel Fuel,L,72,-11.9,242.57,0
2025-11-04,Diesel Fuel,L,71,-12.8,282.23,0
2025-11-05,Diesel Fuel,L,66,-10.8,300.96,0
2025-11-06,Diesel Fuel,L,71,-9.6,280.46,0
2025-11-07,Diesel Fuel,L,73,-10.1,314.44,0
2025-11-08,Diesel Fuel,L,69,-7.9,253.87,0
2025-11-09,Diesel Fuel,L,70,-9.2,258.54,0
2025-11-10,Diesel Fuel,L,72,-8.8,304.72,0
2025-11-11,Diesel Fuel,L,75,-9.3,307.76,0
2025-11-12,Diesel Fuel,L,72,-7.7,284.57,0
2025-11-13,Diesel Fuel,L,75,-6.5,307.17,0
2025-11-14,Diesel Fuel,L,71,-4.4,271.63,0
2025-11-15,Diesel Fuel,L,76,-4.5,273.92,0
2025-11-16,Diesel Fuel,L,70,-9.1,287.06,0
2025-11-17,Diesel Fuel,L,77,-9.1,292.48,0
2025-11-18,Diesel Fuel,L,79,-6.2,309.1,0
2025-11-19,Diesel Fuel,L,76,-6.5,298.02,0
2025-11-20,Diesel Fuel,L,79,-9.1,296.39,0
2025-11-21,Diesel Fuel,L,78,-7.8,333.51,0
2025-11-22,Diesel Fuel,L,74,-6.5,271.5,0
2025-11-23,Diesel Fuel,L,75,-7.3,294.87,0
2025-11-24,Diesel Fuel,L,78,-7.2,297.77,0
2025-11-25,Diesel Fuel,L,79,-8.0,307.7,0
2025-11-26,Diesel Fuel,L,77,-6.6,297.66,0
2025-11-27,Diesel Fuel,L,76,-6.1,313.32,0
2025-11-28,Diesel Fuel,L,72,-7.5,290.31,0
2025-11-29,Diesel Fuel,L,86,-7.0,306.36,0
2025-11-30,Diesel Fuel,L,86,-7.5,299.33,0
2025-12-01,Diesel Fuel,L,79,-4.7,287.19,0
2025-12-02,Diesel Fuel,L,77,-3.2,281.35,0
2025-12-03,Diesel Fuel,L,87,-3.3,332.98,0
2025-12-04,Diesel Fuel,L,76,-3.2,671.55,1
2025-12-05,Diesel Fuel,L,86,-1.6,324.47,0
2025-12-06,Diesel Fuel,L,85,-2.1,288.7,0
2025-12-07,Diesel Fuel,L,82,-1.0,301.31,0
2025-12-08,Diesel Fuel,L,88,1.0,330.51,0
2025-12-09,Diesel Fuel,L,82,-0.3,326.05,0
2025-12-10,Diesel Fuel,L,87,1.9,290.39,0
2025-12-11,Diesel Fuel,L,84,3.3,340.91,0
2025-12-12,Diesel Fuel,L,81,2.8,330.72,0
2025-12-13,Diesel Fuel,L,91,1.4,348.45,0
2025-12-14,Diesel Fuel,L,83,1.2,332.68,0
2025-12-15,Diesel Fuel,L,85,0.4,306.87,0
2025-12-16,Diesel Fuel,L,89,-1.1,308.49,0
2025-12-17,Diesel Fuel,L,90,-0.4,327.81,0
2025-12-18,Diesel Fuel,L,83,-2.2,315.53,0
2025-12-19,Diesel Fuel,L,91,-2.6,316.99,0
2025-12-20,Diesel Fuel,L,87,-2.9,331.12,0
2025-12-21,Diesel Fuel,L,87,-4.8,347.57,0
2025-12-22,Diesel Fuel,L,87,-3.3,337.14,0
2025-12-23,Diesel Fuel,L,88,-3.4,323.31,0
2025-12-24,Diesel Fuel,L,83,-1.1,264.24,0
2025-12-25,Diesel Fuel,L,89,-1.5,294.26,0
2025-12-26,Diesel Fuel,L,89,-2.1,322.52,0
2025-12-27,Diesel Fuel,L,87,-3.3,332.27,0
2025-12-28,Diesel Fuel,L,89,-2.9,296.93,0
2025-12-29,Diesel Fuel,L,88,-2.6,323.97,0
2025-12-30,Diesel Fuel,L,89,-1.3,337.89,0
2025-12-31,Diesel Fuel,L,90,-1.1,693.66,1
2021-01-01,Medical Kits,kits,86,-1.3,0.88,0
2021-01-02,Medical Kits,kits,90,-0.8,0.87,0
2021-01-03,Medical Kits,kits,89,-1.9,0.99,0
2021-01-04,Medical Kits,kits,95,-0.4,1.08,0
2021-01-05,Medical Kits,kits,91,0.9,0.94,0
2021-01-06,Medical Kits,kits,95,1.5,1.14,0
2021-01-07,Medical Kits,kits,88,0.6,0.88,0
2021-01-08,Medical Kits,kits,89,0.8,0.87,0
2021-01-09,Medical Kits,kits,88,2.6,0.9,0
2021-01-10,Medical Kits,kits,93,2.8,1.0,0
2021-01-11,Medical Kits,kits,93,0.0,1.04,0
2021-01-12,Medical Kits,kits,91,-1.1,1.01,0
2021-01-13,Medical Kits,kits,90,-2.1,0.93,0
2021-01-14,Medical Kits,kits,91,-3.0,1.02,0
2021-01-15,Medical Kits,kits,86,-5.9,0.88,0
2021-01-16,Medical Kits,kits,89,-2.3,1.1,0
2021-01-17,Medical Kits,kits,89,-3.5,1.0,0
2021-01-18,Medical Kits,kits,90,-4.3,0.84,0
2021-01-19,Medical Kits,kits,88,-6.7,0.9,0
2021-01-20,Medical Kits,kits,87,-4.6,0.88,0
2021-01-21,Medical Kits,kits,85,-4.2,1.01,0
2021-01-22,Medical Kits,kits,91,-4.3,0.91,0
2021-01-23,Medical Kits,kits,86,-4.3,0.79,0
2021-01-24,Medical Kits,kits,93,-2.9,1.04,0
2021-01-25,Medical Kits,kits,91,-3.4,0.79,0
2021-01-26,Medical Kits,kits,92,-6.1,0.95,0
2021-01-27,Medical Kits,kits,87,-7.3,0.96,0
2021-01-28,Medical Kits,kits,95,-8.5,0.98,0
2021-01-29,Medical Kits,kits,96,-7.0,1.1,0
2021-01-30,Medical Kits,kits,89,-4.8,0.96,0
2021-01-31,Medical Kits,kits,90,-2.2,0.9,0
2021-02-01,Medical Kits,kits,89,-4.6,0.95,0
2021-02-02,Medical Kits,kits,92,-3.2,1.07,0
2021-02-03,Medical Kits,kits,91,-3.9,0.97,0
2021-02-04,Medical Kits,kits,83,0.7,0.91,0
2021-02-05,Medical Kits,kits,86,2.4,0.94,0
2021-02-06,Medical Kits,kits,89,4.3,0.9,0
2021-02-07,Medical Kits,kits,90,4.5,0.86,0
2021-02-08,Medical Kits,kits,88,4.0,0.95,0
2021-02-09,Medical Kits,kits,82,2.5,0.95,0
2021-02-10,Medical Kits,kits,89,0.8,0.97,0
2021-02-11,Medical Kits,kits,92,-0.9,0.89,0
2021-02-12,Medical Kits,kits,80,-0.3,0.87,0
2021-02-13,Medical Kits,kits,89,1.7,0.99,0
2021-02-14,Medical Kits,kits,92,0.5,1.04,0
2021-02-15,Medical Kits,kits,89,-1.2,0.98,0
2021-02-16,Medical Kits,kits,85,-3.7,0.91,0
2021-02-17,Medical Kits,kits,88,-3.3,0.9,0
2021-02-18,Medical Kits,kits,85,-1.4,0.89,0
2021-02-19,Medical Kits,kits,86,0.2,0.97,0
2021-02-20,Medical Kits,kits,85,1.7,0.86,0
2021-02-21,Medical Kits,kits,84,1.5,0.84,0
2021-02-22,Medical Kits,kits,82,0.8,0.91,0
2021-02-23,Medical Kits,kits,82,2.0,0.89,0
2021-02-24,Medical Kits,kits,88,-0.6,1.01,0
2021-02-25,Medical Kits,kits,81,-1.8,0.91,0
2021-02-26,Medical Kits,kits,77,0.4,0.79,0
2021-02-27,Medical Kits,kits,93,-2.0,1.07,0
2021-02-28,Medical Kits,kits,80,-2.5,0.87,0
2021-03-01,Medical Kits,kits,81,-1.9,0.9,0
2021-03-02,Medical Kits,kits,80,-2.2,0.83,0
2021-03-03,Medical Kits,kits,81,-0.9,0.89,0
2021-03-04,Medical Kits,kits,78,0.7,0.81,0
2021-03-05,Medical Kits,kits,84,0.5,0.78,0
2021-03-06,Medical Kits,kits,79,1.6,0.93,0
2021-03-07,Medical Kits,kits,76,-0.9,0.77,0
2021-03-08,Medical Kits,kits,70,-1.9,0.73,0
2021-03-09,Medical Kits,kits,82,1.1,0.84,0
2021-03-10,Medical Kits,kits,77,2.9,0.91,0
2021-03-11,Medical Kits,kits,79,-0.4,0.87,0
2021-03-12,Medical Kits,kits,74,-1.4,0.82,0
2021-03-13,Medical Kits,kits,77,-2.0,0.87,0
2021-03-14,Medical Kits,kits,76,-2.1,0.85,0
2021-03-15,Medical Kits,kits,79,-0.9,0.85,0
2021-03-16,Medical Kits,kits,76,0.9,0.82,0
2021-03-17,Medical Kits,kits,72,-0.3,0.84,0
2021-03-18,Medical Kits,kits,82,0.3,0.81,0
2021-03-19,Medical Kits,kits,75,0.0,0.76,0
2021-03-20,Medical Kits,kits,71,-1.2,0.79,0
2021-03-21,Medical Kits,kits,74,-4.8,0.81,0
2021-03-22,Medical Kits,kits,74,-3.8,0.78,0
2021-03-23,Medical Kits,kits,74,-3.6,0.9,0
2021-03-24,Medical Kits,kits,73,-3.8,0.73,0
2021-03-25,Medical Kits,kits,72,-6.0,0.77,0
2021-03-26,Medical Kits,kits,73,-3.5,0.79,0
2021-03-27,Medical Kits,kits,72,-4.2,0.75,0
2021-03-28,Medical Kits,kits,72,-6.7,0.74,0
2021-03-29,Medical Kits,kits,64,-9.1,0.68,0
2021-03-30,Medical Kits,kits,64,-8.2,0.76,0
2021-03-31,Medical Kits,kits,66,-7.4,0.69,0
2021-04-01,Medical Kits,kits,67,-8.5,0.74,0
2021-04-02,Medical Kits,kits,65,-8.1,0.68,0
2021-04-03,Medical Kits,kits,64,-7.4,0.72,0
2021-04-04,Medical Kits,kits,67,-7.7,0.77,0
2021-04-05,Medical Kits,kits,63,-9.3,0.67,0
2021-04-06,Medical Kits,kits,58,-8.1,0.66,0
2021-04-07,Medical Kits,kits,61,-7.3,0.66,0
2021-04-08,Medical Kits,kits,62,-7.1,0.67,0
2021-04-09,Medical Kits,kits,63,-9.0,0.7,0
2021-04-10,Medical Kits,kits,66,-11.5,0.72,0
2021-04-11,Medical Kits,kits,64,-11.4,0.7,0
2021-04-12,Medical Kits,kits,56,-10.2,0.56,0
2021-04-13,Medical Kits,kits,66,-9.0,0.66,0
2021-04-14,Medical Kits,kits,61,-8.6,0.59,0
2021-04-15,Medical Kits,kits,61,-9.9,0.6,0
2021-04-16,Medical Kits,kits,60,-11.6,0.67,0
2021-04-17,Medical Kits,kits,57,-11.9,0.61,0
2021-04-18,Medical Kits,kits,61,-12.1,0.63,0
2021-04-19,Medical Kits,kits,53,-10.7,0.64,0
2021-04-20,Medical Kits,kits,62,-11.9,0.72,0
2021-04-21,Medical Kits,kits,58,-12.8,0.57,0
2021-04-22,Medical Kits,kits,58,-9.9,0.6,0
2021-04-23,Medical Kits,kits,58,-8.2,0.59,0
2021-04-24,Medical Kits,kits,55,-10.5,0.6,0
2021-04-25,Medical Kits,kits,59,-8.9,0.59,0
2021-04-26,Medical Kits,kits,53,-11.5,0.56,0
2021-04-27,Medical Kits,kits,51,-12.7,0.57,0
2021-04-28,Medical Kits,kits,54,-13.6,0.59,0
2021-04-29,Medical Kits,kits,49,-14.0,0.5,0
2021-04-30,Medical Kits,kits,51,-13.3,0.56,0
2021-05-01,Medical Kits,kits,53,-13.5,0.58,0
2021-05-02,Medical Kits,kits,54,-12.9,0.6,0
2021-05-03,Medical Kits,kits,51,-14.0,0.51,0
2021-05-04,Medical Kits,kits,48,-13.8,0.56,0
2021-05-05,Medical Kits,kits,49,-14.1,0.52,0
2021-05-06,Medical Kits,kits,48,-16.6,0.49,0
2021-05-07,Medical Kits,kits,49,-15.9,0.54,0
2021-05-08,Medical Kits,kits,47,-15.9,0.54,0
2021-05-09,Medical Kits,kits,46,-17.2,0.53,0
2021-05-10,Medical Kits,kits,45,-17.8,0.54,0
2021-05-11,Medical Kits,kits,42,-18.4,0.45,0
2021-05-12,Medical Kits,kits,50,-18.7,0.5,0
2021-05-13,Medical Kits,kits,49,-15.9,0.53,0
2021-05-14,Medical Kits,kits,43,-13.1,0.4,0
2021-05-15,Medical Kits,kits,48,-17.9,0.5,0
2021-05-16,Medical Kits,kits,45,-17.3,0.49,0
2021-05-17,Medical Kits,kits,41,-16.0,0.45,0
2021-05-18,Medical Kits,kits,41,-16.7,0.47,0
2021-05-19,Medical Kits,kits,44,-15.6,0.49,0
2021-05-20,Medical Kits,kits,46,-13.7,0.52,0
2021-05-21,Medical Kits,kits,45,-16.5,0.51,0
2021-05-22,Medical Kits,kits,41,-16.7,0.42,0
2021-05-23,Medical Kits,kits,44,-14.2,0.51,0
2021-05-24,Medical Kits,kits,41,-16.9,0.45,0
2021-05-25,Medical Kits,kits,39,-17.4,0.45,0
2021-05-26,Medical Kits,kits,44,-18.5,0.5,0
2021-05-27,Medical Kits,kits,41,-17.1,0.44,0
2021-05-28,Medical Kits,kits,42,-15.8,0.8,1
2021-05-29,Medical Kits,kits,37,-16.2,0.42,0
2021-05-30,Medical Kits,kits,38,-16.8,0.42,0
2021-05-31,Medical Kits,kits,42,-19.9,0.52,0
2021-06-01,Medical Kits,kits,38,-17.9,0.43,0
2021-06-02,Medical Kits,kits,38,-18.8,0.4,0
2021-06-03,Medical Kits,kits,35,-19.3,0.45,0
2021-06-04,Medical Kits,kits,38,-18.1,0.44,0
2021-06-05,Medical Kits,kits,34,-18.2,0.39,0
2021-06-06,Medical Kits,kits,38,-17.2,0.47,0
2021-06-07,Medical Kits,kits,34,-16.9,0.4,0
2021-06-08,Medical Kits,kits,36,-17.2,0.41,0
2021-06-09,Medical Kits,kits,41,-17.4,0.42,0
2021-06-10,Medical Kits,kits,37,-19.7,0.36,0
2021-06-11,Medical Kits,kits,34,-20.2,0.42,0
2021-06-12,Medical Kits,kits,38,-18.8,0.44,0
2021-06-13,Medical Kits,kits,33,-20.6,0.38,0
2021-06-14,Medical Kits,kits,32,-21.9,0.37,0
2021-06-15,Medical Kits,kits,33,-23.2,0.39,0
2021-06-16,Medical Kits,kits,37,-22.8,0.44,0
2021-06-17,Medical Kits,kits,37,-20.6,0.4,0
2021-06-18,Medical Kits,kits,32,-20.0,0.37,0
2021-06-19,Medical Kits,kits,32,-23.6,0.38,0
2021-06-20,Medical Kits,kits,34,-22.5,0.38,0
2021-06-21,Medical Kits,kits,40,-23.1,0.39,0
2021-06-22,Medical Kits,kits,32,-22.3,0.35,0
2021-06-23,Medical Kits,kits,37,-22.5,0.39,0
2021-06-24,Medical Kits,kits,33,-23.8,0.41,0
2021-06-25,Medical Kits,kits,35,-23.8,0.38,0
2021-06-26,Medical Kits,kits,35,-24.3,0.38,0
2021-06-27,Medical Kits,kits,32,-23.6,0.36,0
2021-06-28,Medical Kits,kits,31,-24.8,0.38,0
2021-06-29,Medical Kits,kits,31,-26.2,0.38,0
2021-06-30,Medical Kits,kits,32,-24.6,0.35,0
2021-07-01,Medical Kits,kits,35,-22.7,0.39,0
2021-07-02,Medical Kits,kits,35,-21.8,0.4,0
2021-07-03,Medical Kits,kits,34,-23.0,0.42,0
2021-07-04,Medical Kits,kits,29,-24.1,0.3,0
2021-07-05,Medical Kits,kits,29,-25.0,0.31,0
2021-07-06,Medical Kits,kits,28,-23.3,0.38,0
2021-07-07,Medical Kits,kits,31,-24.5,0.39,0
2021-07-08,Medical Kits,kits,33,-23.0,0.35,0
2021-07-09,Medical Kits,kits,29,-22.0,0.4,0
2021-07-10,Medical Kits,kits,30,-20.3,0.36,0
2021-07-11,Medical Kits,kits,32,-19.1,0.37,0
2021-07-12,Medical Kits,kits,29,-18.9,0.37,0
2021-07-13,Medical Kits,kits,29,-21.7,0.32,0
2021-07-14,Medical Kits,kits,33,-21.0,0.37,0
2021-07-15,Medical Kits,kits,30,-21.1,0.35,0
2021-07-16,Medical Kits,kits,28,-22.0,0.34,0
2021-07-17,Medical Kits,kits,30,-20.1,0.36,0
2021-07-18,Medical Kits,kits,31,-20.8,0.36,0
2021-07-19,Medical Kits,kits,38,-21.9,0.42,0
2021-07-20,Medical Kits,kits,35,-20.4,0.41,0
2021-07-21,Medical Kits,kits,40,-21.3,0.46,0
2021-07-22,Medical Kits,kits,27,-22.4,0.32,0
2021-07-23,Medical Kits,kits,34,-24.2,0.38,0
2021-07-24,Medical Kits,kits,35,-25.2,0.39,0
2021-07-25,Medical Kits,kits,30,-25.9,0.59,1
2021-07-26,Medical Kits,kits,29,-24.5,0.37,0
2021-07-27,Medical Kits,kits,33,-25.8,0.4,0
2021-07-28,Medical Kits,kits,30,-28.1,0.37,0
2021-07-29,Medical Kits,kits,27,-26.8,0.3,0
2021-07-30,Medical Kits,kits,27,-27.1,0.31,0
2021-07-31,Medical Kits,kits,26,-26.4,0.31,0
2021-08-01,Medical Kits,kits,32,-23.9,0.38,0
2021-08-02,Medical Kits,kits,33,-23.5,0.36,0
2021-08-03,Medical Kits,kits,28,-21.1,0.36,0
2021-08-04,Medical Kits,kits,33,-21.3,0.4,0
2021-08-05,Medical Kits,kits,33,-19.9,0.38,0
2021-08-06,Medical Kits,kits,33,-21.0,0.39,0
2021-08-07,Medical Kits,kits,34,-21.0,0.38,0
2021-08-08,Medical Kits,kits,33,-22.5,0.36,0
2021-08-09,Medical Kits,kits,36,-23.6,0.35,0
2021-08-10,Medical Kits,kits,35,-23.7,0.42,0
2021-08-11,Medical Kits,kits,29,-25.3,0.34,0
2021-08-12,Medical Kits,kits,39,-24.5,0.47,0
2021-08-13,Medical Kits,kits,30,-24.5,0.36,0
2021-08-14,Medical Kits,kits,33,-23.6,0.38,0
2021-08-15,Medical Kits,kits,41,-25.2,0.46,0
2021-08-16,Medical Kits,kits,36,-23.5,0.39,0
2021-08-17,Medical Kits,kits,32,-20.6,0.34,0
2021-08-18,Medical Kits,kits,36,-18.4,0.39,0
2021-08-19,Medical Kits,kits,36,-15.9,0.39,0
2021-08-20,Medical Kits,kits,36,-16.5,0.41,0
2021-08-21,Medical Kits,kits,34,-17.6,0.41,0
2021-08-22,Medical Kits,kits,32,-17.3,0.39,0
2021-08-23,Medical Kits,kits,33,-18.1,0.35,0
2021-08-24,Medical Kits,kits,34,-21.0,0.41,0
2021-08-25,Medical Kits,kits,41,-19.6,0.46,0
2021-08-26,Medical Kits,kits,33,-20.0,0.4,0
2021-08-27,Medical Kits,kits,38,-22.1,0.44,0
2021-08-28,Medical Kits,kits,42,-22.5,0.42,0
2021-08-29,Medical Kits,kits,40,-22.3,0.46,0
2021-08-30,Medical Kits,kits,43,-21.8,0.52,0
2021-08-31,Medical Kits,kits,37,-21.4,0.39,0
2021-09-01,Medical Kits,kits,41,-19.0,0.43,0
2021-09-02,Medical Kits,kits,43,-20.9,0.42,0
2021-09-03,Medical Kits,kits,43,-20.7,0.47,0
2021-09-04,Medical Kits,kits,43,-21.7,0.44,0
2021-09-05,Medical Kits,kits,37,-19.3,0.4,0
2021-09-06,Medical Kits,kits,43,-20.0,0.49,0
2021-09-07,Medical Kits,kits,43,-20.2,0.5,0
2021-09-08,Medical Kits,kits,41,-18.3,0.41,0
2021-09-09,Medical Kits,kits,40,-16.2,0.44,0
2021-09-10,Medical Kits,kits,44,-14.2,0.48,0
2021-09-11,Medical Kits,kits,40,-17.1,0.45,0
2021-09-12,Medical Kits,kits,42,-16.4,0.49,0
2021-09-13,Medical Kits,kits,47,-16.1,0.55,0
2021-09-14,Medical Kits,kits,48,-16.3,0.56,0
2021-09-15,Medical Kits,kits,46,-16.2,0.52,0
2021-09-16,Medical Kits,kits,44,-14.3,0.48,0
2021-09-17,Medical Kits,kits,42,-13.1,0.46,0
2021-09-18,Medical Kits,kits,44,-12.2,0.51,0
2021-09-19,Medical Kits,kits,51,-12.4,0.53,0
2021-09-20,Medical Kits,kits,48,-9.5,0.5,0
2021-09-21,Medical Kits,kits,47,-11.0,0.54,0
2021-09-22,Medical Kits,kits,49,-14.1,0.56,0
2021-09-23,Medical Kits,kits,51,-14.7,0.56,0
2021-09-24,Medical Kits,kits,46,-14.6,0.53,0
2021-09-25,Medical Kits,kits,48,-12.7,0.52,0
2021-09-26,Medical Kits,kits,52,-13.8,0.56,0
2021-09-27,Medical Kits,kits,51,-13.1,0.57,0
2021-09-28,Medical Kits,kits,54,-15.5,0.56,0
2021-09-29,Medical Kits,kits,54,-13.7,0.62,0
2021-09-30,Medical Kits,kits,50,-13.6,0.54,0
2021-10-01,Medical Kits,kits,42,-14.1,0.46,0
2021-10-02,Medical Kits,kits,54,-10.8,0.59,0
2021-10-03,Medical Kits,kits,50,-9.6,0.58,0
2021-10-04,Medical Kits,kits,55,-11.7,0.52,0
2021-10-05,Medical Kits,kits,59,-12.0,0.59,0
2021-10-06,Medical Kits,kits,52,-8.0,0.61,0
2021-10-07,Medical Kits,kits,57,-5.7,0.64,0
2021-10-08,Medical Kits,kits,59,-5.4,0.62,0
2021-10-09,Medical Kits,kits,58,-9.2,0.63,0
2021-10-10,Medical Kits,kits,58,-7.6,0.65,0
2021-10-11,Medical Kits,kits,51,-9.2,0.61,0
2021-10-12,Medical Kits,kits,58,-7.6,0.61,0
2021-10-13,Medical Kits,kits,59,-9.2,0.69,0
2021-10-14,Medical Kits,kits,62,-8.8,0.69,0
2021-10-15,Medical Kits,kits,62,-10.1,0.63,0
2021-10-16,Medical Kits,kits,59,-10.8,0.62,0
2021-10-17,Medical Kits,kits,55,-9.8,0.64,0
2021-10-18,Medical Kits,kits,56,-11.9,0.66,0
2021-10-19,Medical Kits,kits,66,-8.1,0.71,0
2021-10-20,Medical Kits,kits,62,-9.9,0.71,0
2021-10-21,Medical Kits,kits,58,-11.6,0.64,0
2021-10-22,Medical Kits,kits,59,-10.4,0.64,0
2021-10-23,Medical Kits,kits,64,-8.3,0.7,0
2021-10-24,Medical Kits,kits,65,-8.9,0.64,0
2021-10-25,Medical Kits,kits,70,-10.6,0.74,0
2021-10-26,Medical Kits,kits,65,-11.7,0.68,0
2021-10-27,Medical Kits,kits,67,-12.8,0.76,0
2021-10-28,Medical Kits,kits,66,-11.8,0.72,0
2021-10-29,Medical Kits,kits,69,-11.4,1.45,1
2021-10-30,Medical Kits,kits,73,-10.3,1.74,1
2021-10-31,Medical Kits,kits,71,-9.4,0.69,0
2021-11-01,Medical Kits,kits,74,-7.9,0.74,0
2021-11-02,Medical Kits,kits,70,-8.5,0.81,0
2021-11-03,Medical Kits,kits,65,-9.5,0.73,0
2021-11-04,Medical Kits,kits,67,-8.9,0.65,0
2021-11-05,Medical Kits,kits,73,-8.8,0.79,0
2021-11-06,Medical Kits,kits,70,-8.1,0.69,0
2021-11-07,Medical Kits,kits,71,-9.0,0.74,0
2021-11-08,Medical Kits,kits,69,-7.7,0.76,0
2021-11-09,Medical Kits,kits,76,-9.3,0.81,0
2021-11-10,Medical Kits,kits,77,-9.5,0.82,0
2021-11-11,Medical Kits,kits,72,-7.3,0.73,0
2021-11-12,Medical Kits,kits,73,-8.8,0.83,0
2021-11-13,Medical Kits,kits,78,-6.8,0.85,0
2021-11-14,Medical Kits,kits,78,-8.8,0.79,0
2021-11-15,Medical Kits,kits,70,-10.7,0.76,0
2021-11-16,Medical Kits,kits,77,-12.1,0.8,0
2021-11-17,Medical Kits,kits,77,-10.9,0.79,0
2021-11-18,Medical Kits,kits,77,-9.0,0.83,0
2021-11-19,Medical Kits,kits,74,-6.4,0.87,0
2021-11-20,Medical Kits,kits,75,-4.4,0.76,0
2021-11-21,Medical Kits,kits,68,-3.1,0.75,0
2021-11-22,Medical Kits,kits,76,-4.6,0.85,0
2021-11-23,Medical Kits,kits,72,-5.8,0.79,0
2021-11-24,Medical Kits,kits,77,-4.4,0.86,0
2021-11-25,Medical Kits,kits,80,-2.2,0.85,0
2021-11-26,Medical Kits,kits,76,-4.1,0.83,0
2021-11-27,Medical Kits,kits,84,-2.1,0.9,0
2021-11-28,Medical Kits,kits,86,-5.2,0.84,0
2021-11-29,Medical Kits,kits,81,-4.4,0.81,0
2021-11-30,Medical Kits,kits,83,-4.4,0.94,0
2021-12-01,Medical Kits,kits,77,-4.6,0.8,0
2021-12-02,Medical Kits,kits,82,-4.3,0.85,0
2021-12-03,Medical Kits,kits,78,-5.4,0.87,0
2021-12-04,Medical Kits,kits,77,-4.4,0.81,0
2021-12-05,Medical Kits,kits,79,-4.1,0.88,0
2021-12-06,Medical Kits,kits,83,-2.5,0.87,0
2021-12-07,Medical Kits,kits,83,-0.1,0.83,0
2021-12-08,Medical Kits,kits,84,-0.3,0.94,0
2021-12-09,Medical Kits,kits,81,-1.9,0.82,0
2021-12-10,Medical Kits,kits,85,-3.7,0.97,0
2021-12-11,Medical Kits,kits,83,-0.9,0.91,0
2021-12-12,Medical Kits,kits,85,1.2,0.87,0
2021-12-13,Medical Kits,kits,85,2.1,0.93,0
2021-12-14,Medical Kits,kits,80,1.5,0.83,0
2021-12-15,Medical Kits,kits,84,2.2,0.85,0
2021-12-16,Medical Kits,kits,88,3.6,0.94,0
2021-12-17,Medical Kits,kits,89,1.8,0.98,0
2021-12-18,Medical Kits,kits,83,1.3,0.89,0
2021-12-19,Medical Kits,kits,85,-0.8,0.86,0
2021-12-20,Medical Kits,kits,86,-1.1,0.84,0
2021-12-21,Medical Kits,kits,91,1.2,0.95,0
2021-12-22,Medical Kits,kits,89,2.4,0.88,0
2021-12-23,Medical Kits,kits,84,2.0,0.88,0
2021-12-24,Medical Kits,kits,89,-2.5,0.94,0
2021-12-25,Medical Kits,kits,92,-3.3,1.01,0
2021-12-26,Medical Kits,kits,89,-2.9,0.98,0
2021-12-27,Medical Kits,kits,86,-3.0,0.96,0
2021-12-28,Medical Kits,kits,91,-2.6,0.96,0
2021-12-29,Medical Kits,kits,89,-2.1,0.92,0
2021-12-30,Medical Kits,kits,88,-2.7,0.95,0
2021-12-31,Medical Kits,kits,92,-2.5,0.99,0
2022-01-01,Medical Kits,kits,89,-2.5,0.96,0
2022-01-02,Medical Kits,kits,89,-3.3,1.05,0
2022-01-03,Medical Kits,kits,92,-0.2,1.01,0
2022-01-04,Medical Kits,kits,88,-1.0,1.0,0
2022-01-05,Medical Kits,kits,86,-4.4,0.85,0
2022-01-06,Medical Kits,kits,91,-1.2,0.9,0
2022-01-07,Medical Kits,kits,94,-2.4,0.94,0
2022-01-08,Medical Kits,kits,83,-0.9,0.88,0
2022-01-09,Medical Kits,kits,92,-1.9,0.96,0
2022-01-10,Medical Kits,kits,90,-0.9,0.97,0
2022-01-11,Medical Kits,kits,88,-1.0,1.02,0
2022-01-12,Medical Kits,kits,88,0.5,0.92,0
2022-01-13,Medical Kits,kits,93,-0.0,1.01,0
2022-01-14,Medical Kits,kits,92,-1.1,0.97,0
2022-01-15,Medical Kits,kits,87,-0.7,0.98,0
2022-01-16,Medical Kits,kits,91,-1.4,1.75,1
2022-01-17,Medical Kits,kits,94,-4.2,0.99,0
2022-01-18,Medical Kits,kits,92,-4.6,1.03,0
2022-01-19,Medical Kits,kits,85,0.2,0.93,0
2022-01-20,Medical Kits,kits,92,-2.7,1.02,0
2022-01-21,Medical Kits,kits,86,-2.1,0.91,0
2022-01-22,Medical Kits,kits,90,-2.4,0.99,0
2022-01-23,Medical Kits,kits,87,0.6,0.91,0
2022-01-24,Medical Kits,kits,91,-1.4,0.9,0
2022-01-25,Medical Kits,kits,88,-1.2,0.9,0
2022-01-26,Medical Kits,kits,86,-0.2,0.94,0
2022-01-27,Medical Kits,kits,90,-0.7,0.98,0
2022-01-28,Medical Kits,kits,90,-1.9,0.91,0
2022-01-29,Medical Kits,kits,92,-1.9,1.05,0
2022-01-30,Medical Kits,kits,87,-2.3,0.87,0
2022-01-31,Medical Kits,kits,84,-2.7,0.9,0
2022-02-01,Medical Kits,kits,91,-1.2,0.94,0
2022-02-02,Medical Kits,kits,93,-0.7,0.99,0
2022-02-03,Medical Kits,kits,87,-0.0,0.85,0
2022-02-04,Medical Kits,kits,90,0.2,0.85,0
2022-02-05,Medical Kits,kits,87,1.3,0.89,0
2022-02-06,Medical Kits,kits,94,2.7,1.03,0
2022-02-07,Medical Kits,kits,86,1.5,0.92,0
2022-02-08,Medical Kits,kits,87,2.2,0.85,0
2022-02-09,Medical Kits,kits,81,-0.5,0.91,0
2022-02-10,Medical Kits,kits,92,-4.1,0.98,0
2022-02-11,Medical Kits,kits,85,-1.2,0.94,0
2022-02-12,Medical Kits,kits,90,-1.9,0.93,0
2022-02-13,Medical Kits,kits,84,-1.7,0.79,0
2022-02-14,Medical Kits,kits,86,-3.7,0.99,0
2022-02-15,Medical Kits,kits,83,-5.5,0.87,0
2022-02-16,Medical Kits,kits,83,-6.2,0.93,0
2022-02-17,Medical Kits,kits,84,-4.8,0.87,0
2022-02-18,Medical Kits,kits,85,-5.4,0.91,0
2022-02-19,Medical Kits,kits,84,-5.6,0.8,0
2022-02-20,Medical Kits,kits,80,-6.4,0.81,0
2022-02-21,Medical Kits,kits,85,-4.3,0.98,0
2022-02-22,Medical Kits,kits,78,-2.9,0.87,0
2022-02-23,Medical Kits,kits,82,-3.8,0.93,0
2022-02-24,Medical Kits,kits,78,-2.9,0.85,0
2022-02-25,Medical Kits,kits,86,-3.4,0.92,0
2022-02-26,Medical Kits,kits,86,-4.1,0.96,0
2022-02-27,Medical Kits,kits,84,-4.2,0.94,0
2022-02-28,Medical Kits,kits,80,-3.4,0.87,0
2022-03-01,Medical Kits,kits,79,-4.9,0.84,0
2022-03-02,Medical Kits,kits,80,-4.2,0.9,0
2022-03-03,Medical Kits,kits,81,-0.6,0.81,0
2022-03-04,Medical Kits,kits,82,-1.0,0.85,0
2022-03-05,Medical Kits,kits,81,-1.6,0.79,0
2022-03-06,Medical Kits,kits,73,-2.4,0.74,0
2022-03-07,Medical Kits,kits,81,-2.2,0.87,0
2022-03-08,Medical Kits,kits,80,-5.1,0.89,0
2022-03-09,Medical Kits,kits,76,-2.7,0.9,0
2022-03-10,Medical Kits,kits,75,-1.8,0.79,0
2022-03-11,Medical Kits,kits,78,-3.5,0.81,0
2022-03-12,Medical Kits,kits,78,-3.9,0.83,0
2022-03-13,Medical Kits,kits,73,-5.2,0.79,0
2022-03-14,Medical Kits,kits,76,-5.0,0.9,0
2022-03-15,Medical Kits,kits,76,-5.2,0.81,0
2022-03-16,Medical Kits,kits,78,-5.2,0.78,0
2022-03-17,Medical Kits,kits,75,-7.1,0.82,0
2022-03-18,Medical Kits,kits,68,-7.9,0.73,0
2022-03-19,Medical Kits,kits,75,-6.1,0.8,0
2022-03-20,Medical Kits,kits,68,-7.2,0.72,0
2022-03-21,Medical Kits,kits,71,-11.3,0.85,0
2022-03-22,Medical Kits,kits,69,-11.1,0.72,0
2022-03-23,Medical Kits,kits,74,-7.1,0.72,0
2022-03-24,Medical Kits,kits,68,-6.1,0.7,0
2022-03-25,Medical Kits,kits,74,-7.4,0.77,0
2022-03-26,Medical Kits,kits,67,-7.7,0.67,0
2022-03-27,Medical Kits,kits,64,-6.9,0.68,0
2022-03-28,Medical Kits,kits,69,-9.9,0.81,0
2022-03-29,Medical Kits,kits,65,-11.2,0.65,0
2022-03-30,Medical Kits,kits,73,-10.4,0.72,0
2022-03-31,Medical Kits,kits,66,-7.9,0.74,0
2022-04-01,Medical Kits,kits,71,-8.9,0.75,0
2022-04-02,Medical Kits,kits,66,-6.8,0.69,0
2022-04-03,Medical Kits,kits,68,-8.5,0.78,0
2022-04-04,Medical Kits,kits,65,-13.9,0.68,0
2022-04-05,Medical Kits,kits,73,-12.3,0.71,0
2022-04-06,Medical Kits,kits,62,-11.3,0.7,0
2022-04-07,Medical Kits,kits,56,-10.2,0.61,0
2022-04-08,Medical Kits,kits,65,-9.4,0.7,0
2022-04-09,Medical Kits,kits,61,-9.4,0.58,0
2022-04-10,Medical Kits,kits,64,-10.2,0.65,0
2022-04-11,Medical Kits,kits,62,-10.8,0.66,0
2022-04-12,Medical Kits,kits,61,-11.7,0.62,0
2022-04-13,Medical Kits,kits,60,-12.4,0.69,0
2022-04-14,Medical Kits,kits,62,-15.2,0.67,0
2022-04-15,Medical Kits,kits,60,-16.6,0.64,0
2022-04-16,Medical Kits,kits,60,-16.3,0.69,0
2022-04-17,Medical Kits,kits,58,-19.2,0.61,0
2022-04-18,Medical Kits,kits,64,-21.4,0.71,0
2022-04-19,Medical Kits,kits,63,-20.7,0.68,0
2022-04-20,Medical Kits,kits,54,-19.9,0.62,0
2022-04-21,Medical Kits,kits,58,-19.4,0.65,0
2022-04-22,Medical Kits,kits,55,-22.2,0.62,0
2022-04-23,Medical Kits,kits,53,-18.7,0.56,0
2022-04-24,Medical Kits,kits,46,-20.2,0.49,0
2022-04-25,Medical Kits,kits,55,-20.6,0.6,0
2022-04-26,Medical Kits,kits,54,-21.7,0.61,0
2022-04-27,Medical Kits,kits,59,-18.7,0.65,0
2022-04-28,Medical Kits,kits,57,-17.6,0.65,0
2022-04-29,Medical Kits,kits,55,-18.0,0.57,0
2022-04-30,Medical Kits,kits,55,-18.4,0.55,0
2022-05-01,Medical Kits,kits,55,-17.8,0.58,0
2022-05-02,Medical Kits,kits,53,-19.4,0.56,0
2022-05-03,Medical Kits,kits,56,-18.3,0.58,0
2022-05-04,Medical Kits,kits,47,-18.8,0.51,0
2022-05-05,Medical Kits,kits,49,-17.7,0.5,0
2022-05-06,Medical Kits,kits,48,-16.8,0.51,0
2022-05-07,Medical Kits,kits,48,-17.7,0.5,0
2022-05-08,Medical Kits,kits,49,-20.7,0.5,0
2022-05-09,Medical Kits,kits,53,-20.5,0.54,0
2022-05-10,Medical Kits,kits,51,-22.2,0.53,0
2022-05-11,Medical Kits,kits,51,-21.4,0.58,0
2022-05-12,Medical Kits,kits,47,-21.2,0.51,0
2022-05-13,Medical Kits,kits,46,-21.6,0.51,0
2022-05-14,Medical Kits,kits,48,-23.0,0.52,0
2022-05-15,Medical Kits,kits,47,-20.5,0.54,0
2022-05-16,Medical Kits,kits,47,-20.9,0.54,0
2022-05-17,Medical Kits,kits,52,-17.0,0.59,0
2022-05-18,Medical Kits,kits,46,-17.2,0.5,0
2022-05-19,Medical Kits,kits,42,-16.9,0.47,0
2022-05-20,Medical Kits,kits,41,-17.1,0.43,0
2022-05-21,Medical Kits,kits,46,-16.9,0.49,0
2022-05-22,Medical Kits,kits,45,-15.6,0.52,0
2022-05-23,Medical Kits,kits,45,-14.5,0.48,0
2022-05-24,Medical Kits,kits,43,-17.9,0.47,0
2022-05-25,Medical Kits,kits,38,-16.9,0.45,0
2022-05-26,Medical Kits,kits,46,-16.6,0.52,0
2022-05-27,Medical Kits,kits,45,-17.0,0.5,0
2022-05-28,Medical Kits,kits,39,-14.9,0.43,0
2022-05-29,Medical Kits,kits,41,-13.1,0.48,0
2022-05-30,Medical Kits,kits,40,-12.8,0.43,0
2022-05-31,Medical Kits,kits,38,-14.8,0.44,0
2022-06-01,Medical Kits,kits,35,-17.4,0.39,0
2022-06-02,Medical Kits,kits,40,-16.8,0.46,0
2022-06-03,Medical Kits,kits,34,-15.3,0.4,0
2022-06-04,Medical Kits,kits,36,-19.2,0.41,0
2022-06-05,Medical Kits,kits,42,-17.9,0.5,0
2022-06-06,Medical Kits,kits,38,-18.7,0.45,0
2022-06-07,Medical Kits,kits,38,-21.8,0.42,0
2022-06-08,Medical Kits,kits,35,-21.0,0.41,0
2022-06-09,Medical Kits,kits,31,-19.7,0.37,0
2022-06-10,Medical Kits,kits,37,-20.5,0.44,0
2022-06-11,Medical Kits,kits,37,-22.3,0.38,0
2022-06-12,Medical Kits,kits,38,-19.6,0.46,0
2022-06-13,Medical Kits,kits,34,-21.0,0.35,0
2022-06-14,Medical Kits,kits,33,-19.4,0.39,0
2022-06-15,Medical Kits,kits,36,-22.0,0.42,0
2022-06-16,Medical Kits,kits,30,-21.4,0.35,0
2022-06-17,Medical Kits,kits,36,-20.9,0.42,0
2022-06-18,Medical Kits,kits,33,-19.8,0.35,0
2022-06-19,Medical Kits,kits,34,-18.0,0.37,0
2022-06-20,Medical Kits,kits,40,-19.8,0.42,0
2022-06-21,Medical Kits,kits,32,-19.4,0.36,0
2022-06-22,Medical Kits,kits,33,-21.9,0.4,0
2022-06-23,Medical Kits,kits,33,-24.1,0.41,0
2022-06-24,Medical Kits,kits,26,-24.7,0.31,0
2022-06-25,Medical Kits,kits,34,-23.8,0.39,0
2022-06-26,Medical Kits,kits,25,-21.1,0.33,0
2022-06-27,Medical Kits,kits,34,-18.6,0.38,0
2022-06-28,Medical Kits,kits,29,-19.8,0.33,0
2022-06-29,Medical Kits,kits,29,-19.8,0.36,0
2022-06-30,Medical Kits,kits,31,-18.8,0.35,0
2022-07-01,Medical Kits,kits,27,-18.3,0.3,0
2022-07-02,Medical Kits,kits,31,-19.2,0.38,0
2022-07-03,Medical Kits,kits,28,-19.7,0.36,0
2022-07-04,Medical Kits,kits,27,-20.3,0.31,0
2022-07-05,Medical Kits,kits,30,-21.0,0.35,0
2022-07-06,Medical Kits,kits,34,-21.9,0.41,0
2022-07-07,Medical Kits,kits,33,-22.2,0.36,0
2022-07-08,Medical Kits,kits,29,-22.9,0.36,0
2022-07-09,Medical Kits,kits,30,-24.7,0.38,0
2022-07-10,Medical Kits,kits,29,-23.1,0.31,0
2022-07-11,Medical Kits,kits,27,-22.3,0.29,0
2022-07-12,Medical Kits,kits,27,-19.6,0.29,0
2022-07-13,Medical Kits,kits,31,-19.6,0.35,0
2022-07-14,Medical Kits,kits,28,-20.7,0.31,0
2022-07-15,Medical Kits,kits,30,-22.0,0.37,0
2022-07-16,Medical Kits,kits,27,-22.1,0.3,0
2022-07-17,Medical Kits,kits,32,-21.4,0.36,0
2022-07-18,Medical Kits,kits,32,-22.0,0.38,0
2022-07-19,Medical Kits,kits,35,-24.4,0.38,0
2022-07-20,Medical Kits,kits,34,-25.3,0.39,0
2022-07-21,Medical Kits,kits,27,-24.9,0.33,0
2022-07-22,Medical Kits,kits,28,-23.5,0.39,0
2022-07-23,Medical Kits,kits,31,-25.6,0.37,0
2022-07-24,Medical Kits,kits,28,-24.8,0.3,0
2022-07-25,Medical Kits,kits,31,-24.1,0.37,0
2022-07-26,Medical Kits,kits,29,-24.6,0.35,0
2022-07-27,Medical Kits,kits,33,-25.2,0.39,0
2022-07-28,Medical Kits,kits,33,-25.9,0.38,0
2022-07-29,Medical Kits,kits,30,-25.2,0.37,0
2022-07-30,Medical Kits,kits,25,-23.1,0.3,0
2022-07-31,Medical Kits,kits,34,-21.2,0.4,0
2022-08-01,Medical Kits,kits,29,-23.0,0.34,0
2022-08-02,Medical Kits,kits,31,-23.2,0.36,0
2022-08-03,Medical Kits,kits,31,-26.3,0.35,0
2022-08-04,Medical Kits,kits,33,-25.5,0.41,0
2022-08-05,Medical Kits,kits,30,-24.1,0.38,0
2022-08-06,Medical Kits,kits,28,-21.4,0.37,0
2022-08-07,Medical Kits,kits,32,-24.2,0.37,0
2022-08-08,Medical Kits,kits,35,-25.5,0.41,0
2022-08-09,Medical Kits,kits,32,-24.7,0.38,0
2022-08-10,Medical Kits,kits,32,-26.6,0.35,0
2022-08-11,Medical Kits,kits,29,-25.6,0.36,0
2022-08-12,Medical Kits,kits,35,-24.1,0.39,0
2022-08-13,Medical Kits,kits,35,-25.6,0.41,0
2022-08-14,Medical Kits,kits,33,-24.7,0.35,0
2022-08-15,Medical Kits,kits,31,-26.0,0.37,0
2022-08-16,Medical Kits,kits,34,-23.2,0.42,0
2022-08-17,Medical Kits,kits,35,-22.5,0.38,0
2022-08-18,Medical Kits,kits,34,-23.2,0.38,0
2022-08-19,Medical Kits,kits,32,-24.7,0.36,0
2022-08-20,Medical Kits,kits,36,-23.5,0.4,0
2022-08-21,Medical Kits,kits,36,-21.0,0.44,0
2022-08-22,Medical Kits,kits,37,-22.0,0.42,0
2022-08-23,Medical Kits,kits,36,-22.4,0.39,0
2022-08-24,Medical Kits,kits,40,-23.2,0.43,0
2022-08-25,Medical Kits,kits,37,-20.4,0.37,0
2022-08-26,Medical Kits,kits,41,-23.1,0.44,0
2022-08-27,Medical Kits,kits,38,-20.7,0.4,0
2022-08-28,Medical Kits,kits,34,-21.1,0.36,0
2022-08-29,Medical Kits,kits,41,-20.9,0.45,0
2022-08-30,Medical Kits,kits,37,-21.2,0.39,0
2022-08-31,Medical Kits,kits,37,-20.5,0.42,0
2022-09-01,Medical Kits,kits,42,-21.3,0.48,0
2022-09-02,Medical Kits,kits,36,-19.4,0.42,0
2022-09-03,Medical Kits,kits,35,-17.6,0.41,0
2022-09-04,Medical Kits,kits,40,-19.2,0.38,0
2022-09-05,Medical Kits,kits,42,-18.1,0.46,0
2022-09-06,Medical Kits,kits,44,-18.6,0.53,0
2022-09-07,Medical Kits,kits,42,-18.4,0.53,0
2022-09-08,Medical Kits,kits,35,-16.1,0.42,0
2022-09-09,Medical Kits,kits,39,-17.3,0.44,0
2022-09-10,Medical Kits,kits,39,-15.9,0.42,0
2022-09-11,Medical Kits,kits,37,-15.5,0.45,0
2022-09-12,Medical Kits,kits,43,-16.0,0.48,0
2022-09-13,Medical Kits,kits,46,-15.6,0.5,0
2022-09-14,Medical Kits,kits,47,-15.4,0.56,0
2022-09-15,Medical Kits,kits,46,-17.3,0.42,0
2022-09-16,Medical Kits,kits,44,-18.1,0.49,0
2022-09-17,Medical Kits,kits,49,-19.4,0.49,0
2022-09-18,Medical Kits,kits,46,-19.3,0.53,0
2022-09-19,Medical Kits,kits,47,-16.8,0.57,0
2022-09-20,Medical Kits,kits,45,-15.8,0.51,0
2022-09-21,Medical Kits,kits,47,-17.9,0.58,0
2022-09-22,Medical Kits,kits,47,-17.9,0.53,0
2022-09-23,Medical Kits,kits,44,-17.2,0.53,0
2022-09-24,Medical Kits,kits,51,-15.7,0.51,0
2022-09-25,Medical Kits,kits,50,-16.6,0.56,0
2022-09-26,Medical Kits,kits,52,-18.1,0.52,0
2022-09-27,Medical Kits,kits,48,-17.7,0.54,0
2022-09-28,Medical Kits,kits,53,-16.3,0.57,0
2022-09-29,Medical Kits,kits,47,-15.6,0.51,0
2022-09-30,Medical Kits,kits,54,-16.7,0.58,0
2022-10-01,Medical Kits,kits,54,-13.6,0.63,0
2022-10-02,Medical Kits,kits,50,-13.8,0.56,0
2022-10-03,Medical Kits,kits,57,-13.4,0.63,0
2022-10-04,Medical Kits,kits,59,-14.4,0.64,0
2022-10-05,Medical Kits,kits,53,-12.5,0.6,0
2022-10-06,Medical Kits,kits,59,-11.7,0.63,0
2022-10-07,Medical Kits,kits,50,-11.3,0.51,0
2022-10-08,Medical Kits,kits,56,-13.2,0.65,0
2022-10-09,Medical Kits,kits,49,-11.4,0.53,0
2022-10-10,Medical Kits,kits,60,-10.4,0.66,0
2022-10-11,Medical Kits,kits,53,-9.1,0.61,0
2022-10-12,Medical Kits,kits,52,-9.4,0.53,0
2022-10-13,Medical Kits,kits,59,-9.8,0.61,0
2022-10-14,Medical Kits,kits,62,-10.3,0.61,0
2022-10-15,Medical Kits,kits,58,-7.0,0.62,0
2022-10-16,Medical Kits,kits,61,-8.4,0.7,0
2022-10-17,Medical Kits,kits,66,-10.5,1.5,1
2022-10-18,Medical Kits,kits,58,-11.1,0.68,0
2022-10-19,Medical Kits,kits,59,-11.8,0.65,0
2022-10-20,Medical Kits,kits,65,-9.6,0.68,0
2022-10-21,Medical Kits,kits,63,-11.7,0.65,0
2022-10-22,Medical Kits,kits,67,-12.3,0.79,0
2022-10-23,Medical Kits,kits,60,-11.6,0.68,0
2022-10-24,Medical Kits,kits,59,-9.3,0.63,0
2022-10-25,Medical Kits,kits,60,-8.2,0.66,0
2022-10-26,Medical Kits,kits,67,-5.9,0.7,0
2022-10-27,Medical Kits,kits,69,-5.8,0.63,0
2022-10-28,Medical Kits,kits,69,-6.6,0.74,0
2022-10-29,Medical Kits,kits,68,-5.6,0.68,0
2022-10-30,Medical Kits,kits,71,-8.0,0.74,0
2022-10-31,Medical Kits,kits,66,-10.6,0.66,0
2022-11-01,Medical Kits,kits,62,-8.7,0.66,0
2022-11-02,Medical Kits,kits,64,-8.3,0.65,0
2022-11-03,Medical Kits,kits,65,-6.7,0.7,0
2022-11-04,Medical Kits,kits,64,-8.1,0.72,0
2022-11-05,Medical Kits,kits,66,-6.0,0.72,0
2022-11-06,Medical Kits,kits,68,-5.2,0.67,0
2022-11-07,Medical Kits,kits,73,-5.5,0.7,0
2022-11-08,Medical Kits,kits,73,-5.4,0.72,0
2022-11-09,Medical Kits,kits,77,-5.0,0.87,0
2022-11-10,Medical Kits,kits,69,-6.5,0.84,0
2022-11-11,Medical Kits,kits,74,-7.1,0.76,0
2022-11-12,Medical Kits,kits,78,-6.4,0.78,0
2022-11-13,Medical Kits,kits,72,-7.0,0.83,0
2022-11-14,Medical Kits,kits,73,-9.0,0.76,0
2022-11-15,Medical Kits,kits,79,-8.0,0.84,0
2022-11-16,Medical Kits,kits,74,-6.4,0.8,0
2022-11-17,Medical Kits,kits,80,-4.6,0.82,0
2022-11-18,Medical Kits,kits,72,-3.9,0.73,0
2022-11-19,Medical Kits,kits,82,-2.8,0.87,0
2022-11-20,Medical Kits,kits,81,-1.7,0.84,0
2022-11-21,Medical Kits,kits,75,-2.0,0.71,0
2022-11-22,Medical Kits,kits,77,-5.6,0.78,0
2022-11-23,Medical Kits,kits,75,-3.6,0.79,0
2022-11-24,Medical Kits,kits,77,-5.1,0.79,0
2022-11-25,Medical Kits,kits,74,-6.6,0.81,0
2022-11-26,Medical Kits,kits,74,-7.9,0.75,0
2022-11-27,Medical Kits,kits,76,-3.6,0.9,0
2022-11-28,Medical Kits,kits,83,-2.9,0.88,0
2022-11-29,Medical Kits,kits,75,-4.6,0.8,0
2022-11-30,Medical Kits,kits,85,-5.5,0.87,0
2022-12-01,Medical Kits,kits,84,-5.1,0.88,0
2022-12-02,Medical Kits,kits,86,-4.1,0.81,0
2022-12-03,Medical Kits,kits,83,-3.5,0.88,0
2022-12-04,Medical Kits,kits,87,-4.8,1.03,0
2022-12-05,Medical Kits,kits,79,-4.1,0.89,0
2022-12-06,Medical Kits,kits,87,-4.8,0.83,0
2022-12-07,Medical Kits,kits,93,-2.9,1.0,0
2022-12-08,Medical Kits,kits,83,-2.8,0.9,0
2022-12-09,Medical Kits,kits,84,-3.9,0.97,0
2022-12-10,Medical Kits,kits,82,-2.6,0.83,0
2022-12-11,Medical Kits,kits,85,-2.0,1.02,0
2022-12-12,Medical Kits,kits,86,-2.8,0.92,0
2022-12-13,Medical Kits,kits,78,-1.6,0.79,0
2022-12-14,Medical Kits,kits,87,-0.7,0.83,0
2022-12-15,Medical Kits,kits,89,0.9,0.93,0
2022-12-16,Medical Kits,kits,83,1.6,0.89,0
2022-12-17,Medical Kits,kits,85,0.7,0.84,0
2022-12-18,Medical Kits,kits,89,-2.2,0.98,0
2022-12-19,Medical Kits,kits,84,-1.8,0.92,0
2022-12-20,Medical Kits,kits,89,-1.3,0.94,0
2022-12-21,Medical Kits,kits,88,-1.2,0.88,0
2022-12-22,Medical Kits,kits,94,-5.8,0.99,0
2022-12-23,Medical Kits,kits,87,-4.1,1.02,0
2022-12-24,Medical Kits,kits,86,-5.1,0.86,0
2022-12-25,Medical Kits,kits,89,-3.5,0.84,0
2022-12-26,Medical Kits,kits,89,-0.6,0.92,0
2022-12-27,Medical Kits,kits,93,-1.1,0.93,0
2022-12-28,Medical Kits,kits,93,-0.4,0.87,0
2022-12-29,Medical Kits,kits,87,-0.5,0.94,0
2022-12-30,Medical Kits,kits,88,0.2,0.86,0
2022-12-31,Medical Kits,kits,87,0.2,0.84,0
2023-01-01,Medical Kits,kits,87,-0.8,0.97,0
2023-01-02,Medical Kits,kits,79,-2.2,0.91,0
2023-01-03,Medical Kits,kits,94,0.4,1.14,0
2023-01-04,Medical Kits,kits,87,0.8,0.83,0
2023-01-05,Medical Kits,kits,88,1.8,0.95,0
2023-01-06,Medical Kits,kits,98,2.0,0.94,0
2023-01-07,Medical Kits,kits,88,3.0,0.93,0
2023-01-08,Medical Kits,kits,89,1.1,0.93,0
2023-01-09,Medical Kits,kits,91,0.9,0.84,0
2023-01-10,Medical Kits,kits,91,1.4,0.99,0
2023-01-11,Medical Kits,kits,88,3.0,0.93,0
2023-01-12,Medical Kits,kits,93,6.4,1.02,0
2023-01-13,Medical Kits,kits,90,5.9,0.88,0
2023-01-14,Medical Kits,kits,90,3.9,1.07,0
2023-01-15,Medical Kits,kits,88,1.4,0.94,0
2023-01-16,Medical Kits,kits,90,-0.4,0.97,0
2023-01-17,Medical Kits,kits,93,-1.6,1.06,0
2023-01-18,Medical Kits,kits,93,-5.9,0.98,0
2023-01-19,Medical Kits,kits,89,-6.2,0.89,0
2023-01-20,Medical Kits,kits,88,-4.3,0.99,0
2023-01-21,Medical Kits,kits,92,-3.8,0.96,0
2023-01-22,Medical Kits,kits,91,-3.8,1.02,0
2023-01-23,Medical Kits,kits,92,-5.8,0.96,0
2023-01-24,Medical Kits,kits,87,-3.6,1.04,0
2023-01-25,Medical Kits,kits,89,-2.5,0.94,0
2023-01-26,Medical Kits,kits,92,-2.3,0.93,0
2023-01-27,Medical Kits,kits,87,-5.5,0.94,0
2023-01-28,Medical Kits,kits,95,-5.6,0.97,0
2023-01-29,Medical Kits,kits,94,-4.4,0.94,0
2023-01-30,Medical Kits,kits,88,-4.0,1.0,0
2023-01-31,Medical Kits,kits,88,-3.4,0.86,0
2023-02-01,Medical Kits,kits,90,-2.1,1.01,0
2023-02-02,Medical Kits,kits,89,-1.8,1.03,0
2023-02-03,Medical Kits,kits,92,-0.9,0.95,0
2023-02-04,Medical Kits,kits,86,-2.3,0.92,0
2023-02-05,Medical Kits,kits,85,-4.1,0.85,0
2023-02-06,Medical Kits,kits,89,-3.1,1.0,0
2023-02-07,Medical Kits,kits,89,-1.9,0.87,0
2023-02-08,Medical Kits,kits,87,-1.2,0.97,0
2023-02-09,Medical Kits,kits,90,-1.2,0.95,0
2023-02-10,Medical Kits,kits,91,-1.9,0.91,0
2023-02-11,Medical Kits,kits,89,-1.7,0.9,0
2023-02-12,Medical Kits,kits,88,-1.3,0.96,0
2023-02-13,Medical Kits,kits,86,-0.9,0.84,0
2023-02-14,Medical Kits,kits,86,2.7,0.94,0
2023-02-15,Medical Kits,kits,82,0.5,0.88,0
2023-02-16,Medical Kits,kits,82,4.8,0.85,0
2023-02-17,Medical Kits,kits,89,1.7,0.97,0
2023-02-18,Medical Kits,kits,90,1.5,0.9,0
2023-02-19,Medical Kits,kits,81,-1.1,0.84,0
2023-02-20,Medical Kits,kits,86,-1.0,0.89,0
2023-02-21,Medical Kits,kits,80,0.1,0.78,0
2023-02-22,Medical Kits,kits,89,-0.5,0.92,0
2023-02-23,Medical Kits,kits,83,0.4,0.8,0
2023-02-24,Medical Kits,kits,91,-0.9,0.93,0
2023-02-25,Medical Kits,kits,81,-4.5,0.77,0
2023-02-26,Medical Kits,kits,81,-3.5,0.81,0
2023-02-27,Medical Kits,kits,83,-3.6,0.83,0
2023-02-28,Medical Kits,kits,85,-4.5,0.92,0
2023-03-01,Medical Kits,kits,84,-5.2,0.84,0
2023-03-02,Medical Kits,kits,84,-4.6,0.82,0
2023-03-03,Medical Kits,kits,80,-5.9,0.83,0
2023-03-04,Medical Kits,kits,83,-5.2,0.98,0
2023-03-05,Medical Kits,kits,87,-3.5,0.83,0
2023-03-06,Medical Kits,kits,82,-0.7,0.91,0
2023-03-07,Medical Kits,kits,77,0.6,0.84,0
2023-03-08,Medical Kits,kits,80,-0.1,0.96,0
2023-03-09,Medical Kits,kits,72,-0.6,0.78,0
2023-03-10,Medical Kits,kits,80,-2.1,0.85,0
2023-03-11,Medical Kits,kits,73,-3.4,1.54,1
2023-03-12,Medical Kits,kits,79,-2.6,1.67,1
2023-03-13,Medical Kits,kits,77,-3.7,0.85,0
2023-03-14,Medical Kits,kits,79,-3.6,0.81,0
2023-03-15,Medical Kits,kits,76,-5.6,0.96,0
2023-03-16,Medical Kits,kits,80,-3.8,0.89,0
2023-03-17,Medical Kits,kits,77,-4.8,0.81,0
2023-03-18,Medical Kits,kits,78,-3.6,0.82,0
2023-03-19,Medical Kits,kits,73,-5.3,0.78,0
2023-03-20,Medical Kits,kits,72,-6.8,0.77,0
2023-03-21,Medical Kits,kits,69,-5.0,0.77,0
2023-03-22,Medical Kits,kits,69,-6.5,0.75,0
2023-03-23,Medical Kits,kits,72,-9.1,0.84,0
2023-03-24,Medical Kits,kits,72,-10.6,0.72,0
2023-03-25,Medical Kits,kits,72,-9.1,0.77,0
2023-03-26,Medical Kits,kits,69,-7.9,0.7,0
2023-03-27,Medical Kits,kits,71,-9.3,0.74,0
2023-03-28,Medical Kits,kits,74,-10.2,0.77,0
2023-03-29,Medical Kits,kits,71,-9.1,0.8,0
2023-03-30,Medical Kits,kits,69,-7.3,0.71,0
2023-03-31,Medical Kits,kits,69,-7.8,0.8,0
2023-04-01,Medical Kits,kits,72,-7.3,0.84,0
2023-04-02,Medical Kits,kits,68,-6.5,0.76,0
2023-04-03,Medical Kits,kits,65,-3.8,0.65,0
2023-04-04,Medical Kits,kits,65,-6.6,0.76,0
2023-04-05,Medical Kits,kits,64,-8.3,0.67,0
2023-04-06,Medical Kits,kits,64,-9.5,0.68,0
2023-04-07,Medical Kits,kits,67,-8.5,0.74,0
2023-04-08,Medical Kits,kits,69,-9.3,0.7,0
2023-04-09,Medical Kits,kits,63,-9.2,0.73,0
2023-04-10,Medical Kits,kits,61,-9.4,0.69,0
2023-04-11,Medical Kits,kits,59,-9.8,0.75,0
2023-04-12,Medical Kits,kits,67,-10.0,0.73,0
2023-04-13,Medical Kits,kits,65,-8.8,0.69,0
2023-04-14,Medical Kits,kits,59,-10.9,0.72,0
2023-04-15,Medical Kits,kits,61,-11.4,0.59,0
2023-04-16,Medical Kits,kits,64,-13.5,0.7,0
2023-04-17,Medical Kits,kits,59,-13.1,0.63,0
2023-04-18,Medical Kits,kits,62,-13.4,0.72,0
2023-04-19,Medical Kits,kits,58,-11.8,0.75,0
2023-04-20,Medical Kits,kits,57,-12.1,0.59,0
2023-04-21,Medical Kits,kits,50,-13.1,0.59,0
2023-04-22,Medical Kits,kits,56,-13.6,0.66,0
2023-04-23,Medical Kits,kits,55,-11.1,0.65,0
2023-04-24,Medical Kits,kits,58,-14.0,0.64,0
2023-04-25,Medical Kits,kits,56,-15.0,0.64,0
2023-04-26,Medical Kits,kits,56,-15.0,0.58,0
2023-04-27,Medical Kits,kits,57,-15.9,0.69,0
2023-04-28,Medical Kits,kits,47,-15.1,0.49,0
2023-04-29,Medical Kits,kits,53,-15.2,0.55,0
2023-04-30,Medical Kits,kits,49,-14.9,0.53,0
2023-05-01,Medical Kits,kits,49,-14.9,0.52,0
2023-05-02,Medical Kits,kits,51,-15.2,0.57,0
2023-05-03,Medical Kits,kits,52,-17.3,0.56,0
2023-05-04,Medical Kits,kits,52,-16.9,0.54,0
2023-05-05,Medical Kits,kits,52,-19.5,0.53,0
2023-05-06,Medical Kits,kits,48,-20.1,0.57,0
2023-05-07,Medical Kits,kits,49,-18.8,0.56,0
2023-05-08,Medical Kits,kits,53,-16.8,0.53,0
2023-05-09,Medical Kits,kits,53,-13.3,0.6,0
2023-05-10,Medical Kits,kits,47,-14.6,0.51,0
2023-05-11,Medical Kits,kits,48,-16.3,0.48,0
2023-05-12,Medical Kits,kits,44,-15.7,0.45,0
2023-05-13,Medical Kits,kits,50,-13.2,0.58,0
2023-05-14,Medical Kits,kits,53,-11.7,0.63,0
2023-05-15,Medical Kits,kits,44,-14.2,0.51,0
2023-05-16,Medical Kits,kits,49,-15.0,0.52,0
2023-05-17,Medical Kits,kits,47,-14.3,0.54,0
2023-05-18,Medical Kits,kits,44,-13.5,0.5,0
2023-05-19,Medical Kits,kits,42,-13.4,0.4,0
2023-05-20,Medical Kits,kits,51,-14.9,0.58,0
2023-05-21,Medical Kits,kits,45,-14.7,0.51,0
2023-05-22,Medical Kits,kits,46,-14.0,0.58,0
2023-05-23,Medical Kits,kits,42,-16.2,0.53,0
2023-05-24,Medical Kits,kits,42,-14.7,0.47,0
2023-05-25,Medical Kits,kits,38,-13.9,0.44,0
2023-05-26,Medical Kits,kits,43,-15.9,0.48,0
2023-05-27,Medical Kits,kits,40,-15.1,0.44,0
2023-05-28,Medical Kits,kits,37,-14.7,0.39,0
2023-05-29,Medical Kits,kits,37,-14.2,0.4,0
2023-05-30,Medical Kits,kits,47,-12.8,0.51,0
2023-05-31,Medical Kits,kits,38,-13.9,0.46,0
2023-06-01,Medical Kits,kits,40,-14.4,0.46,0
2023-06-02,Medical Kits,kits,35,-19.3,0.39,0
2023-06-03,Medical Kits,kits,37,-17.9,0.4,0
2023-06-04,Medical Kits,kits,34,-16.8,0.4,0
2023-06-05,Medical Kits,kits,38,-15.4,0.42,0
2023-06-06,Medical Kits,kits,34,-17.7,0.37,0
2023-06-07,Medical Kits,kits,39,-16.8,0.42,0
2023-06-08,Medical Kits,kits,31,-15.9,0.94,1
2023-06-09,Medical Kits,kits,34,-17.7,0.39,0
2023-06-10,Medical Kits,kits,39,-16.7,0.47,0
2023-06-11,Medical Kits,kits,40,-16.8,0.4,0
2023-06-12,Medical Kits,kits,35,-20.0,0.43,0
2023-06-13,Medical Kits,kits,34,-19.4,0.41,0
2023-06-14,Medical Kits,kits,35,-21.0,0.42,0
2023-06-15,Medical Kits,kits,40,-23.6,0.41,0
2023-06-16,Medical Kits,kits,33,-22.8,0.38,0
2023-06-17,Medical Kits,kits,34,-22.8,0.37,0
2023-06-18,Medical Kits,kits,30,-20.6,0.33,0
2023-06-19,Medical Kits,kits,31,-20.6,0.32,0
2023-06-20,Medical Kits,kits,34,-19.7,0.36,0
2023-06-21,Medical Kits,kits,36,-19.3,0.38,0
2023-06-22,Medical Kits,kits,34,-18.3,0.41,0
2023-06-23,Medical Kits,kits,35,-20.3,0.39,0
2023-06-24,Medical Kits,kits,29,-20.3,0.34,0
2023-06-25,Medical Kits,kits,29,-20.9,0.36,0
2023-06-26,Medical Kits,kits,34,-20.2,0.39,0
2023-06-27,Medical Kits,kits,30,-20.2,0.33,0
2023-06-28,Medical Kits,kits,28,-21.5,0.33,0
2023-06-29,Medical Kits,kits,32,-22.2,0.35,0
2023-06-30,Medical Kits,kits,31,-19.8,0.32,0
2023-07-01,Medical Kits,kits,30,-22.8,0.36,0
2023-07-02,Medical Kits,kits,36,-21.8,0.43,0
2023-07-03,Medical Kits,kits,36,-20.1,0.41,0
2023-07-04,Medical Kits,kits,34,-19.7,0.39,0
2023-07-05,Medical Kits,kits,32,-17.2,0.36,0
2023-07-06,Medical Kits,kits,35,-16.7,0.44,0
2023-07-07,Medical Kits,kits,31,-17.0,0.37,0
2023-07-08,Medical Kits,kits,30,-18.6,0.35,0
2023-07-09,Medical Kits,kits,28,-18.7,0.35,0
2023-07-10,Medical Kits,kits,28,-18.3,0.35,0
2023-07-11,Medical Kits,kits,33,-19.0,0.39,0
2023-07-12,Medical Kits,kits,26,-20.8,0.33,0
2023-07-13,Medical Kits,kits,28,-22.9,0.34,0
2023-07-14,Medical Kits,kits,29,-22.7,0.34,0
2023-07-15,Medical Kits,kits,26,-24.9,0.33,0
2023-07-16,Medical Kits,kits,29,-25.3,0.32,0
2023-07-17,Medical Kits,kits,30,-28.6,0.33,0
2023-07-18,Medical Kits,kits,33,-26.5,0.39,0
2023-07-19,Medical Kits,kits,29,-24.3,0.33,0
2023-07-20,Medical Kits,kits,30,-24.0,0.37,0
2023-07-21,Medical Kits,kits,26,-21.0,0.31,0
2023-07-22,Medical Kits,kits,26,-19.3,0.35,0
2023-07-23,Medical Kits,kits,24,-19.1,0.27,0
2023-07-24,Medical Kits,kits,33,-19.8,0.4,0
2023-07-25,Medical Kits,kits,29,-20.8,0.33,0
2023-07-26,Medical Kits,kits,31,-20.2,0.37,0
2023-07-27,Medical Kits,kits,32,-20.8,0.39,0
2023-07-28,Medical Kits,kits,33,-20.2,0.39,0
2023-07-29,Medical Kits,kits,37,-19.7,0.43,0
2023-07-30,Medical Kits,kits,31,-20.4,0.37,0
2023-07-31,Medical Kits,kits,29,-19.1,0.34,0
2023-08-01,Medical Kits,kits,33,-19.9,0.4,0
2023-08-02,Medical Kits,kits,38,-20.2,0.45,0
2023-08-03,Medical Kits,kits,30,-22.0,0.34,0
2023-08-04,Medical Kits,kits,29,-22.4,0.32,0
2023-08-05,Medical Kits,kits,24,-19.1,0.29,0
2023-08-06,Medical Kits,kits,26,-20.9,0.31,0
2023-08-07,Medical Kits,kits,36,-20.4,0.37,0
2023-08-08,Medical Kits,kits,32,-21.3,0.38,0
2023-08-09,Medical Kits,kits,29,-24.7,0.32,0
2023-08-10,Medical Kits,kits,33,-23.4,0.34,0
2023-08-11,Medical Kits,kits,41,-23.9,0.47,0
2023-08-12,Medical Kits,kits,33,-23.1,0.35,0
2023-08-13,Medical Kits,kits,39,-21.3,0.47,0
2023-08-14,Medical Kits,kits,31,-20.9,0.38,0
2023-08-15,Medical Kits,kits,38,-20.5,0.44,0
2023-08-16,Medical Kits,kits,32,-21.9,0.4,0
2023-08-17,Medical Kits,kits,32,-20.7,0.39,0
2023-08-18,Medical Kits,kits,32,-21.0,0.35,0
2023-08-19,Medical Kits,kits,34,-23.9,0.41,0
2023-08-20,Medical Kits,kits,38,-22.2,0.41,0
2023-08-21,Medical Kits,kits,34,-20.2,0.41,0
2023-08-22,Medical Kits,kits,39,-18.0,0.43,0
2023-08-23,Medical Kits,kits,34,-15.1,0.36,0
2023-08-24,Medical Kits,kits,36,-14.6,0.42,0
2023-08-25,Medical Kits,kits,35,-14.7,0.39,0
2023-08-26,Medical Kits,kits,42,-13.8,1.12,1
2023-08-27,Medical Kits,kits,39,-16.0,0.47,0
2023-08-28,Medical Kits,kits,39,-19.0,0.39,0
2023-08-29,Medical Kits,kits,37,-19.8,0.42,0
2023-08-30,Medical Kits,kits,37,-17.8,0.44,0
2023-08-31,Medical Kits,kits,36,-19.0,0.41,0
2023-09-01,Medical Kits,kits,43,-18.3,0.48,0
2023-09-02,Medical Kits,kits,35,-17.5,0.41,0
2023-09-03,Medical Kits,kits,39,-17.3,0.4,0
2023-09-04,Medical Kits,kits,43,-19.4,0.53,0
2023-09-05,Medical Kits,kits,36,-18.7,0.43,0
2023-09-06,Medical Kits,kits,42,-19.2,0.45,0
2023-09-07,Medical Kits,kits,39,-16.5,0.42,0
2023-09-08,Medical Kits,kits,42,-15.0,0.49,0
2023-09-09,Medical Kits,kits,42,-16.0,0.48,0
2023-09-10,Medical Kits,kits,36,-13.5,0.42,0
2023-09-11,Medical Kits,kits,45,-13.6,0.52,0
2023-09-12,Medical Kits,kits,41,-16.6,0.47,0
2023-09-13,Medical Kits,kits,42,-16.8,0.42,0
2023-09-14,Medical Kits,kits,45,-14.3,0.49,0
2023-09-15,Medical Kits,kits,46,-15.9,0.53,0
2023-09-16,Medical Kits,kits,47,-16.1,0.54,0
2023-09-17,Medical Kits,kits,48,-18.2,0.51,0
2023-09-18,Medical Kits,kits,39,-19.7,0.44,0
2023-09-19,Medical Kits,kits,48,-20.4,0.57,0
2023-09-20,Medical Kits,kits,47,-21.5,0.56,0
2023-09-21,Medical Kits,kits,46,-21.5,0.52,0
2023-09-22,Medical Kits,kits,49,-18.0,0.57,0
2023-09-23,Medical Kits,kits,51,-17.6,0.57,0
2023-09-24,Medical Kits,kits,46,-16.1,0.53,0
2023-09-25,Medical Kits,kits,54,-14.3,0.59,0
2023-09-26,Medical Kits,kits,53,-16.0,0.56,0
2023-09-27,Medical Kits,kits,52,-17.0,0.63,0
2023-09-28,Medical Kits,kits,47,-15.4,0.58,0
2023-09-29,Medical Kits,kits,58,-16.2,0.63,0
2023-09-30,Medical Kits,kits,53,-14.8,0.59,0
2023-10-01,Medical Kits,kits,53,-12.1,0.59,0
2023-10-02,Medical Kits,kits,53,-14.5,0.58,0
2023-10-03,Medical Kits,kits,55,-14.9,0.6,0
2023-10-04,Medical Kits,kits,57,-14.9,0.66,0
2023-10-05,Medical Kits,kits,54,-15.4,0.55,0
2023-10-06,Medical Kits,kits,51,-15.9,0.54,0
2023-10-07,Medical Kits,kits,59,-16.2,0.68,0
2023-10-08,Medical Kits,kits,54,-15.6,0.6,0
2023-10-09,Medical Kits,kits,54,-14.9,0.64,0
2023-10-10,Medical Kits,kits,57,-13.0,0.62,0
2023-10-11,Medical Kits,kits,56,-12.9,0.62,0
2023-10-12,Medical Kits,kits,59,-11.0,0.63,0
2023-10-13,Medical Kits,kits,60,-12.0,0.7,0
2023-10-14,Medical Kits,kits,58,-13.7,0.66,0
2023-10-15,Medical Kits,kits,60,-13.7,0.61,0
2023-10-16,Medical Kits,kits,59,-12.6,0.67,0
2023-10-17,Medical Kits,kits,63,-11.0,0.72,0
2023-10-18,Medical Kits,kits,63,-8.8,0.68,0
2023-10-19,Medical Kits,kits,64,-8.6,0.72,0
2023-10-20,Medical Kits,kits,61,-7.7,0.71,0
2023-10-21,Medical Kits,kits,63,-6.0,0.68,0
2023-10-22,Medical Kits,kits,65,-7.7,0.72,0
2023-10-23,Medical Kits,kits,66,-8.3,0.69,0
2023-10-24,Medical Kits,kits,66,-4.3,0.73,0
2023-10-25,Medical Kits,kits,64,-3.7,0.65,0
2023-10-26,Medical Kits,kits,62,-3.8,0.7,0
2023-10-27,Medical Kits,kits,67,-3.2,0.79,0
2023-10-28,Medical Kits,kits,68,-6.0,0.69,0
2023-10-29,Medical Kits,kits,63,-7.3,0.74,0
2023-10-30,Medical Kits,kits,70,-9.0,0.75,0
2023-10-31,Medical Kits,kits,68,-8.2,0.71,0
2023-11-01,Medical Kits,kits,68,-8.8,1.69,1
2023-11-02,Medical Kits,kits,69,-8.5,0.74,0
2023-11-03,Medical Kits,kits,72,-8.8,0.76,0
2023-11-04,Medical Kits,kits,74,-11.0,0.85,0
2023-11-05,Medical Kits,kits,70,-9.1,0.74,0
2023-11-06,Medical Kits,kits,70,-11.5,0.77,0
2023-11-07,Medical Kits,kits,73,-11.9,0.88,0
2023-11-08,Medical Kits,kits,68,-13.1,0.73,0
2023-11-09,Medical Kits,kits,75,-13.4,0.78,0
2023-11-10,Medical Kits,kits,69,-12.1,0.73,0
2023-11-11,Medical Kits,kits,69,-9.3,0.79,0
2023-11-12,Medical Kits,kits,78,-11.2,0.83,0
2023-11-13,Medical Kits,kits,68,-11.2,0.74,0
2023-11-14,Medical Kits,kits,78,-13.0,0.8,0
2023-11-15,Medical Kits,kits,80,-12.8,0.84,0
2023-11-16,Medical Kits,kits,76,-11.6,0.86,0
2023-11-17,Medical Kits,kits,78,-9.5,1.69,1
2023-11-18,Medical Kits,kits,72,-12.0,0.69,0
2023-11-19,Medical Kits,kits,75,-10.1,0.78,0
2023-11-20,Medical Kits,kits,78,-10.8,0.81,0
2023-11-21,Medical Kits,kits,79,-11.7,0.83,0
2023-11-22,Medical Kits,kits,79,-10.5,0.83,0
2023-11-23,Medical Kits,kits,79,-8.7,0.84,0
2023-11-24,Medical Kits,kits,79,-8.2,0.82,0
2023-11-25,Medical Kits,kits,75,-9.2,0.87,0
2023-11-26,Medical Kits,kits,81,-8.6,0.91,0
2023-11-27,Medical Kits,kits,77,-9.0,0.82,0
2023-11-28,Medical Kits,kits,79,-7.3,0.89,0
2023-11-29,Medical Kits,kits,85,-5.1,0.76,0
2023-11-30,Medical Kits,kits,76,-3.4,0.83,0
2023-12-01,Medical Kits,kits,81,-3.4,0.91,0
2023-12-02,Medical Kits,kits,84,-1.7,0.86,0
2023-12-03,Medical Kits,kits,84,-3.4,0.92,0
2023-12-04,Medical Kits,kits,83,-0.7,0.85,0
2023-12-05,Medical Kits,kits,81,-2.6,0.88,0
2023-12-06,Medical Kits,kits,87,-5.7,0.85,0
2023-12-07,Medical Kits,kits,80,-3.2,0.9,0
2023-12-08,Medical Kits,kits,86,-4.1,0.91,0
2023-12-09,Medical Kits,kits,85,-3.7,0.92,0
2023-12-10,Medical Kits,kits,82,-5.1,0.87,0
2023-12-11,Medical Kits,kits,84,-1.1,0.95,0
2023-12-12,Medical Kits,kits,90,1.4,0.97,0
2023-12-13,Medical Kits,kits,82,3.2,0.92,0
2023-12-14,Medical Kits,kits,80,2.6,0.82,0
2023-12-15,Medical Kits,kits,84,3.4,0.92,0
2023-12-16,Medical Kits,kits,87,2.5,1.01,0
2023-12-17,Medical Kits,kits,91,3.5,1.06,0
2023-12-18,Medical Kits,kits,87,2.1,0.78,0
2023-12-19,Medical Kits,kits,82,3.9,0.88,0
2023-12-20,Medical Kits,kits,87,2.4,0.84,0
2023-12-21,Medical Kits,kits,90,1.3,0.93,0
2023-12-22,Medical Kits,kits,88,0.2,0.9,0
2023-12-23,Medical Kits,kits,89,0.2,0.98,0
2023-12-24,Medical Kits,kits,82,-0.6,0.87,0
2023-12-25,Medical Kits,kits,84,0.0,0.85,0
2023-12-26,Medical Kits,kits,88,-0.9,0.96,0
2023-12-27,Medical Kits,kits,92,0.2,0.91,0
2023-12-28,Medical Kits,kits,86,2.3,0.87,0
2023-12-29,Medical Kits,kits,89,1.9,0.92,0
2023-12-30,Medical Kits,kits,89,4.8,0.93,0
2023-12-31,Medical Kits,kits,86,5.6,0.92,0
2024-01-01,Medical Kits,kits,87,7.8,0.93,0
2024-01-02,Medical Kits,kits,89,6.4,0.91,0
2024-01-03,Medical Kits,kits,88,2.8,0.95,0
2024-01-04,Medical Kits,kits,92,1.2,0.98,0
2024-01-05,Medical Kits,kits,88,-0.1,0.93,0
2024-01-06,Medical Kits,kits,92,-1.6,0.88,0
2024-01-07,Medical Kits,kits,89,-4.8,0.97,0
2024-01-08,Medical Kits,kits,90,-2.7,0.99,0
2024-01-09,Medical Kits,kits,92,-5.2,1.02,0
2024-01-10,Medical Kits,kits,90,-3.2,0.96,0
2024-01-11,Medical Kits,kits,89,0.4,1.0,0
2024-01-12,Medical Kits,kits,90,-0.9,0.98,0
2024-01-13,Medical Kits,kits,93,-0.4,0.96,0
2024-01-14,Medical Kits,kits,91,-1.1,0.96,0
2024-01-15,Medical Kits,kits,84,0.2,0.86,0
2024-01-16,Medical Kits,kits,88,-1.8,0.88,0
2024-01-17,Medical Kits,kits,88,-1.9,0.97,0
2024-01-18,Medical Kits,kits,92,-0.1,0.96,0
2024-01-19,Medical Kits,kits,84,-0.3,0.93,0
2024-01-20,Medical Kits,kits,91,-2.9,1.07,0
2024-01-21,Medical Kits,kits,92,-0.7,1.03,0
2024-01-22,Medical Kits,kits,92,-2.8,0.91,0
2024-01-23,Medical Kits,kits,89,-2.4,0.91,0
2024-01-24,Medical Kits,kits,85,-1.4,0.93,0
2024-01-25,Medical Kits,kits,89,-1.2,0.96,0
2024-01-26,Medical Kits,kits,94,2.6,1.07,0
2024-01-27,Medical Kits,kits,88,3.1,0.91,0
2024-01-28,Medical Kits,kits,96,2.1,0.93,0
2024-01-29,Medical Kits,kits,92,2.5,0.92,0
2024-01-30,Medical Kits,kits,89,2.2,1.01,0
2024-01-31,Medical Kits,kits,90,1.6,0.96,0
2024-02-01,Medical Kits,kits,90,1.5,1.0,0
2024-02-02,Medical Kits,kits,87,0.3,0.9,0
2024-02-03,Medical Kits,kits,87,0.3,0.88,0
2024-02-04,Medical Kits,kits,94,-0.8,1.03,0
2024-02-05,Medical Kits,kits,93,-3.8,0.9,0
2024-02-06,Medical Kits,kits,87,-1.9,0.95,0
2024-02-07,Medical Kits,kits,85,-2.8,0.99,0
2024-02-08,Medical Kits,kits,83,-2.5,0.76,0
2024-02-09,Medical Kits,kits,94,-3.6,0.93,0
2024-02-10,Medical Kits,kits,90,-4.6,0.95,0
2024-02-11,Medical Kits,kits,91,-5.8,0.93,0
2024-02-12,Medical Kits,kits,85,-3.9,0.89,0
2024-02-13,Medical Kits,kits,85,-2.0,1.02,0
2024-02-14,Medical Kits,kits,83,-2.1,0.85,0
2024-02-15,Medical Kits,kits,76,-3.1,0.8,0
2024-02-16,Medical Kits,kits,83,-5.6,0.83,0
2024-02-17,Medical Kits,kits,86,-4.1,0.83,0
2024-02-18,Medical Kits,kits,86,-5.0,0.93,0
2024-02-19,Medical Kits,kits,83,-6.4,0.79,0
2024-02-20,Medical Kits,kits,86,-6.0,0.84,0
2024-02-21,Medical Kits,kits,82,-6.2,0.87,0
2024-02-22,Medical Kits,kits,86,-8.1,0.94,0
2024-02-23,Medical Kits,kits,86,-9.6,0.86,0
2024-02-24,Medical Kits,kits,86,-8.2,0.87,0
2024-02-25,Medical Kits,kits,83,-8.6,0.79,0
2024-02-26,Medical Kits,kits,80,-7.2,0.88,0
2024-02-27,Medical Kits,kits,79,-6.6,0.84,0
2024-02-28,Medical Kits,kits,75,-4.8,0.8,0
2024-02-29,Medical Kits,kits,84,-6.0,1.66,1
2024-03-01,Medical Kits,kits,76,-5.5,0.85,0
2024-03-02,Medical Kits,kits,80,-4.5,0.82,0
2024-03-03,Medical Kits,kits,81,-5.6,0.91,0
2024-03-04,Medical Kits,kits,77,-3.9,0.79,0
2024-03-05,Medical Kits,kits,79,-6.6,0.86,0
2024-03-06,Medical Kits,kits,80,-7.8,0.81,0
2024-03-07,Medical Kits,kits,78,-10.0,0.88,0
2024-03-08,Medical Kits,kits,80,-10.6,0.79,0
2024-03-09,Medical Kits,kits,77,-10.2,0.83,0
2024-03-10,Medical Kits,kits,77,-8.3,0.76,0
2024-03-11,Medical Kits,kits,74,-8.3,0.77,0
2024-03-12,Medical Kits,kits,76,-9.0,0.84,0
2024-03-13,Medical Kits,kits,76,-11.0,0.75,0
2024-03-14,Medical Kits,kits,73,-12.2,0.8,0
2024-03-15,Medical Kits,kits,77,-11.0,0.86,0
2024-03-16,Medical Kits,kits,68,-9.2,0.64,0
2024-03-17,Medical Kits,kits,78,-9.6,0.85,0
2024-03-18,Medical Kits,kits,70,-7.5,0.8,0
2024-03-19,Medical Kits,kits,77,-9.0,0.78,0
2024-03-20,Medical Kits,kits,75,-9.4,0.76,0
2024-03-21,Medical Kits,kits,76,-9.7,0.73,0
2024-03-22,Medical Kits,kits,69,-7.3,0.7,0
2024-03-23,Medical Kits,kits,71,-7.3,0.81,0
2024-03-24,Medical Kits,kits,72,-10.2,0.75,0
2024-03-25,Medical Kits,kits,72,-8.6,0.79,0
2024-03-26,Medical Kits,kits,73,-5.9,0.75,0
2024-03-27,Medical Kits,kits,72,-6.8,0.76,0
2024-03-28,Medical Kits,kits,71,-8.6,0.82,0
2024-03-29,Medical Kits,kits,70,-7.5,0.81,0
2024-03-30,Medical Kits,kits,70,-4.9,0.76,0
2024-03-31,Medical Kits,kits,68,-4.4,0.72,0
2024-04-01,Medical Kits,kits,71,-7.8,0.72,0
2024-04-02,Medical Kits,kits,67,-7.0,0.75,0
2024-04-03,Medical Kits,kits,61,-7.0,0.66,0
2024-04-04,Medical Kits,kits,70,-9.0,0.81,0
2024-04-05,Medical Kits,kits,67,-7.4,0.65,0
2024-04-06,Medical Kits,kits,64,-7.3,0.67,0
2024-04-07,Medical Kits,kits,65,-6.0,0.69,0
2024-04-08,Medical Kits,kits,68,-8.4,0.75,0
2024-04-09,Medical Kits,kits,64,-8.4,0.64,0
2024-04-10,Medical Kits,kits,67,-10.3,0.71,0
2024-04-11,Medical Kits,kits,64,-10.2,0.73,0
2024-04-12,Medical Kits,kits,61,-8.3,0.67,0
2024-04-13,Medical Kits,kits,57,-11.1,0.63,0
2024-04-14,Medical Kits,kits,61,-13.4,0.63,0
2024-04-15,Medical Kits,kits,64,-11.9,0.68,0
2024-04-16,Medical Kits,kits,58,-12.1,0.59,0
2024-04-17,Medical Kits,kits,60,-10.6,0.69,0
2024-04-18,Medical Kits,kits,63,-12.2,0.7,0
2024-04-19,Medical Kits,kits,53,-12.4,0.58,0
2024-04-20,Medical Kits,kits,59,-11.6,0.65,0
2024-04-21,Medical Kits,kits,59,-11.7,0.69,0
2024-04-22,Medical Kits,kits,58,-14.7,0.71,0
2024-04-23,Medical Kits,kits,51,-10.5,0.56,0
2024-04-24,Medical Kits,kits,53,-10.8,0.58,0
2024-04-25,Medical Kits,kits,49,-13.4,0.55,0
2024-04-26,Medical Kits,kits,51,-13.2,0.61,0
2024-04-27,Medical Kits,kits,57,-12.9,0.65,0
2024-04-28,Medical Kits,kits,52,-11.8,0.58,0
2024-04-29,Medical Kits,kits,55,-11.0,0.63,0
2024-04-30,Medical Kits,kits,55,-12.0,0.62,0
2024-05-01,Medical Kits,kits,49,-15.2,0.49,0
2024-05-02,Medical Kits,kits,52,-14.6,0.61,0
2024-05-03,Medical Kits,kits,46,-17.4,0.49,0
2024-05-04,Medical Kits,kits,51,-15.4,0.56,0
2024-05-05,Medical Kits,kits,51,-16.7,0.53,0
2024-05-06,Medical Kits,kits,49,-15.8,0.53,0
2024-05-07,Medical Kits,kits,44,-16.9,0.5,0
2024-05-08,Medical Kits,kits,44,-17.7,0.53,0
2024-05-09,Medical Kits,kits,56,-18.9,0.59,0
2024-05-10,Medical Kits,kits,49,-17.6,0.59,0
2024-05-11,Medical Kits,kits,46,-18.5,0.46,0
2024-05-12,Medical Kits,kits,50,-17.3,0.51,0
2024-05-13,Medical Kits,kits,51,-18.3,0.53,0
2024-05-14,Medical Kits,kits,49,-18.6,0.56,0
2024-05-15,Medical Kits,kits,45,-18.5,0.47,0
2024-05-16,Medical Kits,kits,44,-18.3,0.45,0
2024-05-17,Medical Kits,kits,47,-19.7,0.58,0
2024-05-18,Medical Kits,kits,43,-18.5,0.48,0
2024-05-19,Medical Kits,kits,47,-19.0,0.57,0
2024-05-20,Medical Kits,kits,43,-18.2,0.51,0
2024-05-21,Medical Kits,kits,45,-18.4,0.52,0
2024-05-22,Medical Kits,kits,45,-17.6,0.54,0
2024-05-23,Medical Kits,kits,38,-18.5,0.42,0
2024-05-24,Medical Kits,kits,42,-19.9,0.44,0
2024-05-25,Medical Kits,kits,44,-19.2,0.51,0
2024-05-26,Medical Kits,kits,38,-20.1,0.42,0
2024-05-27,Medical Kits,kits,39,-17.9,0.46,0
2024-05-28,Medical Kits,kits,43,-18.1,0.51,0
2024-05-29,Medical Kits,kits,44,-20.5,0.47,0
2024-05-30,Medical Kits,kits,29,-21.4,0.33,0
2024-05-31,Medical Kits,kits,42,-22.8,0.47,0
2024-06-01,Medical Kits,kits,31,-20.8,0.39,0
2024-06-02,Medical Kits,kits,38,-19.7,0.41,0
2024-06-03,Medical Kits,kits,34,-19.9,0.43,0
2024-06-04,Medical Kits,kits,36,-19.7,0.37,0
2024-06-05,Medical Kits,kits,37,-20.0,0.46,0
2024-06-06,Medical Kits,kits,38,-18.9,0.44,0
2024-06-07,Medical Kits,kits,41,-18.5,0.47,0
2024-06-08,Medical Kits,kits,32,-17.9,0.38,0
2024-06-09,Medical Kits,kits,39,-18.7,0.38,0
2024-06-10,Medical Kits,kits,35,-20.1,0.39,0
2024-06-11,Medical Kits,kits,34,-19.4,0.39,0
2024-06-12,Medical Kits,kits,40,-17.4,0.48,0
2024-06-13,Medical Kits,kits,37,-16.4,0.42,0
2024-06-14,Medical Kits,kits,29,-14.9,0.37,0
2024-06-15,Medical Kits,kits,34,-15.7,0.43,0
2024-06-16,Medical Kits,kits,32,-18.1,0.38,0
2024-06-17,Medical Kits,kits,32,-20.1,0.37,0
2024-06-18,Medical Kits,kits,33,-18.3,0.36,0
2024-06-19,Medical Kits,kits,34,-21.7,0.41,0
2024-06-20,Medical Kits,kits,29,-19.6,0.33,0
2024-06-21,Medical Kits,kits,32,-21.2,0.4,0
2024-06-22,Medical Kits,kits,31,-18.5,0.33,0
2024-06-23,Medical Kits,kits,33,-19.2,0.37,0
2024-06-24,Medical Kits,kits,32,-18.7,0.39,0
2024-06-25,Medical Kits,kits,35,-15.7,0.44,0
2024-06-26,Medical Kits,kits,32,-17.2,0.39,0
2024-06-27,Medical Kits,kits,33,-18.6,0.41,0
2024-06-28,Medical Kits,kits,32,-20.3,0.37,0
2024-06-29,Medical Kits,kits,28,-22.2,0.36,0
2024-06-30,Medical Kits,kits,30,-22.8,0.36,0
2024-07-01,Medical Kits,kits,29,-23.6,0.35,0
2024-07-02,Medical Kits,kits,33,-25.4,0.39,0
2024-07-03,Medical Kits,kits,33,-25.4,0.38,0
2024-07-04,Medical Kits,kits,30,-24.3,0.36,0
2024-07-05,Medical Kits,kits,31,-25.5,0.37,0
2024-07-06,Medical Kits,kits,26,-25.4,0.32,0
2024-07-07,Medical Kits,kits,29,-22.9,0.3,0
2024-07-08,Medical Kits,kits,23,-25.1,0.27,0
2024-07-09,Medical Kits,kits,33,-21.9,0.37,0
2024-07-10,Medical Kits,kits,37,-23.0,0.38,0
2024-07-11,Medical Kits,kits,28,-22.7,0.31,0
2024-07-12,Medical Kits,kits,31,-20.9,0.38,0
2024-07-13,Medical Kits,kits,31,-18.8,0.37,0
2024-07-14,Medical Kits,kits,27,-18.8,0.34,0
2024-07-15,Medical Kits,kits,30,-20.4,0.37,0
2024-07-16,Medical Kits,kits,31,-22.0,0.38,0
2024-07-17,Medical Kits,kits,31,-23.0,0.36,0
2024-07-18,Medical Kits,kits,30,-20.2,0.38,0
2024-07-19,Medical Kits,kits,29,-21.1,0.33,0
2024-07-20,Medical Kits,kits,28,-20.9,0.36,0
2024-07-21,Medical Kits,kits,32,-22.8,0.39,0
2024-07-22,Medical Kits,kits,35,-24.5,0.42,0
2024-07-23,Medical Kits,kits,24,-24.2,0.29,0
2024-07-24,Medical Kits,kits,24,-24.5,0.28,0
2024-07-25,Medical Kits,kits,27,-24.6,0.32,0
2024-07-26,Medical Kits,kits,29,-26.5,0.31,0
2024-07-27,Medical Kits,kits,30,-26.0,0.37,0
2024-07-28,Medical Kits,kits,31,-23.2,0.35,0
2024-07-29,Medical Kits,kits,31,-24.4,0.35,0
2024-07-30,Medical Kits,kits,31,-22.7,0.32,0
2024-07-31,Medical Kits,kits,35,-27.9,0.38,0
2024-08-01,Medical Kits,kits,28,-28.2,0.38,0
2024-08-02,Medical Kits,kits,34,-30.2,0.38,0
2024-08-03,Medical Kits,kits,37,-27.1,0.45,0
2024-08-04,Medical Kits,kits,27,-25.0,0.3,0
2024-08-05,Medical Kits,kits,26,-26.1,0.29,0
2024-08-06,Medical Kits,kits,33,-25.1,0.38,0
2024-08-07,Medical Kits,kits,34,-22.8,0.39,0
2024-08-08,Medical Kits,kits,33,-20.6,0.37,0
2024-08-09,Medical Kits,kits,26,-21.3,0.31,0
2024-08-10,Medical Kits,kits,28,-24.7,0.31,0
2024-08-11,Medical Kits,kits,32,-25.5,0.4,0
2024-08-12,Medical Kits,kits,35,-23.7,0.45,0
2024-08-13,Medical Kits,kits,32,-20.2,0.39,0
2024-08-14,Medical Kits,kits,34,-20.4,0.36,0
2024-08-15,Medical Kits,kits,35,-21.4,0.41,0
2024-08-16,Medical Kits,kits,37,-17.7,0.41,0
2024-08-17,Medical Kits,kits,31,-17.6,0.35,0
2024-08-18,Medical Kits,kits,35,-19.9,0.42,0
2024-08-19,Medical Kits,kits,39,-20.2,0.44,0
2024-08-20,Medical Kits,kits,33,-18.7,0.38,0
2024-08-21,Medical Kits,kits,34,-19.0,0.39,0
2024-08-22,Medical Kits,kits,36,-18.0,0.39,0
2024-08-23,Medical Kits,kits,33,-20.7,0.36,0
2024-08-24,Medical Kits,kits,33,-22.7,0.37,0
2024-08-25,Medical Kits,kits,36,-23.4,0.41,0
2024-08-26,Medical Kits,kits,37,-23.3,0.43,0
2024-08-27,Medical Kits,kits,40,-22.2,0.47,0
2024-08-28,Medical Kits,kits,35,-20.8,0.4,0
2024-08-29,Medical Kits,kits,38,-16.9,0.43,0
2024-08-30,Medical Kits,kits,42,-18.3,0.5,0
2024-08-31,Medical Kits,kits,43,-18.9,0.47,0
2024-09-01,Medical Kits,kits,39,-19.9,0.45,0
2024-09-02,Medical Kits,kits,40,-18.1,0.46,0
2024-09-03,Medical Kits,kits,38,-16.4,0.42,0
2024-09-04,Medical Kits,kits,42,-17.4,0.43,0
2024-09-05,Medical Kits,kits,46,-14.4,0.48,0
2024-09-06,Medical Kits,kits,45,-16.0,0.53,0
2024-09-07,Medical Kits,kits,42,-14.7,0.42,0
2024-09-08,Medical Kits,kits,43,-13.0,0.53,0
2024-09-09,Medical Kits,kits,40,-15.7,0.43,0
2024-09-10,Medical Kits,kits,40,-15.1,0.4,0
2024-09-11,Medical Kits,kits,42,-19.5,0.45,0
2024-09-12,Medical Kits,kits,45,-17.9,0.43,0
2024-09-13,Medical Kits,kits,47,-19.4,0.47,0
2024-09-14,Medical Kits,kits,45,-18.1,0.5,0
2024-09-15,Medical Kits,kits,47,-16.7,0.47,0
2024-09-16,Medical Kits,kits,38,-15.0,0.39,0
2024-09-17,Medical Kits,kits,47,-13.8,0.52,0
2024-09-18,Medical Kits,kits,45,-14.0,0.5,0
2024-09-19,Medical Kits,kits,43,-14.9,0.49,0
2024-09-20,Medical Kits,kits,49,-15.1,0.55,0
2024-09-21,Medical Kits,kits,52,-16.8,0.57,0
2024-09-22,Medical Kits,kits,49,-16.9,0.56,0
2024-09-23,Medical Kits,kits,52,-17.0,0.6,0
2024-09-24,Medical Kits,kits,48,-17.9,0.53,0
2024-09-25,Medical Kits,kits,56,-20.0,0.63,0
2024-09-26,Medical Kits,kits,46,-21.1,0.43,0
2024-09-27,Medical Kits,kits,51,-24.8,0.55,0
2024-09-28,Medical Kits,kits,54,-23.7,0.64,0
2024-09-29,Medical Kits,kits,52,-21.7,0.55,0
2024-09-30,Medical Kits,kits,57,-24.5,0.64,0
2024-10-01,Medical Kits,kits,47,-22.5,0.53,0
2024-10-02,Medical Kits,kits,53,-21.3,0.56,0
2024-10-03,Medical Kits,kits,53,-21.9,0.6,0
2024-10-04,Medical Kits,kits,54,-21.2,0.57,0
2024-10-05,Medical Kits,kits,50,-18.3,0.53,0
2024-10-06,Medical Kits,kits,55,-18.9,0.58,0
2024-10-07,Medical Kits,kits,55,-17.8,0.57,0
2024-10-08,Medical Kits,kits,57,-16.5,0.58,0
2024-10-09,Medical Kits,kits,60,-17.0,0.63,0
2024-10-10,Medical Kits,kits,58,-14.7,0.63,0
2024-10-11,Medical Kits,kits,59,-13.7,0.63,0
2024-10-12,Medical Kits,kits,62,-13.7,0.65,0
2024-10-13,Medical Kits,kits,63,-9.8,0.78,0
2024-10-14,Medical Kits,kits,52,-8.5,0.59,0
2024-10-15,Medical Kits,kits,63,-11.4,0.61,0
2024-10-16,Medical Kits,kits,63,-11.8,0.69,0
2024-10-17,Medical Kits,kits,60,-7.9,0.66,0
2024-10-18,Medical Kits,kits,60,-9.8,0.79,0
2024-10-19,Medical Kits,kits,59,-9.7,0.65,0
2024-10-20,Medical Kits,kits,57,-7.9,0.7,0
2024-10-21,Medical Kits,kits,66,-7.2,0.69,0
2024-10-22,Medical Kits,kits,66,-6.4,0.68,0
2024-10-23,Medical Kits,kits,64,-5.7,0.64,0
2024-10-24,Medical Kits,kits,67,-6.2,0.76,0
2024-10-25,Medical Kits,kits,68,-7.8,0.69,0
2024-10-26,Medical Kits,kits,60,-7.3,0.62,0
2024-10-27,Medical Kits,kits,67,-8.1,0.74,0
2024-10-28,Medical Kits,kits,66,-8.9,0.7,0
2024-10-29,Medical Kits,kits,69,-6.6,0.75,0
2024-10-30,Medical Kits,kits,68,-7.4,0.67,0
2024-10-31,Medical Kits,kits,71,-4.9,0.65,0
2024-11-01,Medical Kits,kits,64,-4.9,0.74,0
2024-11-02,Medical Kits,kits,73,-5.6,0.83,0
2024-11-03,Medical Kits,kits,68,-8.6,0.72,0
2024-11-04,Medical Kits,kits,70,-5.2,0.75,0
2024-11-05,Medical Kits,kits,65,-5.5,0.66,0
2024-11-06,Medical Kits,kits,71,-9.1,0.75,0
2024-11-07,Medical Kits,kits,72,-7.3,0.88,0
2024-11-08,Medical Kits,kits,72,-7.2,0.85,0
2024-11-09,Medical Kits,kits,70,-8.5,0.76,0
2024-11-10,Medical Kits,kits,69,-6.8,0.66,0
2024-11-11,Medical Kits,kits,75,-10.5,0.83,0
2024-11-12,Medical Kits,kits,69,-10.9,0.73,0
2024-11-13,Medical Kits,kits,77,-10.5,0.8,0
2024-11-14,Medical Kits,kits,80,-8.5,0.85,0
2024-11-15,Medical Kits,kits,82,-4.7,0.97,0
2024-11-16,Medical Kits,kits,73,-5.2,0.79,0
2024-11-17,Medical Kits,kits,78,-4.5,0.88,0
2024-11-18,Medical Kits,kits,75,-0.4,0.82,0
2024-11-19,Medical Kits,kits,81,-1.1,0.88,0
2024-11-20,Medical Kits,kits,79,-0.9,0.87,0
2024-11-21,Medical Kits,kits,77,-3.3,0.8,0
2024-11-22,Medical Kits,kits,76,-0.5,0.74,0
2024-11-23,Medical Kits,kits,78,-2.2,0.91,0
2024-11-24,Medical Kits,kits,77,-2.1,0.75,0
2024-11-25,Medical Kits,kits,79,-2.0,0.85,0
2024-11-26,Medical Kits,kits,80,-2.2,0.94,0
2024-11-27,Medical Kits,kits,79,-3.0,0.86,0
2024-11-28,Medical Kits,kits,79,-2.8,0.87,0
2024-11-29,Medical Kits,kits,83,-0.2,0.91,0
2024-11-30,Medical Kits,kits,84,2.7,0.95,0
2024-12-01,Medical Kits,kits,79,1.5,0.91,0
2024-12-02,Medical Kits,kits,82,0.2,0.8,0
2024-12-03,Medical Kits,kits,80,-1.5,0.92,0
2024-12-04,Medical Kits,kits,91,2.3,0.96,0
2024-12-05,Medical Kits,kits,80,1.7,0.81,0
2024-12-06,Medical Kits,kits,84,2.7,0.83,0
2024-12-07,Medical Kits,kits,85,3.0,0.91,0
2024-12-08,Medical Kits,kits,82,5.5,0.84,0
2024-12-09,Medical Kits,kits,82,3.9,0.87,0
2024-12-10,Medical Kits,kits,84,1.3,0.89,0
2024-12-11,Medical Kits,kits,82,3.6,0.89,0
2024-12-12,Medical Kits,kits,86,4.1,0.95,0
2024-12-13,Medical Kits,kits,83,3.8,0.94,0
2024-12-14,Medical Kits,kits,86,5.3,0.97,0
2024-12-15,Medical Kits,kits,80,5.0,0.93,0
2024-12-16,Medical Kits,kits,84,6.3,0.88,0
2024-12-17,Medical Kits,kits,85,5.5,0.86,0
2024-12-18,Medical Kits,kits,90,5.7,0.95,0
2024-12-19,Medical Kits,kits,82,5.4,0.84,0
2024-12-20,Medical Kits,kits,90,3.9,0.88,0
2024-12-21,Medical Kits,kits,89,2.8,0.93,0
2024-12-22,Medical Kits,kits,82,1.6,0.91,0
2024-12-23,Medical Kits,kits,89,1.5,1.01,0
2024-12-24,Medical Kits,kits,85,0.4,0.89,0
2024-12-25,Medical Kits,kits,90,0.8,1.01,0
2024-12-26,Medical Kits,kits,90,1.1,0.95,0
2024-12-27,Medical Kits,kits,91,1.1,0.82,0
2024-12-28,Medical Kits,kits,87,1.1,0.84,0
2024-12-29,Medical Kits,kits,91,-0.1,0.98,0
2024-12-30,Medical Kits,kits,94,-0.7,0.88,0
2024-12-31,Medical Kits,kits,88,-3.2,1.47,1
2025-01-01,Medical Kits,kits,89,-3.1,0.85,0
2025-01-02,Medical Kits,kits,91,-4.3,0.95,0
2025-01-03,Medical Kits,kits,81,-3.6,0.87,0
2025-01-04,Medical Kits,kits,87,-4.3,0.83,0
2025-01-05,Medical Kits,kits,93,-6.9,1.02,0
2025-01-06,Medical Kits,kits,90,-2.6,0.95,0
2025-01-07,Medical Kits,kits,89,-2.7,0.87,0
2025-01-08,Medical Kits,kits,87,-0.3,0.92,0
2025-01-09,Medical Kits,kits,90,-1.2,0.91,0
2025-01-10,Medical Kits,kits,88,1.4,0.89,0
2025-01-11,Medical Kits,kits,85,-0.7,0.83,0
2025-01-12,Medical Kits,kits,94,-0.4,0.99,0
2025-01-13,Medical Kits,kits,88,-2.2,0.92,0
2025-01-14,Medical Kits,kits,89,1.9,0.93,0
2025-01-15,Medical Kits,kits,85,1.1,0.89,0
2025-01-16,Medical Kits,kits,88,2.0,0.94,0
2025-01-17,Medical Kits,kits,93,2.2,0.97,0
2025-01-18,Medical Kits,kits,93,1.7,0.86,0
2025-01-19,Medical Kits,kits,90,2.1,0.95,0
2025-01-20,Medical Kits,kits,88,3.6,0.88,0
2025-01-21,Medical Kits,kits,90,3.9,1.01,0
2025-01-22,Medical Kits,kits,91,3.4,0.98,0
2025-01-23,Medical Kits,kits,85,3.5,0.95,0
2025-01-24,Medical Kits,kits,90,5.6,0.92,0
2025-01-25,Medical Kits,kits,92,4.0,1.02,0
2025-01-26,Medical Kits,kits,89,0.4,0.88,0
2025-01-27,Medical Kits,kits,89,-1.5,0.94,0
2025-01-28,Medical Kits,kits,87,-3.1,0.87,0
2025-01-29,Medical Kits,kits,90,-4.2,0.98,0
2025-01-30,Medical Kits,kits,94,-5.1,1.09,0
2025-01-31,Medical Kits,kits,93,-4.6,1.0,0
2025-02-01,Medical Kits,kits,87,-3.8,0.84,0
2025-02-02,Medical Kits,kits,87,-3.1,0.88,0
2025-02-03,Medical Kits,kits,93,-4.1,1.16,0
2025-02-04,Medical Kits,kits,90,-2.3,1.0,0
2025-02-05,Medical Kits,kits,90,-1.4,0.91,0
2025-02-06,Medical Kits,kits,82,0.8,0.92,0
2025-02-07,Medical Kits,kits,90,1.6,0.96,0
2025-02-08,Medical Kits,kits,87,0.5,1.06,0
2025-02-09,Medical Kits,kits,88,2.0,0.93,0
2025-02-10,Medical Kits,kits,85,1.8,0.89,0
2025-02-11,Medical Kits,kits,92,2.3,0.97,0
2025-02-12,Medical Kits,kits,84,2.6,0.87,0
2025-02-13,Medical Kits,kits,92,1.6,0.93,0
2025-02-14,Medical Kits,kits,86,1.1,0.85,0
2025-02-15,Medical Kits,kits,85,0.3,0.87,0
2025-02-16,Medical Kits,kits,83,-1.5,0.92,0
2025-02-17,Medical Kits,kits,84,-5.0,0.88,0
2025-02-18,Medical Kits,kits,84,-5.8,0.86,0
2025-02-19,Medical Kits,kits,85,-5.2,0.83,0
2025-02-20,Medical Kits,kits,86,-3.3,0.95,0
2025-02-21,Medical Kits,kits,83,-2.2,0.96,0
2025-02-22,Medical Kits,kits,85,-2.9,0.85,0
2025-02-23,Medical Kits,kits,87,-4.1,0.88,0
2025-02-24,Medical Kits,kits,86,-4.4,0.86,0
2025-02-25,Medical Kits,kits,85,-5.8,0.94,0
2025-02-26,Medical Kits,kits,84,-8.8,0.95,0
2025-02-27,Medical Kits,kits,79,-10.5,0.85,0
2025-02-28,Medical Kits,kits,82,-7.5,0.81,0
2025-03-01,Medical Kits,kits,78,-4.4,0.85,0
2025-03-02,Medical Kits,kits,84,-3.3,0.9,0
2025-03-03,Medical Kits,kits,82,-3.7,0.89,0
2025-03-04,Medical Kits,kits,84,-6.0,0.83,0
2025-03-05,Medical Kits,kits,83,-6.2,0.82,0
2025-03-06,Medical Kits,kits,81,-5.2,0.78,0
2025-03-07,Medical Kits,kits,77,-4.0,0.88,0
2025-03-08,Medical Kits,kits,72,-3.3,0.82,0
2025-03-09,Medical Kits,kits,80,-1.9,0.77,0
2025-03-10,Medical Kits,kits,77,0.4,0.78,0
2025-03-11,Medical Kits,kits,80,-1.3,0.81,0
2025-03-12,Medical Kits,kits,79,2.1,0.89,0
2025-03-13,Medical Kits,kits,78,-2.2,0.83,0
2025-03-14,Medical Kits,kits,77,-4.1,0.9,0
2025-03-15,Medical Kits,kits,71,-4.3,0.75,0
2025-03-16,Medical Kits,kits,79,-3.9,0.77,0
2025-03-17,Medical Kits,kits,71,-4.7,0.73,0
2025-03-18,Medical Kits,kits,73,-5.9,0.74,0
2025-03-19,Medical Kits,kits,73,-2.9,0.83,0
2025-03-20,Medical Kits,kits,74,-4.4,0.88,0
2025-03-21,Medical Kits,kits,72,-6.5,0.79,0
2025-03-22,Medical Kits,kits,71,-4.3,1.61,1
2025-03-23,Medical Kits,kits,75,-3.6,0.81,0
2025-03-24,Medical Kits,kits,68,-2.7,0.66,0
2025-03-25,Medical Kits,kits,70,-3.4,0.74,0
2025-03-26,Medical Kits,kits,64,-6.3,0.62,0
2025-03-27,Medical Kits,kits,67,-6.6,0.74,0
2025-03-28,Medical Kits,kits,65,-9.3,0.69,0
2025-03-29,Medical Kits,kits,71,-9.0,0.8,0
2025-03-30,Medical Kits,kits,69,-8.1,0.77,0
2025-03-31,Medical Kits,kits,66,-6.8,0.69,0
2025-04-01,Medical Kits,kits,58,-7.4,0.67,0
2025-04-02,Medical Kits,kits,63,-6.8,0.63,0
2025-04-03,Medical Kits,kits,63,-8.7,0.79,0
2025-04-04,Medical Kits,kits,65,-7.5,0.64,0
2025-04-05,Medical Kits,kits,68,-7.0,0.76,0
2025-04-06,Medical Kits,kits,61,-8.9,0.71,0
2025-04-07,Medical Kits,kits,61,-8.4,0.67,0
2025-04-08,Medical Kits,kits,59,-7.3,0.6,0
2025-04-09,Medical Kits,kits,64,-7.8,0.66,0
2025-04-10,Medical Kits,kits,57,-9.6,0.58,0
2025-04-11,Medical Kits,kits,57,-9.7,0.62,0
2025-04-12,Medical Kits,kits,64,-9.3,0.72,0
2025-04-13,Medical Kits,kits,66,-11.0,0.73,0
2025-04-14,Medical Kits,kits,61,-12.8,0.66,0
2025-04-15,Medical Kits,kits,60,-12.0,0.6,0
2025-04-16,Medical Kits,kits,67,-10.9,0.79,0
2025-04-17,Medical Kits,kits,58,-8.0,0.62,0
2025-04-18,Medical Kits,kits,58,-7.8,0.62,0
2025-04-19,Medical Kits,kits,57,-10.5,0.63,0
2025-04-20,Medical Kits,kits,63,-7.9,0.61,0
2025-04-21,Medical Kits,kits,59,-7.3,0.64,0
2025-04-22,Medical Kits,kits,59,-11.3,0.63,0
2025-04-23,Medical Kits,kits,58,-13.3,0.62,0
2025-04-24,Medical Kits,kits,55,-14.2,0.64,0
2025-04-25,Medical Kits,kits,55,-13.0,0.55,0
2025-04-26,Medical Kits,kits,52,-16.9,0.57,0
2025-04-27,Medical Kits,kits,53,-16.8,0.56,0
2025-04-28,Medical Kits,kits,55,-15.4,0.59,0
2025-04-29,Medical Kits,kits,53,-19.7,0.61,0
2025-04-30,Medical Kits,kits,55,-17.9,0.6,0
2025-05-01,Medical Kits,kits,53,-16.3,0.57,0
2025-05-02,Medical Kits,kits,53,-17.5,0.5,0
2025-05-03,Medical Kits,kits,49,-19.1,0.57,0
2025-05-04,Medical Kits,kits,47,-19.9,0.47,0
2025-05-05,Medical Kits,kits,47,-23.4,0.51,0
2025-05-06,Medical Kits,kits,53,-22.9,0.55,0
2025-05-07,Medical Kits,kits,44,-21.7,0.42,0
2025-05-08,Medical Kits,kits,50,-22.8,0.55,0
2025-05-09,Medical Kits,kits,49,-20.5,0.53,0
2025-05-10,Medical Kits,kits,46,-19.9,0.53,0
2025-05-11,Medical Kits,kits,47,-19.1,0.54,0
2025-05-12,Medical Kits,kits,48,-19.5,0.55,0
2025-05-13,Medical Kits,kits,43,-18.2,0.49,0
2025-05-14,Medical Kits,kits,44,-16.2,0.5,0
2025-05-15,Medical Kits,kits,45,-17.1,0.53,0
2025-05-16,Medical Kits,kits,45,-16.1,0.51,0
2025-05-17,Medical Kits,kits,41,-15.3,0.47,0
2025-05-18,Medical Kits,kits,44,-15.2,0.49,0
2025-05-19,Medical Kits,kits,44,-13.2,0.5,0
2025-05-20,Medical Kits,kits,46,-15.2,0.53,0
2025-05-21,Medical Kits,kits,43,-16.4,0.49,0
2025-05-22,Medical Kits,kits,41,-18.0,0.46,0
2025-05-23,Medical Kits,kits,44,-17.1,0.55,0
2025-05-24,Medical Kits,kits,45,-17.9,0.55,0
2025-05-25,Medical Kits,kits,37,-19.2,0.4,0
2025-05-26,Medical Kits,kits,39,-16.8,0.44,0
2025-05-27,Medical Kits,kits,34,-14.5,0.43,0
2025-05-28,Medical Kits,kits,37,-15.9,0.4,0
2025-05-29,Medical Kits,kits,44,-18.6,0.45,0
2025-05-30,Medical Kits,kits,36,-16.0,0.48,0
2025-05-31,Medical Kits,kits,40,-16.0,0.44,0
2025-06-01,Medical Kits,kits,40,-16.0,0.4,0
2025-06-02,Medical Kits,kits,36,-16.6,0.39,0
2025-06-03,Medical Kits,kits,36,-18.4,0.4,0
2025-06-04,Medical Kits,kits,42,-19.4,0.49,0
2025-06-05,Medical Kits,kits,40,-18.6,0.45,0
2025-06-06,Medical Kits,kits,43,-19.7,0.44,0
2025-06-07,Medical Kits,kits,29,-19.3,0.28,0
2025-06-08,Medical Kits,kits,38,-19.6,0.44,0
2025-06-09,Medical Kits,kits,29,-21.4,0.34,0
2025-06-10,Medical Kits,kits,35,-19.0,0.43,0
2025-06-11,Medical Kits,kits,34,-18.5,0.79,1
2025-06-12,Medical Kits,kits,31,-18.5,0.35,0
2025-06-13,Medical Kits,kits,33,-18.2,0.37,0
2025-06-14,Medical Kits,kits,33,-21.4,0.37,0
2025-06-15,Medical Kits,kits,35,-22.2,0.41,0
2025-06-16,Medical Kits,kits,30,-24.5,0.34,0
2025-06-17,Medical Kits,kits,31,-24.0,0.32,0
2025-06-18,Medical Kits,kits,35,-23.2,0.43,0
2025-06-19,Medical Kits,kits,35,-22.9,0.41,0
2025-06-20,Medical Kits,kits,41,-21.0,0.48,0
2025-06-21,Medical Kits,kits,33,-23.5,0.41,0
2025-06-22,Medical Kits,kits,34,-24.5,0.38,0
2025-06-23,Medical Kits,kits,31,-23.6,0.36,0
2025-06-24,Medical Kits,kits,36,-23.1,0.38,0
2025-06-25,Medical Kits,kits,29,-25.0,0.36,0
2025-06-26,Medical Kits,kits,31,-22.8,0.33,0
2025-06-27,Medical Kits,kits,32,-20.5,0.37,0
2025-06-28,Medical Kits,kits,33,-20.2,0.39,0
2025-06-29,Medical Kits,kits,34,-22.9,0.36,0
2025-06-30,Medical Kits,kits,30,-22.6,0.38,0
2025-07-01,Medical Kits,kits,33,-22.2,0.33,0
2025-07-02,Medical Kits,kits,26,-22.7,0.29,0
2025-07-03,Medical Kits,kits,31,-20.7,0.36,0
2025-07-04,Medical Kits,kits,25,-21.2,0.31,0
2025-07-05,Medical Kits,kits,30,-18.3,0.32,0
2025-07-06,Medical Kits,kits,38,-17.9,0.45,0
2025-07-07,Medical Kits,kits,31,-18.2,0.38,0
2025-07-08,Medical Kits,kits,29,-17.6,0.33,0
2025-07-09,Medical Kits,kits,31,-16.1,0.36,0
2025-07-10,Medical Kits,kits,30,-15.8,0.37,0
2025-07-11,Medical Kits,kits,26,-17.0,0.34,0
2025-07-12,Medical Kits,kits,24,-18.9,0.28,0
2025-07-13,Medical Kits,kits,30,-21.2,0.33,0
2025-07-14,Medical Kits,kits,29,-25.1,0.55,1
2025-07-15,Medical Kits,kits,29,-24.6,0.32,0
2025-07-16,Medical Kits,kits,32,-24.9,0.4,0
2025-07-17,Medical Kits,kits,34,-25.1,0.4,0
2025-07-18,Medical Kits,kits,32,-23.3,0.37,0
2025-07-19,Medical Kits,kits,29,-23.4,0.36,0
2025-07-20,Medical Kits,kits,30,-20.5,0.37,0
2025-07-21,Medical Kits,kits,33,-21.7,0.4,0
2025-07-22,Medical Kits,kits,33,-23.3,0.39,0
2025-07-23,Medical Kits,kits,32,-25.1,0.4,0
2025-07-24,Medical Kits,kits,29,-23.7,0.31,0
2025-07-25,Medical Kits,kits,33,-21.8,0.39,0
2025-07-26,Medical Kits,kits,34,-22.8,0.43,0
2025-07-27,Medical Kits,kits,33,-24.4,0.37,0
2025-07-28,Medical Kits,kits,39,-21.8,0.42,0
2025-07-29,Medical Kits,kits,33,-24.1,0.37,0
2025-07-30,Medical Kits,kits,34,-22.4,0.39,0
2025-07-31,Medical Kits,kits,33,-23.2,0.4,0
2025-08-01,Medical Kits,kits,31,-22.5,0.36,0
2025-08-02,Medical Kits,kits,28,-20.8,0.35,0
2025-08-03,Medical Kits,kits,29,-20.3,0.35,0
2025-08-04,Medical Kits,kits,29,-21.0,0.36,0
2025-08-05,Medical Kits,kits,28,-19.1,0.33,0
2025-08-06,Medical Kits,kits,31,-19.1,0.35,0
2025-08-07,Medical Kits,kits,32,-14.0,0.34,0
2025-08-08,Medical Kits,kits,36,-17.7,0.35,0
2025-08-09,Medical Kits,kits,29,-20.9,0.33,0
2025-08-10,Medical Kits,kits,35,-19.5,0.34,0
2025-08-11,Medical Kits,kits,34,-19.9,0.39,0
2025-08-12,Medical Kits,kits,34,-18.9,0.41,0
2025-08-13,Medical Kits,kits,33,-20.9,0.38,0
2025-08-14,Medical Kits,kits,40,-20.9,0.37,0
2025-08-15,Medical Kits,kits,31,-20.2,0.35,0
2025-08-16,Medical Kits,kits,32,-21.2,0.38,0
2025-08-17,Medical Kits,kits,35,-20.8,0.43,0
2025-08-18,Medical Kits,kits,36,-22.8,0.42,0
2025-08-19,Medical Kits,kits,36,-21.9,0.41,0
2025-08-20,Medical Kits,kits,35,-19.5,0.41,0
2025-08-21,Medical Kits,kits,37,-21.5,0.47,0
2025-08-22,Medical Kits,kits,38,-23.3,0.43,0
2025-08-23,Medical Kits,kits,36,-21.0,0.37,0
2025-08-24,Medical Kits,kits,42,-22.8,0.46,0
2025-08-25,Medical Kits,kits,38,-21.1,0.41,0
2025-08-26,Medical Kits,kits,36,-20.8,0.38,0
2025-08-27,Medical Kits,kits,41,-21.3,0.44,0
2025-08-28,Medical Kits,kits,32,-18.8,0.43,0
2025-08-29,Medical Kits,kits,35,-17.5,0.37,0
2025-08-30,Medical Kits,kits,38,-17.3,0.42,0
2025-08-31,Medical Kits,kits,35,-20.8,0.47,0
2025-09-01,Medical Kits,kits,42,-19.5,0.49,0
2025-09-02,Medical Kits,kits,42,-21.0,0.48,0
2025-09-03,Medical Kits,kits,45,-20.9,0.52,0
2025-09-04,Medical Kits,kits,39,-20.6,0.44,0
2025-09-05,Medical Kits,kits,42,-17.4,0.46,0
2025-09-06,Medical Kits,kits,45,-17.9,0.51,0
2025-09-07,Medical Kits,kits,42,-20.0,0.48,0
2025-09-08,Medical Kits,kits,45,-17.5,0.45,0
2025-09-09,Medical Kits,kits,42,-16.4,0.46,0
2025-09-10,Medical Kits,kits,47,-15.4,0.47,0
2025-09-11,Medical Kits,kits,41,-13.5,0.43,0
2025-09-12,Medical Kits,kits,39,-11.4,0.45,0
2025-09-13,Medical Kits,kits,43,-13.6,0.47,0
2025-09-14,Medical Kits,kits,44,-16.2,0.48,0
2025-09-15,Medical Kits,kits,46,-15.0,0.43,0
2025-09-16,Medical Kits,kits,47,-15.6,0.48,0
2025-09-17,Medical Kits,kits,44,-16.0,0.45,0
2025-09-18,Medical Kits,kits,43,-17.7,0.43,0
2025-09-19,Medical Kits,kits,52,-16.5,0.58,0
2025-09-20,Medical Kits,kits,47,-15.8,0.52,0
2025-09-21,Medical Kits,kits,46,-16.0,0.53,0
2025-09-22,Medical Kits,kits,49,-18.0,0.58,0
2025-09-23,Medical Kits,kits,46,-15.8,0.55,0
2025-09-24,Medical Kits,kits,47,-15.3,0.53,0
2025-09-25,Medical Kits,kits,52,-13.5,0.58,0
2025-09-26,Medical Kits,kits,47,-16.9,0.53,0
2025-09-27,Medical Kits,kits,46,-16.4,1.16,1
2025-09-28,Medical Kits,kits,50,-17.2,0.56,0
2025-09-29,Medical Kits,kits,52,-16.7,0.55,0
2025-09-30,Medical Kits,kits,56,-14.8,0.56,0
2025-10-01,Medical Kits,kits,53,-14.1,0.52,0
2025-10-02,Medical Kits,kits,55,-14.0,0.51,0
2025-10-03,Medical Kits,kits,50,-13.9,0.54,0
2025-10-04,Medical Kits,kits,55,-16.1,0.58,0
2025-10-05,Medical Kits,kits,51,-17.0,0.53,0
2025-10-06,Medical Kits,kits,58,-14.7,0.59,0
2025-10-07,Medical Kits,kits,56,-15.1,0.59,0
2025-10-08,Medical Kits,kits,56,-13.0,0.57,0
2025-10-09,Medical Kits,kits,58,-11.7,0.63,0
2025-10-10,Medical Kits,kits,56,-10.4,0.64,0
2025-10-11,Medical Kits,kits,56,-10.1,0.59,0
2025-10-12,Medical Kits,kits,55,-11.0,0.64,0
2025-10-13,Medical Kits,kits,64,-11.3,0.66,0
2025-10-14,Medical Kits,kits,58,-10.3,0.56,0
2025-10-15,Medical Kits,kits,59,-13.6,0.69,0
2025-10-16,Medical Kits,kits,62,-11.3,0.59,0
2025-10-17,Medical Kits,kits,61,-12.0,0.64,0
2025-10-18,Medical Kits,kits,54,-11.9,0.62,0
2025-10-19,Medical Kits,kits,68,-11.8,0.78,0
2025-10-20,Medical Kits,kits,61,-11.6,0.65,0
2025-10-21,Medical Kits,kits,60,-13.3,0.63,0
2025-10-22,Medical Kits,kits,63,-12.6,0.77,0
2025-10-23,Medical Kits,kits,62,-11.2,0.71,0
2025-10-24,Medical Kits,kits,63,-14.0,0.72,0
2025-10-25,Medical Kits,kits,65,-15.2,0.72,0
2025-10-26,Medical Kits,kits,60,-13.0,0.67,0
2025-10-27,Medical Kits,kits,68,-11.3,0.74,0
2025-10-28,Medical Kits,kits,69,-10.4,0.73,0
2025-10-29,Medical Kits,kits,62,-11.2,0.6,0
2025-10-30,Medical Kits,kits,69,-9.7,0.68,0
2025-10-31,Medical Kits,kits,65,-11.2,0.73,0
2025-11-01,Medical Kits,kits,67,-10.9,0.77,0
2025-11-02,Medical Kits,kits,70,-12.4,0.76,0
2025-11-03,Medical Kits,kits,72,-11.9,0.72,0
2025-11-04,Medical Kits,kits,71,-12.8,0.77,0
2025-11-05,Medical Kits,kits,66,-10.8,0.73,0
2025-11-06,Medical Kits,kits,71,-9.6,0.67,0
2025-11-07,Medical Kits,kits,73,-10.1,0.85,0
2025-11-08,Medical Kits,kits,69,-7.9,0.78,0
2025-11-09,Medical Kits,kits,70,-9.2,0.7,0
2025-11-10,Medical Kits,kits,72,-8.8,0.77,0
2025-11-11,Medical Kits,kits,75,-9.3,0.78,0
2025-11-12,Medical Kits,kits,72,-7.7,0.83,0
2025-11-13,Medical Kits,kits,75,-6.5,0.77,0
2025-11-14,Medical Kits,kits,71,-4.4,0.71,0
2025-11-15,Medical Kits,kits,76,-4.5,0.8,0
2025-11-16,Medical Kits,kits,70,-9.1,0.7,0
2025-11-17,Medical Kits,kits,77,-9.1,0.87,0
2025-11-18,Medical Kits,kits,79,-6.2,0.84,0
2025-11-19,Medical Kits,kits,76,-6.5,0.75,0
2025-11-20,Medical Kits,kits,79,-9.1,0.8,0
2025-11-21,Medical Kits,kits,78,-7.8,0.81,0
2025-11-22,Medical Kits,kits,74,-6.5,0.77,0
2025-11-23,Medical Kits,kits,75,-7.3,0.72,0
2025-11-24,Medical Kits,kits,78,-7.2,0.77,0
2025-11-25,Medical Kits,kits,79,-8.0,0.85,0
2025-11-26,Medical Kits,kits,77,-6.6,0.88,0
2025-11-27,Medical Kits,kits,76,-6.1,0.78,0
2025-11-28,Medical Kits,kits,72,-7.5,0.77,0
2025-11-29,Medical Kits,kits,86,-7.0,1.04,0
2025-11-30,Medical Kits,kits,86,-7.5,0.92,0
2025-12-01,Medical Kits,kits,79,-4.7,0.74,0
2025-12-02,Medical Kits,kits,77,-3.2,0.85,0
2025-12-03,Medical Kits,kits,87,-3.3,0.93,0
2025-12-04,Medical Kits,kits,76,-3.2,0.79,0
2025-12-05,Medical Kits,kits,86,-1.6,0.85,0
2025-12-06,Medical Kits,kits,85,-2.1,0.94,0
2025-12-07,Medical Kits,kits,82,-1.0,0.73,0
2025-12-08,Medical Kits,kits,88,1.0,0.91,0
2025-12-09,Medical Kits,kits,82,-0.3,0.85,0
2025-12-10,Medical Kits,kits,87,1.9,0.88,0
2025-12-11,Medical Kits,kits,84,3.3,0.88,0
2025-12-12,Medical Kits,kits,81,2.8,0.79,0
2025-12-13,Medical Kits,kits,91,1.4,0.99,0
2025-12-14,Medical Kits,kits,83,1.2,1.03,0
2025-12-15,Medical Kits,kits,85,0.4,0.85,0
2025-12-16,Medical Kits,kits,89,-1.1,0.96,0
2025-12-17,Medical Kits,kits,90,-0.4,0.96,0
2025-12-18,Medical Kits,kits,83,-2.2,0.89,0
2025-12-19,Medical Kits,kits,91,-2.6,0.93,0
2025-12-20,Medical Kits,kits,87,-2.9,0.92,0
2025-12-21,Medical Kits,kits,87,-4.8,0.93,0
2025-12-22,Medical Kits,kits,87,-3.3,0.96,0
2025-12-23,Medical Kits,kits,88,-3.4,0.97,0
2025-12-24,Medical Kits,kits,83,-1.1,0.95,0
2025-12-25,Medical Kits,kits,89,-1.5,0.9,0
2025-12-26,Medical Kits,kits,89,-2.1,0.95,0
2025-12-27,Medical Kits,kits,87,-3.3,0.91,0
2025-12-28,Medical Kits,kits,89,-2.9,0.99,0
2025-12-29,Medical Kits,kits,88,-2.6,0.84,0
2025-12-30,Medical Kits,kits,89,-1.3,1.0,0
2025-12-31,Medical Kits,kits,90,-1.1,0.97,0
2021-01-01,Spare Parts,units,86,-1.3,0.43,0
2021-01-02,Spare Parts,units,90,-0.8,0.38,0
2021-01-03,Spare Parts,units,89,-1.9,0.43,0
2021-01-04,Spare Parts,units,95,-0.4,0.43,0
2021-01-05,Spare Parts,units,91,0.9,0.43,0
2021-01-06,Spare Parts,units,95,1.5,0.43,0
2021-01-07,Spare Parts,units,88,0.6,0.4,0
2021-01-08,Spare Parts,units,89,0.8,0.4,0
2021-01-09,Spare Parts,units,88,2.6,0.41,0
2021-01-10,Spare Parts,units,93,2.8,0.42,0
2021-01-11,Spare Parts,units,93,0.0,0.43,0
2021-01-12,Spare Parts,units,91,-1.1,0.46,0
2021-01-13,Spare Parts,units,90,-2.1,0.45,0
2021-01-14,Spare Parts,units,91,-3.0,0.49,0
2021-01-15,Spare Parts,units,86,-5.9,0.41,0
2021-01-16,Spare Parts,units,89,-2.3,0.41,0
2021-01-17,Spare Parts,units,89,-3.5,0.46,0
2021-01-18,Spare Parts,units,90,-4.3,0.42,0
2021-01-19,Spare Parts,units,88,-6.7,0.5,0
2021-01-20,Spare Parts,units,87,-4.6,0.42,0
2021-01-21,Spare Parts,units,85,-4.2,0.42,0
2021-01-22,Spare Parts,units,91,-4.3,0.44,0
2021-01-23,Spare Parts,units,86,-4.3,0.43,0
2021-01-24,Spare Parts,units,93,-2.9,0.49,0
2021-01-25,Spare Parts,units,91,-3.4,0.48,0
2021-01-26,Spare Parts,units,92,-6.1,0.52,0
2021-01-27,Spare Parts,units,87,-7.3,0.52,0
2021-01-28,Spare Parts,units,95,-8.5,0.49,0
2021-01-29,Spare Parts,units,96,-7.0,0.46,0
2021-01-30,Spare Parts,units,89,-4.8,0.45,0
2021-01-31,Spare Parts,units,90,-2.2,0.44,0
2021-02-01,Spare Parts,units,89,-4.6,0.4,0
2021-02-02,Spare Parts,units,92,-3.2,0.47,0
2021-02-03,Spare Parts,units,91,-3.9,0.42,0
2021-02-04,Spare Parts,units,83,0.7,0.37,0
2021-02-05,Spare Parts,units,86,2.4,0.41,0
2021-02-06,Spare Parts,units,89,4.3,0.42,0
2021-02-07,Spare Parts,units,90,4.5,0.41,0
2021-02-08,Spare Parts,units,88,4.0,0.41,0
2021-02-09,Spare Parts,units,82,2.5,0.39,0
2021-02-10,Spare Parts,units,89,0.8,0.39,0
2021-02-11,Spare Parts,units,92,-0.9,0.43,0
2021-02-12,Spare Parts,units,80,-0.3,0.37,0
2021-02-13,Spare Parts,units,89,1.7,0.41,0
2021-02-14,Spare Parts,units,92,0.5,0.45,0
2021-02-15,Spare Parts,units,89,-1.2,0.42,0
2021-02-16,Spare Parts,units,85,-3.7,0.45,0
2021-02-17,Spare Parts,units,88,-3.3,0.42,0
2021-02-18,Spare Parts,units,85,-1.4,0.4,0
2021-02-19,Spare Parts,units,86,0.2,0.36,0
2021-02-20,Spare Parts,units,85,1.7,0.37,0
2021-02-21,Spare Parts,units,84,1.5,0.38,0
2021-02-22,Spare Parts,units,82,0.8,0.39,0
2021-02-23,Spare Parts,units,82,2.0,0.37,0
2021-02-24,Spare Parts,units,88,-0.6,0.38,0
2021-02-25,Spare Parts,units,81,-1.8,0.4,0
2021-02-26,Spare Parts,units,77,0.4,0.32,0
2021-02-27,Spare Parts,units,93,-2.0,0.4,0
2021-02-28,Spare Parts,units,80,-2.5,0.37,0
2021-03-01,Spare Parts,units,81,-1.9,0.4,0
2021-03-02,Spare Parts,units,80,-2.2,0.37,0
2021-03-03,Spare Parts,units,81,-0.9,0.38,0
2021-03-04,Spare Parts,units,78,0.7,0.38,0
2021-03-05,Spare Parts,units,84,0.5,0.4,0
2021-03-06,Spare Parts,units,79,1.6,0.4,0
2021-03-07,Spare Parts,units,76,-0.9,0.36,0
2021-03-08,Spare Parts,units,70,-1.9,0.37,0
2021-03-09,Spare Parts,units,82,1.1,0.39,0
2021-03-10,Spare Parts,units,77,2.9,0.35,0
2021-03-11,Spare Parts,units,79,-0.4,0.35,0
2021-03-12,Spare Parts,units,74,-1.4,0.36,0
2021-03-13,Spare Parts,units,77,-2.0,0.34,0
2021-03-14,Spare Parts,units,76,-2.1,0.36,0
2021-03-15,Spare Parts,units,79,-0.9,0.37,0
2021-03-16,Spare Parts,units,76,0.9,0.38,0
2021-03-17,Spare Parts,units,72,-0.3,0.33,0
2021-03-18,Spare Parts,units,82,0.3,0.39,0
2021-03-19,Spare Parts,units,75,0.0,0.33,0
2021-03-20,Spare Parts,units,71,-1.2,0.36,0
2021-03-21,Spare Parts,units,74,-4.8,0.41,0
2021-03-22,Spare Parts,units,74,-3.8,0.35,0
2021-03-23,Spare Parts,units,74,-3.6,0.37,0
2021-03-24,Spare Parts,units,73,-3.8,0.43,0
2021-03-25,Spare Parts,units,72,-6.0,0.36,0
2021-03-26,Spare Parts,units,73,-3.5,0.33,0
2021-03-27,Spare Parts,units,72,-4.2,0.37,0
2021-03-28,Spare Parts,units,72,-6.7,0.36,0
2021-03-29,Spare Parts,units,64,-9.1,0.37,0
2021-03-30,Spare Parts,units,64,-8.2,0.37,0
2021-03-31,Spare Parts,units,66,-7.4,0.34,0
2021-04-01,Spare Parts,units,67,-8.5,0.34,0
2021-04-02,Spare Parts,units,65,-8.1,0.38,0
2021-04-03,Spare Parts,units,64,-7.4,0.39,0
2021-04-04,Spare Parts,units,67,-7.7,0.36,0
2021-04-05,Spare Parts,units,63,-9.3,0.39,0
2021-04-06,Spare Parts,units,58,-8.1,0.36,0
2021-04-07,Spare Parts,units,61,-7.3,0.35,0
2021-04-08,Spare Parts,units,62,-7.1,0.34,0
2021-04-09,Spare Parts,units,63,-9.0,0.37,0
2021-04-10,Spare Parts,units,66,-11.5,0.41,0
2021-04-11,Spare Parts,units,64,-11.4,0.33,0
2021-04-12,Spare Parts,units,56,-10.2,0.33,0
2021-04-13,Spare Parts,units,66,-9.0,0.34,0
2021-04-14,Spare Parts,units,61,-8.6,0.65,1
2021-04-15,Spare Parts,units,61,-9.9,0.36,0
2021-04-16,Spare Parts,units,60,-11.6,0.36,0
2021-04-17,Spare Parts,units,57,-11.9,0.34,0
2021-04-18,Spare Parts,units,61,-12.1,0.36,0
2021-04-19,Spare Parts,units,53,-10.7,0.31,0
2021-04-20,Spare Parts,units,62,-11.9,0.37,0
2021-04-21,Spare Parts,units,58,-12.8,0.39,0
2021-04-22,Spare Parts,units,58,-9.9,0.35,0
2021-04-23,Spare Parts,units,58,-8.2,0.31,0
2021-04-24,Spare Parts,units,55,-10.5,0.32,0
2021-04-25,Spare Parts,units,59,-8.9,0.35,0
2021-04-26,Spare Parts,units,53,-11.5,0.32,0
2021-04-27,Spare Parts,units,51,-12.7,0.33,0
2021-04-28,Spare Parts,units,54,-13.6,0.34,0
2021-04-29,Spare Parts,units,49,-14.0,0.32,0
2021-04-30,Spare Parts,units,51,-13.3,0.35,0
2021-05-01,Spare Parts,units,53,-13.5,0.34,0
2021-05-02,Spare Parts,units,54,-12.9,0.37,0
2021-05-03,Spare Parts,units,51,-14.0,0.31,0
2021-05-04,Spare Parts,units,48,-13.8,0.29,0
2021-05-05,Spare Parts,units,49,-14.1,0.32,0
2021-05-06,Spare Parts,units,48,-16.6,0.32,0
2021-05-07,Spare Parts,units,49,-15.9,0.33,0
2021-05-08,Spare Parts,units,47,-15.9,0.32,0
2021-05-09,Spare Parts,units,46,-17.2,0.29,0
2021-05-10,Spare Parts,units,45,-17.8,0.27,0
2021-05-11,Spare Parts,units,42,-18.4,0.31,0
2021-05-12,Spare Parts,units,50,-18.7,0.31,0
2021-05-13,Spare Parts,units,49,-15.9,0.31,0
2021-05-14,Spare Parts,units,43,-13.1,0.28,0
2021-05-15,Spare Parts,units,48,-17.9,0.33,0
2021-05-16,Spare Parts,units,45,-17.3,0.32,0
2021-05-17,Spare Parts,units,41,-16.0,0.29,0
2021-05-18,Spare Parts,units,41,-16.7,0.29,0
2021-05-19,Spare Parts,units,44,-15.6,0.31,0
2021-05-20,Spare Parts,units,46,-13.7,0.28,0
2021-05-21,Spare Parts,units,45,-16.5,0.29,0
2021-05-22,Spare Parts,units,41,-16.7,0.35,0
2021-05-23,Spare Parts,units,44,-14.2,0.29,0
2021-05-24,Spare Parts,units,41,-16.9,0.3,0
2021-05-25,Spare Parts,units,39,-17.4,0.26,0
2021-05-26,Spare Parts,units,44,-18.5,0.32,0
2021-05-27,Spare Parts,units,41,-17.1,0.28,0
2021-05-28,Spare Parts,units,42,-15.8,0.28,0
2021-05-29,Spare Parts,units,37,-16.2,0.29,0
2021-05-30,Spare Parts,units,38,-16.8,0.29,0
2021-05-31,Spare Parts,units,42,-19.9,0.3,0
2021-06-01,Spare Parts,units,38,-17.9,0.28,0
2021-06-02,Spare Parts,units,38,-18.8,0.27,0
2021-06-03,Spare Parts,units,35,-19.3,0.25,0
2021-06-04,Spare Parts,units,38,-18.1,0.28,0
2021-06-05,Spare Parts,units,34,-18.2,0.26,0
2021-06-06,Spare Parts,units,38,-17.2,0.29,0
2021-06-07,Spare Parts,units,34,-16.9,0.26,0
2021-06-08,Spare Parts,units,36,-17.2,0.25,0
2021-06-09,Spare Parts,units,41,-17.4,0.25,0
2021-06-10,Spare Parts,units,37,-19.7,0.27,0
2021-06-11,Spare Parts,units,34,-20.2,0.24,0
2021-06-12,Spare Parts,units,38,-18.8,0.28,0
2021-06-13,Spare Parts,units,33,-20.6,0.26,0
2021-06-14,Spare Parts,units,32,-21.9,0.26,0
2021-06-15,Spare Parts,units,33,-23.2,0.26,0
2021-06-16,Spare Parts,units,37,-22.8,0.3,0
2021-06-17,Spare Parts,units,37,-20.6,0.3,0
2021-06-18,Spare Parts,units,32,-20.0,0.26,0
2021-06-19,Spare Parts,units,32,-23.6,0.27,0
2021-06-20,Spare Parts,units,34,-22.5,0.26,0
2021-06-21,Spare Parts,units,40,-23.1,0.31,0
2021-06-22,Spare Parts,units,32,-22.3,0.28,0
2021-06-23,Spare Parts,units,37,-22.5,0.29,0
2021-06-24,Spare Parts,units,33,-23.8,0.26,0
2021-06-25,Spare Parts,units,35,-23.8,0.3,0
2021-06-26,Spare Parts,units,35,-24.3,0.28,0
2021-06-27,Spare Parts,units,32,-23.6,0.27,0
2021-06-28,Spare Parts,units,31,-24.8,0.26,0
2021-06-29,Spare Parts,units,31,-26.2,0.27,0
2021-06-30,Spare Parts,units,32,-24.6,0.28,0
2021-07-01,Spare Parts,units,35,-22.7,0.3,0
2021-07-02,Spare Parts,units,35,-21.8,0.29,0
2021-07-03,Spare Parts,units,34,-23.0,0.3,0
2021-07-04,Spare Parts,units,29,-24.1,0.24,0
2021-07-05,Spare Parts,units,29,-25.0,0.23,0
2021-07-06,Spare Parts,units,28,-23.3,0.24,0
2021-07-07,Spare Parts,units,31,-24.5,0.3,0
2021-07-08,Spare Parts,units,33,-23.0,0.27,0
2021-07-09,Spare Parts,units,29,-22.0,0.48,1
2021-07-10,Spare Parts,units,30,-20.3,0.28,0
2021-07-11,Spare Parts,units,32,-19.1,0.25,0
2021-07-12,Spare Parts,units,29,-18.9,0.22,0
2021-07-13,Spare Parts,units,29,-21.7,0.22,0
2021-07-14,Spare Parts,units,33,-21.0,0.26,0
2021-07-15,Spare Parts,units,30,-21.1,0.25,0
2021-07-16,Spare Parts,units,28,-22.0,0.24,0
2021-07-17,Spare Parts,units,30,-20.1,0.25,0
2021-07-18,Spare Parts,units,31,-20.8,0.23,0
2021-07-19,Spare Parts,units,38,-21.9,0.27,0
2021-07-20,Spare Parts,units,35,-20.4,0.27,0
2021-07-21,Spare Parts,units,40,-21.3,0.32,0
2021-07-22,Spare Parts,units,27,-22.4,0.22,0
2021-07-23,Spare Parts,units,34,-24.2,0.24,0
2021-07-24,Spare Parts,units,35,-25.2,0.3,0
2021-07-25,Spare Parts,units,30,-25.9,0.22,0
2021-07-26,Spare Parts,units,29,-24.5,0.24,0
2021-07-27,Spare Parts,units,33,-25.8,0.29,0
2021-07-28,Spare Parts,units,30,-28.1,0.28,0
2021-07-29,Spare Parts,units,27,-26.8,0.22,0
2021-07-30,Spare Parts,units,27,-27.1,0.26,0
2021-07-31,Spare Parts,units,26,-26.4,0.26,0
2021-08-01,Spare Parts,units,32,-23.9,0.27,0
2021-08-02,Spare Parts,units,33,-23.5,0.26,0
2021-08-03,Spare Parts,units,28,-21.1,0.56,1
2021-08-04,Spare Parts,units,33,-21.3,0.25,0
2021-08-05,Spare Parts,units,33,-19.9,0.27,0
2021-08-06,Spare Parts,units,33,-21.0,0.28,0
2021-08-07,Spare Parts,units,34,-21.0,0.26,0
2021-08-08,Spare Parts,units,33,-22.5,0.28,0
2021-08-09,Spare Parts,units,36,-23.6,0.3,0
2021-08-10,Spare Parts,units,35,-23.7,0.28,0
2021-08-11,Spare Parts,units,29,-25.3,0.22,0
2021-08-12,Spare Parts,units,39,-24.5,0.31,0
2021-08-13,Spare Parts,units,30,-24.5,0.21,0
2021-08-14,Spare Parts,units,33,-23.6,0.29,0
2021-08-15,Spare Parts,units,41,-25.2,0.33,0
2021-08-16,Spare Parts,units,36,-23.5,0.28,0
2021-08-17,Spare Parts,units,32,-20.6,0.27,0
2021-08-18,Spare Parts,units,36,-18.4,0.25,0
2021-08-19,Spare Parts,units,36,-15.9,0.27,0
2021-08-20,Spare Parts,units,36,-16.5,0.26,0
2021-08-21,Spare Parts,units,34,-17.6,0.26,0
2021-08-22,Spare Parts,units,32,-17.3,0.23,0
2021-08-23,Spare Parts,units,33,-18.1,0.24,0
2021-08-24,Spare Parts,units,34,-21.0,0.27,0
2021-08-25,Spare Parts,units,41,-19.6,0.28,0
2021-08-26,Spare Parts,units,33,-20.0,0.24,0
2021-08-27,Spare Parts,units,38,-22.1,0.31,0
2021-08-28,Spare Parts,units,42,-22.5,0.33,0
2021-08-29,Spare Parts,units,40,-22.3,0.29,0
2021-08-30,Spare Parts,units,43,-21.8,0.32,0
2021-08-31,Spare Parts,units,37,-21.4,0.28,0
2021-09-01,Spare Parts,units,41,-19.0,0.28,0
2021-09-02,Spare Parts,units,43,-20.9,0.32,0
2021-09-03,Spare Parts,units,43,-20.7,0.31,0
2021-09-04,Spare Parts,units,43,-21.7,0.34,0
2021-09-05,Spare Parts,units,37,-19.3,0.28,0
2021-09-06,Spare Parts,units,43,-20.0,0.3,0
2021-09-07,Spare Parts,units,43,-20.2,0.3,0
2021-09-08,Spare Parts,units,41,-18.3,0.3,0
2021-09-09,Spare Parts,units,40,-16.2,0.25,0
2021-09-10,Spare Parts,units,44,-14.2,0.27,0
2021-09-11,Spare Parts,units,40,-17.1,0.28,0
2021-09-12,Spare Parts,units,42,-16.4,0.29,0
2021-09-13,Spare Parts,units,47,-16.1,0.33,0
2021-09-14,Spare Parts,units,48,-16.3,0.29,0
2021-09-15,Spare Parts,units,46,-16.2,0.3,0
2021-09-16,Spare Parts,units,44,-14.3,0.29,0
2021-09-17,Spare Parts,units,42,-13.1,0.27,0
2021-09-18,Spare Parts,units,44,-12.2,0.27,0
2021-09-19,Spare Parts,units,51,-12.4,0.3,0
2021-09-20,Spare Parts,units,48,-9.5,0.29,0
2021-09-21,Spare Parts,units,47,-11.0,0.29,0
2021-09-22,Spare Parts,units,49,-14.1,0.31,0
2021-09-23,Spare Parts,units,51,-14.7,0.31,0
2021-09-24,Spare Parts,units,46,-14.6,0.34,0
2021-09-25,Spare Parts,units,48,-12.7,0.31,0
2021-09-26,Spare Parts,units,52,-13.8,0.36,0
2021-09-27,Spare Parts,units,51,-13.1,0.32,0
2021-09-28,Spare Parts,units,54,-15.5,0.35,0
2021-09-29,Spare Parts,units,54,-13.7,0.35,0
2021-09-30,Spare Parts,units,50,-13.6,0.32,0
2021-10-01,Spare Parts,units,42,-14.1,0.28,0
2021-10-02,Spare Parts,units,54,-10.8,0.33,0
2021-10-03,Spare Parts,units,50,-9.6,0.29,0
2021-10-04,Spare Parts,units,55,-11.7,0.33,0
2021-10-05,Spare Parts,units,59,-12.0,0.38,0
2021-10-06,Spare Parts,units,52,-8.0,0.28,0
2021-10-07,Spare Parts,units,57,-5.7,0.34,0
2021-10-08,Spare Parts,units,59,-5.4,0.33,0
2021-10-09,Spare Parts,units,58,-9.2,0.33,0
2021-10-10,Spare Parts,units,58,-7.6,0.34,0
2021-10-11,Spare Parts,units,51,-9.2,0.32,0
2021-10-12,Spare Parts,units,58,-7.6,0.33,0
2021-10-13,Spare Parts,units,59,-9.2,0.34,0
2021-10-14,Spare Parts,units,62,-8.8,0.32,0
2021-10-15,Spare Parts,units,62,-10.1,0.34,0
2021-10-16,Spare Parts,units,59,-10.8,0.35,0
2021-10-17,Spare Parts,units,55,-9.8,0.33,0
2021-10-18,Spare Parts,units,56,-11.9,0.34,0
2021-10-19,Spare Parts,units,66,-8.1,0.37,0
2021-10-20,Spare Parts,units,62,-9.9,0.35,0
2021-10-21,Spare Parts,units,58,-11.6,0.36,0
2021-10-22,Spare Parts,units,59,-10.4,0.39,0
2021-10-23,Spare Parts,units,64,-8.3,0.36,0
2021-10-24,Spare Parts,units,65,-8.9,0.36,0
2021-10-25,Spare Parts,units,70,-10.6,0.4,0
2021-10-26,Spare Parts,units,65,-11.7,0.4,0
2021-10-27,Spare Parts,units,67,-12.8,0.4,0
2021-10-28,Spare Parts,units,66,-11.8,0.41,0
2021-10-29,Spare Parts,units,69,-11.4,0.42,0
2021-10-30,Spare Parts,units,73,-10.3,0.46,0
2021-10-31,Spare Parts,units,71,-9.4,0.41,0
2021-11-01,Spare Parts,units,74,-7.9,0.4,0
2021-11-02,Spare Parts,units,70,-8.5,0.39,0
2021-11-03,Spare Parts,units,65,-9.5,0.37,0
2021-11-04,Spare Parts,units,67,-8.9,0.38,0
2021-11-05,Spare Parts,units,73,-8.8,0.44,0
2021-11-06,Spare Parts,units,70,-8.1,0.37,0
2021-11-07,Spare Parts,units,71,-9.0,0.36,0
2021-11-08,Spare Parts,units,69,-7.7,0.38,0
2021-11-09,Spare Parts,units,76,-9.3,0.43,0
2021-11-10,Spare Parts,units,77,-9.5,0.45,0
2021-11-11,Spare Parts,units,72,-7.3,0.38,0
2021-11-12,Spare Parts,units,73,-8.8,0.39,0
2021-11-13,Spare Parts,units,78,-6.8,0.4,0
2021-11-14,Spare Parts,units,78,-8.8,0.41,0
2021-11-15,Spare Parts,units,70,-10.7,0.38,0
2021-11-16,Spare Parts,units,77,-12.1,0.41,0
2021-11-17,Spare Parts,units,77,-10.9,0.38,0
2021-11-18,Spare Parts,units,77,-9.0,0.44,0
2021-11-19,Spare Parts,units,74,-6.4,0.4,0
2021-11-20,Spare Parts,units,75,-4.4,0.43,0
2021-11-21,Spare Parts,units,68,-3.1,0.31,0
2021-11-22,Spare Parts,units,76,-4.6,0.43,0
2021-11-23,Spare Parts,units,72,-5.8,0.37,0
2021-11-24,Spare Parts,units,77,-4.4,0.35,0
2021-11-25,Spare Parts,units,80,-2.2,0.34,0
2021-11-26,Spare Parts,units,76,-4.1,0.37,0
2021-11-27,Spare Parts,units,84,-2.1,0.42,0
2021-11-28,Spare Parts,units,86,-5.2,0.44,0
2021-11-29,Spare Parts,units,81,-4.4,0.4,0
2021-11-30,Spare Parts,units,83,-4.4,0.44,0
2021-12-01,Spare Parts,units,77,-4.6,0.39,0
2021-12-02,Spare Parts,units,82,-4.3,0.37,0
2021-12-03,Spare Parts,units,78,-5.4,0.43,0
2021-12-04,Spare Parts,units,77,-4.4,0.37,0
2021-12-05,Spare Parts,units,79,-4.1,0.37,0
2021-12-06,Spare Parts,units,83,-2.5,0.4,0
2021-12-07,Spare Parts,units,83,-0.1,0.39,0
2021-12-08,Spare Parts,units,84,-0.3,0.37,0
2021-12-09,Spare Parts,units,81,-1.9,0.35,0
2021-12-10,Spare Parts,units,85,-3.7,0.4,0
2021-12-11,Spare Parts,units,83,-0.9,0.41,0
2021-12-12,Spare Parts,units,85,1.2,0.39,0
2021-12-13,Spare Parts,units,85,2.1,0.42,0
2021-12-14,Spare Parts,units,80,1.5,0.38,0
2021-12-15,Spare Parts,units,84,2.2,0.37,0
2021-12-16,Spare Parts,units,88,3.6,0.38,0
2021-12-17,Spare Parts,units,89,1.8,0.41,0
2021-12-18,Spare Parts,units,83,1.3,0.39,0
2021-12-19,Spare Parts,units,85,-0.8,0.4,0
2021-12-20,Spare Parts,units,86,-1.1,0.41,0
2021-12-21,Spare Parts,units,91,1.2,0.41,0
2021-12-22,Spare Parts,units,89,2.4,0.4,0
2021-12-23,Spare Parts,units,84,2.0,0.37,0
2021-12-24,Spare Parts,units,89,-2.5,0.4,0
2021-12-25,Spare Parts,units,92,-3.3,0.47,0
2021-12-26,Spare Parts,units,89,-2.9,0.4,0
2021-12-27,Spare Parts,units,86,-3.0,0.37,0
2021-12-28,Spare Parts,units,91,-2.6,0.43,0
2021-12-29,Spare Parts,units,89,-2.1,0.43,0
2021-12-30,Spare Parts,units,88,-2.7,0.42,0
2021-12-31,Spare Parts,units,92,-2.5,0.41,0
2022-01-01,Spare Parts,units,89,-2.5,0.45,0
2022-01-02,Spare Parts,units,89,-3.3,0.44,0
2022-01-03,Spare Parts,units,92,-0.2,0.45,0
2022-01-04,Spare Parts,units,88,-1.0,0.41,0
2022-01-05,Spare Parts,units,86,-4.4,0.44,0
2022-01-06,Spare Parts,units,91,-1.2,0.4,0
2022-01-07,Spare Parts,units,94,-2.4,0.36,0
2022-01-08,Spare Parts,units,83,-0.9,0.39,0
2022-01-09,Spare Parts,units,92,-1.9,0.4,0
2022-01-10,Spare Parts,units,90,-0.9,0.44,0
2022-01-11,Spare Parts,units,88,-1.0,0.43,0
2022-01-12,Spare Parts,units,88,0.5,0.41,0
2022-01-13,Spare Parts,units,93,-0.0,0.4,0
2022-01-14,Spare Parts,units,92,-1.1,0.43,0
2022-01-15,Spare Parts,units,87,-0.7,0.42,0
2022-01-16,Spare Parts,units,91,-1.4,0.44,0
2022-01-17,Spare Parts,units,94,-4.2,0.44,0
2022-01-18,Spare Parts,units,92,-4.6,0.4,0
2022-01-19,Spare Parts,units,85,0.2,0.4,0
2022-01-20,Spare Parts,units,92,-2.7,0.44,0
2022-01-21,Spare Parts,units,86,-2.1,0.42,0
2022-01-22,Spare Parts,units,90,-2.4,0.43,0
2022-01-23,Spare Parts,units,87,0.6,0.39,0
2022-01-24,Spare Parts,units,91,-1.4,0.42,0
2022-01-25,Spare Parts,units,88,-1.2,0.4,0
2022-01-26,Spare Parts,units,86,-0.2,0.45,0
2022-01-27,Spare Parts,units,90,-0.7,0.41,0
2022-01-28,Spare Parts,units,90,-1.9,0.42,0
2022-01-29,Spare Parts,units,92,-1.9,0.45,0
2022-01-30,Spare Parts,units,87,-2.3,0.43,0
2022-01-31,Spare Parts,units,84,-2.7,0.41,0
2022-02-01,Spare Parts,units,91,-1.2,0.4,0
2022-02-02,Spare Parts,units,93,-0.7,0.39,0
2022-02-03,Spare Parts,units,87,-0.0,0.4,0
2022-02-04,Spare Parts,units,90,0.2,0.41,0
2022-02-05,Spare Parts,units,87,1.3,0.39,0
2022-02-06,Spare Parts,units,94,2.7,0.45,0
2022-02-07,Spare Parts,units,86,1.5,0.42,0
2022-02-08,Spare Parts,units,87,2.2,0.43,0
2022-02-09,Spare Parts,units,81,-0.5,0.35,0
2022-02-10,Spare Parts,units,92,-4.1,0.48,0
2022-02-11,Spare Parts,units,85,-1.2,0.35,0
2022-02-12,Spare Parts,units,90,-1.9,0.42,0
2022-02-13,Spare Parts,units,84,-1.7,0.42,0
2022-02-14,Spare Parts,units,86,-3.7,0.4,0
2022-02-15,Spare Parts,units,83,-5.5,0.39,0
2022-02-16,Spare Parts,units,83,-6.2,0.43,0
2022-02-17,Spare Parts,units,84,-4.8,0.46,0
2022-02-18,Spare Parts,units,85,-5.4,1.13,1
2022-02-19,Spare Parts,units,84,-5.6,0.46,0
2022-02-20,Spare Parts,units,80,-6.4,0.39,0
2022-02-21,Spare Parts,units,85,-4.3,0.42,0
2022-02-22,Spare Parts,units,78,-2.9,0.43,0
2022-02-23,Spare Parts,units,82,-3.8,0.43,0
2022-02-24,Spare Parts,units,78,-2.9,0.35,0
2022-02-25,Spare Parts,units,86,-3.4,0.44,0
2022-02-26,Spare Parts,units,86,-4.1,0.41,0
2022-02-27,Spare Parts,units,84,-4.2,0.41,0
2022-02-28,Spare Parts,units,80,-3.4,0.41,0
2022-03-01,Spare Parts,units,79,-4.9,0.39,0
2022-03-02,Spare Parts,units,80,-4.2,0.39,0
2022-03-03,Spare Parts,units,81,-0.6,0.4,0
2022-03-04,Spare Parts,units,82,-1.0,0.4,0
2022-03-05,Spare Parts,units,81,-1.6,0.39,0
2022-03-06,Spare Parts,units,73,-2.4,0.4,0
2022-03-07,Spare Parts,units,81,-2.2,0.4,0
2022-03-08,Spare Parts,units,80,-5.1,0.42,0
2022-03-09,Spare Parts,units,76,-2.7,0.37,0
2022-03-10,Spare Parts,units,75,-1.8,0.34,0
2022-03-11,Spare Parts,units,78,-3.5,0.35,0
2022-03-12,Spare Parts,units,78,-3.9,0.41,0
2022-03-13,Spare Parts,units,73,-5.2,0.37,0
2022-03-14,Spare Parts,units,76,-5.0,0.45,0
2022-03-15,Spare Parts,units,76,-5.2,0.37,0
2022-03-16,Spare Parts,units,78,-5.2,0.38,0
2022-03-17,Spare Parts,units,75,-7.1,0.41,0
2022-03-18,Spare Parts,units,68,-7.9,0.35,0
2022-03-19,Spare Parts,units,75,-6.1,0.36,0
2022-03-20,Spare Parts,units,68,-7.2,0.38,0
2022-03-21,Spare Parts,units,71,-11.3,0.36,0
2022-03-22,Spare Parts,units,69,-11.1,0.4,0
2022-03-23,Spare Parts,units,74,-7.1,0.4,0
2022-03-24,Spare Parts,units,68,-6.1,0.38,0
2022-03-25,Spare Parts,units,74,-7.4,0.41,0
2022-03-26,Spare Parts,units,67,-7.7,0.43,0
2022-03-27,Spare Parts,units,64,-6.9,0.34,0
2022-03-28,Spare Parts,units,69,-9.9,0.36,0
2022-03-29,Spare Parts,units,65,-11.2,0.44,0
2022-03-30,Spare Parts,units,73,-10.4,0.42,0
2022-03-31,Spare Parts,units,66,-7.9,0.34,0
2022-04-01,Spare Parts,units,71,-8.9,0.36,0
2022-04-02,Spare Parts,units,66,-6.8,0.35,0
2022-04-03,Spare Parts,units,68,-8.5,0.36,0
2022-04-04,Spare Parts,units,65,-13.9,0.38,0
2022-04-05,Spare Parts,units,73,-12.3,0.37,0
2022-04-06,Spare Parts,units,62,-11.3,0.36,0
2022-04-07,Spare Parts,units,56,-10.2,0.34,0
2022-04-08,Spare Parts,units,65,-9.4,0.35,0
2022-04-09,Spare Parts,units,61,-9.4,0.34,0
2022-04-10,Spare Parts,units,64,-10.2,0.36,0
2022-04-11,Spare Parts,units,62,-10.8,0.36,0
2022-04-12,Spare Parts,units,61,-11.7,0.4,0
2022-04-13,Spare Parts,units,60,-12.4,0.37,0
2022-04-14,Spare Parts,units,62,-15.2,0.36,0
2022-04-15,Spare Parts,units,60,-16.6,0.38,0
2022-04-16,Spare Parts,units,60,-16.3,0.39,0
2022-04-17,Spare Parts,units,58,-19.2,0.36,0
2022-04-18,Spare Parts,units,64,-21.4,0.41,0
2022-04-19,Spare Parts,units,63,-20.7,0.4,0
2022-04-20,Spare Parts,units,54,-19.9,0.37,0
2022-04-21,Spare Parts,units,58,-19.4,0.38,0
2022-04-22,Spare Parts,units,55,-22.2,0.35,0
2022-04-23,Spare Parts,units,53,-18.7,0.35,0
2022-04-24,Spare Parts,units,46,-20.2,0.33,0
2022-04-25,Spare Parts,units,55,-20.6,0.41,0
2022-04-26,Spare Parts,units,54,-21.7,0.35,0
2022-04-27,Spare Parts,units,59,-18.7,0.37,0
2022-04-28,Spare Parts,units,57,-17.6,0.35,0
2022-04-29,Spare Parts,units,55,-18.0,0.81,1
2022-04-30,Spare Parts,units,55,-18.4,0.31,0
2022-05-01,Spare Parts,units,55,-17.8,0.38,0
2022-05-02,Spare Parts,units,53,-19.4,0.37,0
2022-05-03,Spare Parts,units,56,-18.3,0.38,0
2022-05-04,Spare Parts,units,47,-18.8,0.33,0
2022-05-05,Spare Parts,units,49,-17.7,0.32,0
2022-05-06,Spare Parts,units,48,-16.8,0.31,0
2022-05-07,Spare Parts,units,48,-17.7,0.35,0
2022-05-08,Spare Parts,units,49,-20.7,0.36,0
2022-05-09,Spare Parts,units,53,-20.5,0.37,0
2022-05-10,Spare Parts,units,51,-22.2,0.83,1
2022-05-11,Spare Parts,units,51,-21.4,0.36,0
2022-05-12,Spare Parts,units,47,-21.2,0.34,0
2022-05-13,Spare Parts,units,46,-21.6,0.32,0
2022-05-14,Spare Parts,units,48,-23.0,0.36,0
2022-05-15,Spare Parts,units,47,-20.5,0.35,0
2022-05-16,Spare Parts,units,47,-20.9,0.35,0
2022-05-17,Spare Parts,units,52,-17.0,0.37,0
2022-05-18,Spare Parts,units,46,-17.2,0.33,0
2022-05-19,Spare Parts,units,42,-16.9,0.31,0
2022-05-20,Spare Parts,units,41,-17.1,0.28,0
2022-05-21,Spare Parts,units,46,-16.9,0.33,0
2022-05-22,Spare Parts,units,45,-15.6,0.31,0
2022-05-23,Spare Parts,units,45,-14.5,0.31,0
2022-05-24,Spare Parts,units,43,-17.9,0.3,0
2022-05-25,Spare Parts,units,38,-16.9,0.28,0
2022-05-26,Spare Parts,units,46,-16.6,0.29,0
2022-05-27,Spare Parts,units,45,-17.0,0.32,0
2022-05-28,Spare Parts,units,39,-14.9,0.29,0
2022-05-29,Spare Parts,units,41,-13.1,0.3,0
2022-05-30,Spare Parts,units,40,-12.8,0.26,0
2022-05-31,Spare Parts,units,38,-14.8,0.29,0
2022-06-01,Spare Parts,units,35,-17.4,0.25,0
2022-06-02,Spare Parts,units,40,-16.8,0.29,0
2022-06-03,Spare Parts,units,34,-15.3,0.24,0
2022-06-04,Spare Parts,units,36,-19.2,0.29,0
2022-06-05,Spare Parts,units,42,-17.9,0.3,0
2022-06-06,Spare Parts,units,38,-18.7,0.27,0
2022-06-07,Spare Parts,units,38,-21.8,0.31,0
2022-06-08,Spare Parts,units,35,-21.0,0.26,0
2022-06-09,Spare Parts,units,31,-19.7,0.25,0
2022-06-10,Spare Parts,units,37,-20.5,0.25,0
2022-06-11,Spare Parts,units,37,-22.3,0.3,0
2022-06-12,Spare Parts,units,38,-19.6,0.25,0
2022-06-13,Spare Parts,units,34,-21.0,0.26,0
2022-06-14,Spare Parts,units,33,-19.4,0.23,0
2022-06-15,Spare Parts,units,36,-22.0,0.26,0
2022-06-16,Spare Parts,units,30,-21.4,0.24,0
2022-06-17,Spare Parts,units,36,-20.9,0.26,0
2022-06-18,Spare Parts,units,33,-19.8,0.27,0
2022-06-19,Spare Parts,units,34,-18.0,0.25,0
2022-06-20,Spare Parts,units,40,-19.8,0.3,0
2022-06-21,Spare Parts,units,32,-19.4,0.23,0
2022-06-22,Spare Parts,units,33,-21.9,0.27,0
2022-06-23,Spare Parts,units,33,-24.1,0.27,0
2022-06-24,Spare Parts,units,26,-24.7,0.24,0
2022-06-25,Spare Parts,units,34,-23.8,0.29,0
2022-06-26,Spare Parts,units,25,-21.1,0.22,0
2022-06-27,Spare Parts,units,34,-18.6,0.26,0
2022-06-28,Spare Parts,units,29,-19.8,0.23,0
2022-06-29,Spare Parts,units,29,-19.8,0.25,0
2022-06-30,Spare Parts,units,31,-18.8,0.24,0
2022-07-01,Spare Parts,units,27,-18.3,0.21,0
2022-07-02,Spare Parts,units,31,-19.2,0.25,0
2022-07-03,Spare Parts,units,28,-19.7,0.24,0
2022-07-04,Spare Parts,units,27,-20.3,0.22,0
2022-07-05,Spare Parts,units,30,-21.0,0.25,0
2022-07-06,Spare Parts,units,34,-21.9,0.27,0
2022-07-07,Spare Parts,units,33,-22.2,0.26,0
2022-07-08,Spare Parts,units,29,-22.9,0.22,0
2022-07-09,Spare Parts,units,30,-24.7,0.47,1
2022-07-10,Spare Parts,units,29,-23.1,0.24,0
2022-07-11,Spare Parts,units,27,-22.3,0.23,0
2022-07-12,Spare Parts,units,27,-19.6,0.2,0
2022-07-13,Spare Parts,units,31,-19.6,0.21,0
2022-07-14,Spare Parts,units,28,-20.7,0.23,0
2022-07-15,Spare Parts,units,30,-22.0,0.24,0
2022-07-16,Spare Parts,units,27,-22.1,0.24,0
2022-07-17,Spare Parts,units,32,-21.4,0.28,0
2022-07-18,Spare Parts,units,32,-22.0,0.24,0
2022-07-19,Spare Parts,units,35,-24.4,0.29,0
2022-07-20,Spare Parts,units,34,-25.3,0.32,0
2022-07-21,Spare Parts,units,27,-24.9,0.22,0
2022-07-22,Spare Parts,units,28,-23.5,0.22,0
2022-07-23,Spare Parts,units,31,-25.6,0.28,0
2022-07-24,Spare Parts,units,28,-24.8,0.25,0
2022-07-25,Spare Parts,units,31,-24.1,0.26,0
2022-07-26,Spare Parts,units,29,-24.6,0.26,0
2022-07-27,Spare Parts,units,33,-25.2,0.29,0
2022-07-28,Spare Parts,units,33,-25.9,0.28,0
2022-07-29,Spare Parts,units,30,-25.2,0.26,0
2022-07-30,Spare Parts,units,25,-23.1,0.2,0
2022-07-31,Spare Parts,units,34,-21.2,0.28,0
2022-08-01,Spare Parts,units,29,-23.0,0.27,0
2022-08-02,Spare Parts,units,31,-23.2,0.27,0
2022-08-03,Spare Parts,units,31,-26.3,0.27,0
2022-08-04,Spare Parts,units,33,-25.5,0.31,0
2022-08-05,Spare Parts,units,30,-24.1,0.25,0
2022-08-06,Spare Parts,units,28,-21.4,0.25,0
2022-08-07,Spare Parts,units,32,-24.2,0.29,0
2022-08-08,Spare Parts,units,35,-25.5,0.28,0
2022-08-09,Spare Parts,units,32,-24.7,0.29,0
2022-08-10,Spare Parts,units,32,-26.6,0.25,0
2022-08-11,Spare Parts,units,29,-25.6,0.24,0
2022-08-12,Spare Parts,units,35,-24.1,0.26,0
2022-08-13,Spare Parts,units,35,-25.6,0.25,0
2022-08-14,Spare Parts,units,33,-24.7,0.26,0
2022-08-15,Spare Parts,units,31,-26.0,0.27,0
2022-08-16,Spare Parts,units,34,-23.2,0.27,0
2022-08-17,Spare Parts,units,35,-22.5,0.25,0
2022-08-18,Spare Parts,units,34,-23.2,0.23,0
2022-08-19,Spare Parts,units,32,-24.7,0.25,0
2022-08-20,Spare Parts,units,36,-23.5,0.27,0
2022-08-21,Spare Parts,units,36,-21.0,0.31,0
2022-08-22,Spare Parts,units,37,-22.0,0.28,0
2022-08-23,Spare Parts,units,36,-22.4,0.31,0
2022-08-24,Spare Parts,units,40,-23.2,0.29,0
2022-08-25,Spare Parts,units,37,-20.4,0.3,0
2022-08-26,Spare Parts,units,41,-23.1,0.32,0
2022-08-27,Spare Parts,units,38,-20.7,0.27,0
2022-08-28,Spare Parts,units,34,-21.1,0.51,1
2022-08-29,Spare Parts,units,41,-20.9,0.3,0
2022-08-30,Spare Parts,units,37,-21.2,0.28,0
2022-08-31,Spare Parts,units,37,-20.5,0.25,0
2022-09-01,Spare Parts,units,42,-21.3,0.35,0
2022-09-02,Spare Parts,units,36,-19.4,0.28,0
2022-09-03,Spare Parts,units,35,-17.6,0.24,0
2022-09-04,Spare Parts,units,40,-19.2,0.3,0
2022-09-05,Spare Parts,units,42,-18.1,0.29,0
2022-09-06,Spare Parts,units,44,-18.6,0.34,0
2022-09-07,Spare Parts,units,42,-18.4,0.29,0
2022-09-08,Spare Parts,units,35,-16.1,0.25,0
2022-09-09,Spare Parts,units,39,-17.3,0.27,0
2022-09-10,Spare Parts,units,39,-15.9,0.28,0
2022-09-11,Spare Parts,units,37,-15.5,0.26,0
2022-09-12,Spare Parts,units,43,-16.0,0.32,0
2022-09-13,Spare Parts,units,46,-15.6,0.31,0
2022-09-14,Spare Parts,units,47,-15.4,0.36,0
2022-09-15,Spare Parts,units,46,-17.3,0.31,0
2022-09-16,Spare Parts,units,44,-18.1,0.29,0
2022-09-17,Spare Parts,units,49,-19.4,0.33,0
2022-09-18,Spare Parts,units,46,-19.3,0.31,0
2022-09-19,Spare Parts,units,47,-16.8,0.3,0
2022-09-20,Spare Parts,units,45,-15.8,0.33,0
2022-09-21,Spare Parts,units,47,-17.9,0.32,0
2022-09-22,Spare Parts,units,47,-17.9,0.33,0
2022-09-23,Spare Parts,units,44,-17.2,0.28,0
2022-09-24,Spare Parts,units,51,-15.7,0.33,0
2022-09-25,Spare Parts,units,50,-16.6,0.29,0
2022-09-26,Spare Parts,units,52,-18.1,0.36,0
2022-09-27,Spare Parts,units,48,-17.7,0.32,0
2022-09-28,Spare Parts,units,53,-16.3,0.38,0
2022-09-29,Spare Parts,units,47,-15.6,0.33,0
2022-09-30,Spare Parts,units,54,-16.7,0.37,0
2022-10-01,Spare Parts,units,54,-13.6,0.32,0
2022-10-02,Spare Parts,units,50,-13.8,0.33,0
2022-10-03,Spare Parts,units,57,-13.4,0.39,0
2022-10-04,Spare Parts,units,59,-14.4,0.35,0
2022-10-05,Spare Parts,units,53,-12.5,0.31,0
2022-10-06,Spare Parts,units,59,-11.7,0.35,0
2022-10-07,Spare Parts,units,50,-11.3,0.31,0
2022-10-08,Spare Parts,units,56,-13.2,0.36,0
2022-10-09,Spare Parts,units,49,-11.4,0.31,0
2022-10-10,Spare Parts,units,60,-10.4,0.36,0
2022-10-11,Spare Parts,units,53,-9.1,0.3,0
2022-10-12,Spare Parts,units,52,-9.4,0.34,0
2022-10-13,Spare Parts,units,59,-9.8,0.37,0
2022-10-14,Spare Parts,units,62,-10.3,0.37,0
2022-10-15,Spare Parts,units,58,-7.0,0.35,0
2022-10-16,Spare Parts,units,61,-8.4,0.34,0
2022-10-17,Spare Parts,units,66,-10.5,0.35,0
2022-10-18,Spare Parts,units,58,-11.1,0.36,0
2022-10-19,Spare Parts,units,59,-11.8,0.33,0
2022-10-20,Spare Parts,units,65,-9.6,0.42,0
2022-10-21,Spare Parts,units,63,-11.7,0.35,0
2022-10-22,Spare Parts,units,67,-12.3,0.43,0
2022-10-23,Spare Parts,units,60,-11.6,0.4,0
2022-10-24,Spare Parts,units,59,-9.3,0.31,0
2022-10-25,Spare Parts,units,60,-8.2,0.31,0
2022-10-26,Spare Parts,units,67,-5.9,0.37,0
2022-10-27,Spare Parts,units,69,-5.8,0.4,0
2022-10-28,Spare Parts,units,69,-6.6,0.39,0
2022-10-29,Spare Parts,units,68,-5.6,0.34,0
2022-10-30,Spare Parts,units,71,-8.0,0.42,0
2022-10-31,Spare Parts,units,66,-10.6,0.43,0
2022-11-01,Spare Parts,units,62,-8.7,0.33,0
2022-11-02,Spare Parts,units,64,-8.3,0.37,0
2022-11-03,Spare Parts,units,65,-6.7,0.37,0
2022-11-04,Spare Parts,units,64,-8.1,0.35,0
2022-11-05,Spare Parts,units,66,-6.0,0.33,0
2022-11-06,Spare Parts,units,68,-5.2,0.33,0
2022-11-07,Spare Parts,units,73,-5.5,0.34,0
2022-11-08,Spare Parts,units,73,-5.4,0.4,0
2022-11-09,Spare Parts,units,77,-5.0,0.38,0
2022-11-10,Spare Parts,units,69,-6.5,0.41,0
2022-11-11,Spare Parts,units,74,-7.1,0.41,0
2022-11-12,Spare Parts,units,78,-6.4,0.41,0
2022-11-13,Spare Parts,units,72,-7.0,0.42,0
2022-11-14,Spare Parts,units,73,-9.0,0.4,0
2022-11-15,Spare Parts,units,79,-8.0,0.41,0
2022-11-16,Spare Parts,units,74,-6.4,0.41,0
2022-11-17,Spare Parts,units,80,-4.6,0.39,0
2022-11-18,Spare Parts,units,72,-3.9,0.37,0
2022-11-19,Spare Parts,units,82,-2.8,0.41,0
2022-11-20,Spare Parts,units,81,-1.7,0.39,0
2022-11-21,Spare Parts,units,75,-2.0,0.37,0
2022-11-22,Spare Parts,units,77,-5.6,0.41,0
2022-11-23,Spare Parts,units,75,-3.6,0.38,0
2022-11-24,Spare Parts,units,77,-5.1,0.38,0
2022-11-25,Spare Parts,units,74,-6.6,0.37,0
2022-11-26,Spare Parts,units,74,-7.9,0.38,0
2022-11-27,Spare Parts,units,76,-3.6,0.36,0
2022-11-28,Spare Parts,units,83,-2.9,0.42,0
2022-11-29,Spare Parts,units,75,-4.6,0.42,0
2022-11-30,Spare Parts,units,85,-5.5,0.43,0
2022-12-01,Spare Parts,units,84,-5.1,0.46,0
2022-12-02,Spare Parts,units,86,-4.1,0.41,0
2022-12-03,Spare Parts,units,83,-3.5,0.41,0
2022-12-04,Spare Parts,units,87,-4.8,0.43,0
2022-12-05,Spare Parts,units,79,-4.1,0.41,0
2022-12-06,Spare Parts,units,87,-4.8,0.42,0
2022-12-07,Spare Parts,units,93,-2.9,0.47,0
2022-12-08,Spare Parts,units,83,-2.8,0.41,0
2022-12-09,Spare Parts,units,84,-3.9,0.42,0
2022-12-10,Spare Parts,units,82,-2.6,0.38,0
2022-12-11,Spare Parts,units,85,-2.0,0.37,0
2022-12-12,Spare Parts,units,86,-2.8,0.41,0
2022-12-13,Spare Parts,units,78,-1.6,0.39,0
2022-12-14,Spare Parts,units,87,-0.7,0.36,0
2022-12-15,Spare Parts,units,89,0.9,0.37,0
2022-12-16,Spare Parts,units,83,1.6,0.38,0
2022-12-17,Spare Parts,units,85,0.7,0.37,0
2022-12-18,Spare Parts,units,89,-2.2,0.51,0
2022-12-19,Spare Parts,units,84,-1.8,0.41,0
2022-12-20,Spare Parts,units,89,-1.3,0.41,0
2022-12-21,Spare Parts,units,88,-1.2,0.44,0
2022-12-22,Spare Parts,units,94,-5.8,0.47,0
2022-12-23,Spare Parts,units,87,-4.1,0.43,0
2022-12-24,Spare Parts,units,86,-5.1,0.48,0
2022-12-25,Spare Parts,units,89,-3.5,0.38,0
2022-12-26,Spare Parts,units,89,-0.6,0.39,0
2022-12-27,Spare Parts,units,93,-1.1,0.45,0
2022-12-28,Spare Parts,units,93,-0.4,0.4,0
2022-12-29,Spare Parts,units,87,-0.5,0.38,0
2022-12-30,Spare Parts,units,88,0.2,0.42,0
2022-12-31,Spare Parts,units,87,0.2,0.38,0
2023-01-01,Spare Parts,units,87,-0.8,0.41,0
2023-01-02,Spare Parts,units,79,-2.2,0.38,0
2023-01-03,Spare Parts,units,94,0.4,0.44,0
2023-01-04,Spare Parts,units,87,0.8,0.4,0
2023-01-05,Spare Parts,units,88,1.8,0.42,0
2023-01-06,Spare Parts,units,98,2.0,0.47,0
2023-01-07,Spare Parts,units,88,3.0,0.39,0
2023-01-08,Spare Parts,units,89,1.1,0.37,0
2023-01-09,Spare Parts,units,91,0.9,0.41,0
2023-01-10,Spare Parts,units,91,1.4,0.4,0
2023-01-11,Spare Parts,units,88,3.0,0.38,0
2023-01-12,Spare Parts,units,93,6.4,0.38,0
2023-01-13,Spare Parts,units,90,5.9,0.4,0
2023-01-14,Spare Parts,units,90,3.9,0.41,0
2023-01-15,Spare Parts,units,88,1.4,0.39,0
2023-01-16,Spare Parts,units,90,-0.4,0.41,0
2023-01-17,Spare Parts,units,93,-1.6,0.45,0
2023-01-18,Spare Parts,units,93,-5.9,0.51,0
2023-01-19,Spare Parts,units,89,-6.2,0.5,0
2023-01-20,Spare Parts,units,88,-4.3,0.42,0
2023-01-21,Spare Parts,units,92,-3.8,0.43,0
2023-01-22,Spare Parts,units,91,-3.8,0.41,0
2023-01-23,Spare Parts,units,92,-5.8,0.49,0
2023-01-24,Spare Parts,units,87,-3.6,0.43,0
2023-01-25,Spare Parts,units,89,-2.5,0.46,0
2023-01-26,Spare Parts,units,92,-2.3,0.44,0
2023-01-27,Spare Parts,units,87,-5.5,0.43,0
2023-01-28,Spare Parts,units,95,-5.6,0.48,0
2023-01-29,Spare Parts,units,94,-4.4,0.46,0
2023-01-30,Spare Parts,units,88,-4.0,0.42,0
2023-01-31,Spare Parts,units,88,-3.4,0.43,0
2023-02-01,Spare Parts,units,90,-2.1,0.4,0
2023-02-02,Spare Parts,units,89,-1.8,0.46,0
2023-02-03,Spare Parts,units,92,-0.9,0.38,0
2023-02-04,Spare Parts,units,86,-2.3,0.44,0
2023-02-05,Spare Parts,units,85,-4.1,0.41,0
2023-02-06,Spare Parts,units,89,-3.1,0.36,0
2023-02-07,Spare Parts,units,89,-1.9,0.38,0
2023-02-08,Spare Parts,units,87,-1.2,0.41,0
2023-02-09,Spare Parts,units,90,-1.2,0.41,0
2023-02-10,Spare Parts,units,91,-1.9,0.44,0
2023-02-11,Spare Parts,units,89,-1.7,0.41,0
2023-02-12,Spare Parts,units,88,-1.3,0.43,0
2023-02-13,Spare Parts,units,86,-0.9,0.4,0
2023-02-14,Spare Parts,units,86,2.7,0.41,0
2023-02-15,Spare Parts,units,82,0.5,0.4,0
2023-02-16,Spare Parts,units,82,4.8,0.91,1
2023-02-17,Spare Parts,units,89,1.7,0.4,0
2023-02-18,Spare Parts,units,90,1.5,0.44,0
2023-02-19,Spare Parts,units,81,-1.1,0.38,0
2023-02-20,Spare Parts,units,86,-1.0,0.38,0
2023-02-21,Spare Parts,units,80,0.1,0.36,0
2023-02-22,Spare Parts,units,89,-0.5,0.42,0
2023-02-23,Spare Parts,units,83,0.4,0.4,0
2023-02-24,Spare Parts,units,91,-0.9,0.44,0
2023-02-25,Spare Parts,units,81,-4.5,0.42,0
2023-02-26,Spare Parts,units,81,-3.5,0.39,0
2023-02-27,Spare Parts,units,83,-3.6,0.44,0
2023-02-28,Spare Parts,units,85,-4.5,0.43,0
2023-03-01,Spare Parts,units,84,-5.2,0.41,0
2023-03-02,Spare Parts,units,84,-4.6,0.37,0
2023-03-03,Spare Parts,units,80,-5.9,0.43,0
2023-03-04,Spare Parts,units,83,-5.2,0.41,0
2023-03-05,Spare Parts,units,87,-3.5,0.96,1
2023-03-06,Spare Parts,units,82,-0.7,0.35,0
2023-03-07,Spare Parts,units,77,0.6,0.38,0
2023-03-08,Spare Parts,units,80,-0.1,0.37,0
2023-03-09,Spare Parts,units,72,-0.6,0.35,0
2023-03-10,Spare Parts,units,80,-2.1,0.38,0
2023-03-11,Spare Parts,units,73,-3.4,0.37,0
2023-03-12,Spare Parts,units,79,-2.6,0.38,0
2023-03-13,Spare Parts,units,77,-3.7,0.36,0
2023-03-14,Spare Parts,units,79,-3.6,0.41,0
2023-03-15,Spare Parts,units,76,-5.6,0.37,0
2023-03-16,Spare Parts,units,80,-3.8,0.39,0
2023-03-17,Spare Parts,units,77,-4.8,0.4,0
2023-03-18,Spare Parts,units,78,-3.6,0.41,0
2023-03-19,Spare Parts,units,73,-5.3,0.36,0
2023-03-20,Spare Parts,units,72,-6.8,0.4,0
2023-03-21,Spare Parts,units,69,-5.0,0.37,0
2023-03-22,Spare Parts,units,69,-6.5,0.36,0
2023-03-23,Spare Parts,units,72,-9.1,0.4,0
2023-03-24,Spare Parts,units,72,-10.6,0.41,0
2023-03-25,Spare Parts,units,72,-9.1,0.4,0
2023-03-26,Spare Parts,units,69,-7.9,0.4,0
2023-03-27,Spare Parts,units,71,-9.3,0.4,0
2023-03-28,Spare Parts,units,74,-10.2,0.41,0
2023-03-29,Spare Parts,units,71,-9.1,0.38,0
2023-03-30,Spare Parts,units,69,-7.3,0.38,0
2023-03-31,Spare Parts,units,69,-7.8,0.37,0
2023-04-01,Spare Parts,units,72,-7.3,0.35,0
2023-04-02,Spare Parts,units,68,-6.5,0.39,0
2023-04-03,Spare Parts,units,65,-3.8,0.33,0
2023-04-04,Spare Parts,units,65,-6.6,0.35,0
2023-04-05,Spare Parts,units,64,-8.3,0.39,0
2023-04-06,Spare Parts,units,64,-9.5,0.35,0
2023-04-07,Spare Parts,units,67,-8.5,0.38,0
2023-04-08,Spare Parts,units,69,-9.3,0.39,0
2023-04-09,Spare Parts,units,63,-9.2,0.36,0
2023-04-10,Spare Parts,units,61,-9.4,0.34,0
2023-04-11,Spare Parts,units,59,-9.8,0.36,0
2023-04-12,Spare Parts,units,67,-10.0,0.42,0
2023-04-13,Spare Parts,units,65,-8.8,0.34,0
2023-04-14,Spare Parts,units,59,-10.9,0.36,0
2023-04-15,Spare Parts,units,61,-11.4,0.36,0
2023-04-16,Spare Parts,units,64,-13.5,0.4,0
2023-04-17,Spare Parts,units,59,-13.1,0.37,0
2023-04-18,Spare Parts,units,62,-13.4,0.35,0
2023-04-19,Spare Parts,units,58,-11.8,0.33,0
2023-04-20,Spare Parts,units,57,-12.1,0.34,0
2023-04-21,Spare Parts,units,50,-13.1,0.34,0
2023-04-22,Spare Parts,units,56,-13.6,0.34,0
2023-04-23,Spare Parts,units,55,-11.1,0.34,0
2023-04-24,Spare Parts,units,58,-14.0,0.36,0
2023-04-25,Spare Parts,units,56,-15.0,0.36,0
2023-04-26,Spare Parts,units,56,-15.0,0.36,0
2023-04-27,Spare Parts,units,57,-15.9,0.35,0
2023-04-28,Spare Parts,units,47,-15.1,0.31,0
2023-04-29,Spare Parts,units,53,-15.2,0.33,0
2023-04-30,Spare Parts,units,49,-14.9,0.32,0
2023-05-01,Spare Parts,units,49,-14.9,0.31,0
2023-05-02,Spare Parts,units,51,-15.2,0.37,0
2023-05-03,Spare Parts,units,52,-17.3,0.31,0
2023-05-04,Spare Parts,units,52,-16.9,0.31,0
2023-05-05,Spare Parts,units,52,-19.5,0.37,0
2023-05-06,Spare Parts,units,48,-20.1,0.36,0
2023-05-07,Spare Parts,units,49,-18.8,0.37,0
2023-05-08,Spare Parts,units,53,-16.8,0.34,0
2023-05-09,Spare Parts,units,53,-13.3,0.33,0
2023-05-10,Spare Parts,units,47,-14.6,0.32,0
2023-05-11,Spare Parts,units,48,-16.3,0.35,0
2023-05-12,Spare Parts,units,44,-15.7,0.27,0
2023-05-13,Spare Parts,units,50,-13.2,0.32,0
2023-05-14,Spare Parts,units,53,-11.7,0.34,0
2023-05-15,Spare Parts,units,44,-14.2,0.66,1
2023-05-16,Spare Parts,units,49,-15.0,0.33,0
2023-05-17,Spare Parts,units,47,-14.3,0.29,0
2023-05-18,Spare Parts,units,44,-13.5,0.31,0
2023-05-19,Spare Parts,units,42,-13.4,0.25,0
2023-05-20,Spare Parts,units,51,-14.9,0.32,0
2023-05-21,Spare Parts,units,45,-14.7,0.31,0
2023-05-22,Spare Parts,units,46,-14.0,0.29,0
2023-05-23,Spare Parts,units,42,-16.2,0.3,0
2023-05-24,Spare Parts,units,42,-14.7,0.28,0
2023-05-25,Spare Parts,units,38,-13.9,0.26,0
2023-05-26,Spare Parts,units,43,-15.9,0.3,0
2023-05-27,Spare Parts,units,40,-15.1,0.27,0
2023-05-28,Spare Parts,units,37,-14.7,0.23,0
2023-05-29,Spare Parts,units,37,-14.2,0.28,0
2023-05-30,Spare Parts,units,47,-12.8,0.32,0
2023-05-31,Spare Parts,units,38,-13.9,0.27,0
2023-06-01,Spare Parts,units,40,-14.4,0.26,0
2023-06-02,Spare Parts,units,35,-19.3,0.27,0
2023-06-03,Spare Parts,units,37,-17.9,0.24,0
2023-06-04,Spare Parts,units,34,-16.8,0.23,0
2023-06-05,Spare Parts,units,38,-15.4,0.3,0
2023-06-06,Spare Parts,units,34,-17.7,0.23,0
2023-06-07,Spare Parts,units,39,-16.8,0.27,0
2023-06-08,Spare Parts,units,31,-15.9,0.23,0
2023-06-09,Spare Parts,units,34,-17.7,0.26,0
2023-06-10,Spare Parts,units,39,-16.7,0.27,0
2023-06-11,Spare Parts,units,40,-16.8,0.27,0
2023-06-12,Spare Parts,units,35,-20.0,0.26,0
2023-06-13,Spare Parts,units,34,-19.4,0.28,0
2023-06-14,Spare Parts,units,35,-21.0,0.28,0
2023-06-15,Spare Parts,units,40,-23.6,0.32,0
2023-06-16,Spare Parts,units,33,-22.8,0.23,0
2023-06-17,Spare Parts,units,34,-22.8,0.28,0
2023-06-18,Spare Parts,units,30,-20.6,0.24,0
2023-06-19,Spare Parts,units,31,-20.6,0.24,0
2023-06-20,Spare Parts,units,34,-19.7,0.29,0
2023-06-21,Spare Parts,units,36,-19.3,0.25,0
2023-06-22,Spare Parts,units,34,-18.3,0.25,0
2023-06-23,Spare Parts,units,35,-20.3,0.29,0
2023-06-24,Spare Parts,units,29,-20.3,0.24,0
2023-06-25,Spare Parts,units,29,-20.9,0.21,0
2023-06-26,Spare Parts,units,34,-20.2,0.28,0
2023-06-27,Spare Parts,units,30,-20.2,0.21,0
2023-06-28,Spare Parts,units,28,-21.5,0.22,0
2023-06-29,Spare Parts,units,32,-22.2,0.27,0
2023-06-30,Spare Parts,units,31,-19.8,0.23,0
2023-07-01,Spare Parts,units,30,-22.8,0.24,0
2023-07-02,Spare Parts,units,36,-21.8,0.26,0
2023-07-03,Spare Parts,units,36,-20.1,0.27,0
2023-07-04,Spare Parts,units,34,-19.7,0.28,0
2023-07-05,Spare Parts,units,32,-17.2,0.22,0
2023-07-06,Spare Parts,units,35,-16.7,0.26,0
2023-07-07,Spare Parts,units,31,-17.0,0.21,0
2023-07-08,Spare Parts,units,30,-18.6,0.26,0
2023-07-09,Spare Parts,units,28,-18.7,0.21,0
2023-07-10,Spare Parts,units,28,-18.3,0.23,0
2023-07-11,Spare Parts,units,33,-19.0,0.26,0
2023-07-12,Spare Parts,units,26,-20.8,0.22,0
2023-07-13,Spare Parts,units,28,-22.9,0.23,0
2023-07-14,Spare Parts,units,29,-22.7,0.22,0
2023-07-15,Spare Parts,units,26,-24.9,0.25,0
2023-07-16,Spare Parts,units,29,-25.3,0.24,0
2023-07-17,Spare Parts,units,30,-28.6,0.27,0
2023-07-18,Spare Parts,units,33,-26.5,0.27,0
2023-07-19,Spare Parts,units,29,-24.3,0.26,0
2023-07-20,Spare Parts,units,30,-24.0,0.29,0
2023-07-21,Spare Parts,units,26,-21.0,0.21,0
2023-07-22,Spare Parts,units,26,-19.3,0.22,0
2023-07-23,Spare Parts,units,24,-19.1,0.21,0
2023-07-24,Spare Parts,units,33,-19.8,0.27,0
2023-07-25,Spare Parts,units,29,-20.8,0.23,0
2023-07-26,Spare Parts,units,31,-20.2,0.24,0
2023-07-27,Spare Parts,units,32,-20.8,0.27,0
2023-07-28,Spare Parts,units,33,-20.2,0.23,0
2023-07-29,Spare Parts,units,37,-19.7,0.29,0
2023-07-30,Spare Parts,units,31,-20.4,0.23,0
2023-07-31,Spare Parts,units,29,-19.1,0.23,0
2023-08-01,Spare Parts,units,33,-19.9,0.26,0
2023-08-02,Spare Parts,units,38,-20.2,0.27,0
2023-08-03,Spare Parts,units,30,-22.0,0.25,0
2023-08-04,Spare Parts,units,29,-22.4,0.24,0
2023-08-05,Spare Parts,units,24,-19.1,0.21,0
2023-08-06,Spare Parts,units,26,-20.9,0.21,0
2023-08-07,Spare Parts,units,36,-20.4,0.26,0
2023-08-08,Spare Parts,units,32,-21.3,0.26,0
2023-08-09,Spare Parts,units,29,-24.7,0.25,0
2023-08-10,Spare Parts,units,33,-23.4,0.29,0
2023-08-11,Spare Parts,units,41,-23.9,0.32,0
2023-08-12,Spare Parts,units,33,-23.1,0.27,0
2023-08-13,Spare Parts,units,39,-21.3,0.27,0
2023-08-14,Spare Parts,units,31,-20.9,0.25,0
2023-08-15,Spare Parts,units,38,-20.5,0.27,0
2023-08-16,Spare Parts,units,32,-21.9,0.25,0
2023-08-17,Spare Parts,units,32,-20.7,0.24,0
2023-08-18,Spare Parts,units,32,-21.0,0.26,0
2023-08-19,Spare Parts,units,34,-23.9,0.27,0
2023-08-20,Spare Parts,units,38,-22.2,0.31,0
2023-08-21,Spare Parts,units,34,-20.2,0.25,0
2023-08-22,Spare Parts,units,39,-18.0,0.28,0
2023-08-23,Spare Parts,units,34,-15.1,0.24,0
2023-08-24,Spare Parts,units,36,-14.6,0.25,0
2023-08-25,Spare Parts,units,35,-14.7,0.26,0
2023-08-26,Spare Parts,units,42,-13.8,0.28,0
2023-08-27,Spare Parts,units,39,-16.0,0.25,0
2023-08-28,Spare Parts,units,39,-19.0,0.29,0
2023-08-29,Spare Parts,units,37,-19.8,0.31,0
2023-08-30,Spare Parts,units,37,-17.8,0.26,0
2023-08-31,Spare Parts,units,36,-19.0,0.27,0
2023-09-01,Spare Parts,units,43,-18.3,0.31,0
2023-09-02,Spare Parts,units,35,-17.5,0.27,0
2023-09-03,Spare Parts,units,39,-17.3,0.29,0
2023-09-04,Spare Parts,units,43,-19.4,0.31,0
2023-09-05,Spare Parts,units,36,-18.7,0.26,0
2023-09-06,Spare Parts,units,42,-19.2,0.29,0
2023-09-07,Spare Parts,units,39,-16.5,0.28,0
2023-09-08,Spare Parts,units,42,-15.0,0.27,0
2023-09-09,Spare Parts,units,42,-16.0,0.26,0
2023-09-10,Spare Parts,units,36,-13.5,0.24,0
2023-09-11,Spare Parts,units,45,-13.6,0.28,0
2023-09-12,Spare Parts,units,41,-16.6,0.28,0
2023-09-13,Spare Parts,units,42,-16.8,0.3,0
2023-09-14,Spare Parts,units,45,-14.3,0.3,0
2023-09-15,Spare Parts,units,46,-15.9,0.3,0
2023-09-16,Spare Parts,units,47,-16.1,0.29,0
2023-09-17,Spare Parts,units,48,-18.2,0.32,0
2023-09-18,Spare Parts,units,39,-19.7,0.26,0
2023-09-19,Spare Parts,units,48,-20.4,0.32,0
2023-09-20,Spare Parts,units,47,-21.5,0.32,0
2023-09-21,Spare Parts,units,46,-21.5,0.33,0
2023-09-22,Spare Parts,units,49,-18.0,0.34,0
2023-09-23,Spare Parts,units,51,-17.6,0.34,0
2023-09-24,Spare Parts,units,46,-16.1,0.29,0
2023-09-25,Spare Parts,units,54,-14.3,0.31,0
2023-09-26,Spare Parts,units,53,-16.0,0.37,0
2023-09-27,Spare Parts,units,52,-17.0,0.33,0
2023-09-28,Spare Parts,units,47,-15.4,0.31,0
2023-09-29,Spare Parts,units,58,-16.2,0.36,0
2023-09-30,Spare Parts,units,53,-14.8,0.36,0
2023-10-01,Spare Parts,units,53,-12.1,0.33,0
2023-10-02,Spare Parts,units,53,-14.5,0.32,0
2023-10-03,Spare Parts,units,55,-14.9,0.36,0
2023-10-04,Spare Parts,units,57,-14.9,0.33,0
2023-10-05,Spare Parts,units,54,-15.4,0.35,0
2023-10-06,Spare Parts,units,51,-15.9,0.27,0
2023-10-07,Spare Parts,units,59,-16.2,0.39,0
2023-10-08,Spare Parts,units,54,-15.6,0.34,0
2023-10-09,Spare Parts,units,54,-14.9,0.34,0
2023-10-10,Spare Parts,units,57,-13.0,0.38,0
2023-10-11,Spare Parts,units,56,-12.9,0.33,0
2023-10-12,Spare Parts,units,59,-11.0,0.33,0
2023-10-13,Spare Parts,units,60,-12.0,0.33,0
2023-10-14,Spare Parts,units,58,-13.7,0.36,0
2023-10-15,Spare Parts,units,60,-13.7,0.37,0
2023-10-16,Spare Parts,units,59,-12.6,0.37,0
2023-10-17,Spare Parts,units,63,-11.0,0.37,0
2023-10-18,Spare Parts,units,63,-8.8,0.36,0
2023-10-19,Spare Parts,units,64,-8.6,0.37,0
2023-10-20,Spare Parts,units,61,-7.7,0.35,0
2023-10-21,Spare Parts,units,63,-6.0,0.34,0
2023-10-22,Spare Parts,units,65,-7.7,0.37,0
2023-10-23,Spare Parts,units,66,-8.3,0.38,0
2023-10-24,Spare Parts,units,66,-4.3,0.36,0
2023-10-25,Spare Parts,units,64,-3.7,0.37,0
2023-10-26,Spare Parts,units,62,-3.8,0.3,0
2023-10-27,Spare Parts,units,67,-3.2,0.35,0
2023-10-28,Spare Parts,units,68,-6.0,0.36,0
2023-10-29,Spare Parts,units,63,-7.3,0.35,0
2023-10-30,Spare Parts,units,70,-9.0,0.41,0
2023-10-31,Spare Parts,units,68,-8.2,0.38,0
2023-11-01,Spare Parts,units,68,-8.8,0.35,0
2023-11-02,Spare Parts,units,69,-8.5,0.37,0
2023-11-03,Spare Parts,units,72,-8.8,0.41,0
2023-11-04,Spare Parts,units,74,-11.0,0.4,0
2023-11-05,Spare Parts,units,70,-9.1,0.36,0
2023-11-06,Spare Parts,units,70,-11.5,0.4,0
2023-11-07,Spare Parts,units,73,-11.9,0.39,0
2023-11-08,Spare Parts,units,68,-13.1,0.39,0
2023-11-09,Spare Parts,units,75,-13.4,0.5,0
2023-11-10,Spare Parts,units,69,-12.1,0.39,0
2023-11-11,Spare Parts,units,69,-9.3,0.4,0
2023-11-12,Spare Parts,units,78,-11.2,0.42,0
2023-11-13,Spare Parts,units,68,-11.2,0.41,0
2023-11-14,Spare Parts,units,78,-13.0,0.45,0
2023-11-15,Spare Parts,units,80,-12.8,0.49,0
2023-11-16,Spare Parts,units,76,-11.6,0.43,0
2023-11-17,Spare Parts,units,78,-9.5,0.42,0
2023-11-18,Spare Parts,units,72,-12.0,0.42,0
2023-11-19,Spare Parts,units,75,-10.1,0.42,0
2023-11-20,Spare Parts,units,78,-10.8,0.45,0
2023-11-21,Spare Parts,units,79,-11.7,0.43,0
2023-11-22,Spare Parts,units,79,-10.5,0.42,0
2023-11-23,Spare Parts,units,79,-8.7,0.39,0
2023-11-24,Spare Parts,units,79,-8.2,0.41,0
2023-11-25,Spare Parts,units,75,-9.2,0.37,0
2023-11-26,Spare Parts,units,81,-8.6,0.4,0
2023-11-27,Spare Parts,units,77,-9.0,0.42,0
2023-11-28,Spare Parts,units,79,-7.3,0.43,0
2023-11-29,Spare Parts,units,85,-5.1,0.42,0
2023-11-30,Spare Parts,units,76,-3.4,0.42,0
2023-12-01,Spare Parts,units,81,-3.4,0.41,0
2023-12-02,Spare Parts,units,84,-1.7,0.4,0
2023-12-03,Spare Parts,units,84,-3.4,0.38,0
2023-12-04,Spare Parts,units,83,-0.7,0.4,0
2023-12-05,Spare Parts,units,81,-2.6,0.41,0
2023-12-06,Spare Parts,units,87,-5.7,0.42,0
2023-12-07,Spare Parts,units,80,-3.2,0.39,0
2023-12-08,Spare Parts,units,86,-4.1,1.02,1
2023-12-09,Spare Parts,units,85,-3.7,0.43,0
2023-12-10,Spare Parts,units,82,-5.1,0.44,0
2023-12-11,Spare Parts,units,84,-1.1,0.39,0
2023-12-12,Spare Parts,units,90,1.4,0.37,0
2023-12-13,Spare Parts,units,82,3.2,0.39,0
2023-12-14,Spare Parts,units,80,2.6,0.37,0
2023-12-15,Spare Parts,units,84,3.4,0.39,0
2023-12-16,Spare Parts,units,87,2.5,0.4,0
2023-12-17,Spare Parts,units,91,3.5,0.39,0
2023-12-18,Spare Parts,units,87,2.1,0.4,0
2023-12-19,Spare Parts,units,82,3.9,0.36,0
2023-12-20,Spare Parts,units,87,2.4,0.37,0
2023-12-21,Spare Parts,units,90,1.3,0.43,0
2023-12-22,Spare Parts,units,88,0.2,0.38,0
2023-12-23,Spare Parts,units,89,0.2,0.4,0
2023-12-24,Spare Parts,units,82,-0.6,0.36,0
2023-12-25,Spare Parts,units,84,0.0,0.42,0
2023-12-26,Spare Parts,units,88,-0.9,0.42,0
2023-12-27,Spare Parts,units,92,0.2,0.39,0
2023-12-28,Spare Parts,units,86,2.3,0.39,0
2023-12-29,Spare Parts,units,89,1.9,0.41,0
2023-12-30,Spare Parts,units,89,4.8,0.41,0
2023-12-31,Spare Parts,units,86,5.6,0.38,0
2024-01-01,Spare Parts,units,87,7.8,0.38,0
2024-01-02,Spare Parts,units,89,6.4,0.44,0
2024-01-03,Spare Parts,units,88,2.8,0.38,0
2024-01-04,Spare Parts,units,92,1.2,0.39,0
2024-01-05,Spare Parts,units,88,-0.1,0.36,0
2024-01-06,Spare Parts,units,92,-1.6,0.42,0
2024-01-07,Spare Parts,units,89,-4.8,0.41,0
2024-01-08,Spare Parts,units,90,-2.7,0.49,0
2024-01-09,Spare Parts,units,92,-5.2,0.42,0
2024-01-10,Spare Parts,units,90,-3.2,0.42,0
2024-01-11,Spare Parts,units,89,0.4,0.46,0
2024-01-12,Spare Parts,units,90,-0.9,0.44,0
2024-01-13,Spare Parts,units,93,-0.4,0.38,0
2024-01-14,Spare Parts,units,91,-1.1,0.42,0
2024-01-15,Spare Parts,units,84,0.2,0.39,0
2024-01-16,Spare Parts,units,88,-1.8,0.39,0
2024-01-17,Spare Parts,units,88,-1.9,0.43,0
2024-01-18,Spare Parts,units,92,-0.1,0.38,0
2024-01-19,Spare Parts,units,84,-0.3,0.35,0
2024-01-20,Spare Parts,units,91,-2.9,0.46,0
2024-01-21,Spare Parts,units,92,-0.7,0.44,0
2024-01-22,Spare Parts,units,92,-2.8,0.49,0
2024-01-23,Spare Parts,units,89,-2.4,0.42,0
2024-01-24,Spare Parts,units,85,-1.4,0.44,0
2024-01-25,Spare Parts,units,89,-1.2,0.4,0
2024-01-26,Spare Parts,units,94,2.6,0.46,0
2024-01-27,Spare Parts,units,88,3.1,0.45,0
2024-01-28,Spare Parts,units,96,2.1,0.41,0
2024-01-29,Spare Parts,units,92,2.5,0.82,1
2024-01-30,Spare Parts,units,89,2.2,0.41,0
2024-01-31,Spare Parts,units,90,1.6,0.41,0
2024-02-01,Spare Parts,units,90,1.5,0.41,0
2024-02-02,Spare Parts,units,87,0.3,0.42,0
2024-02-03,Spare Parts,units,87,0.3,0.37,0
2024-02-04,Spare Parts,units,94,-0.8,0.43,0
2024-02-05,Spare Parts,units,93,-3.8,0.43,0
2024-02-06,Spare Parts,units,87,-1.9,0.45,0
2024-02-07,Spare Parts,units,85,-2.8,0.43,0
2024-02-08,Spare Parts,units,83,-2.5,0.38,0
2024-02-09,Spare Parts,units,94,-3.6,0.46,0
2024-02-10,Spare Parts,units,90,-4.6,0.44,0
2024-02-11,Spare Parts,units,91,-5.8,0.43,0
2024-02-12,Spare Parts,units,85,-3.9,0.46,0
2024-02-13,Spare Parts,units,85,-2.0,0.39,0
2024-02-14,Spare Parts,units,83,-2.1,0.47,0
2024-02-15,Spare Parts,units,76,-3.1,0.38,0
2024-02-16,Spare Parts,units,83,-5.6,0.46,0
2024-02-17,Spare Parts,units,86,-4.1,0.43,0
2024-02-18,Spare Parts,units,86,-5.0,0.44,0
2024-02-19,Spare Parts,units,83,-6.4,0.42,0
2024-02-20,Spare Parts,units,86,-6.0,0.39,0
2024-02-21,Spare Parts,units,82,-6.2,0.47,0
2024-02-22,Spare Parts,units,86,-8.1,0.44,0
2024-02-23,Spare Parts,units,86,-9.6,0.51,0
2024-02-24,Spare Parts,units,86,-8.2,0.52,0
2024-02-25,Spare Parts,units,83,-8.6,0.43,0
2024-02-26,Spare Parts,units,80,-7.2,0.4,0
2024-02-27,Spare Parts,units,79,-6.6,0.4,0
2024-02-28,Spare Parts,units,75,-4.8,0.34,0
2024-02-29,Spare Parts,units,84,-6.0,0.44,0
2024-03-01,Spare Parts,units,76,-5.5,0.42,0
2024-03-02,Spare Parts,units,80,-4.5,0.38,0
2024-03-03,Spare Parts,units,81,-5.6,0.43,0
2024-03-04,Spare Parts,units,77,-3.9,0.38,0
2024-03-05,Spare Parts,units,79,-6.6,0.41,0
2024-03-06,Spare Parts,units,80,-7.8,0.43,0
2024-03-07,Spare Parts,units,78,-10.0,0.44,0
2024-03-08,Spare Parts,units,80,-10.6,0.43,0
2024-03-09,Spare Parts,units,77,-10.2,0.43,0
2024-03-10,Spare Parts,units,77,-8.3,0.4,0
2024-03-11,Spare Parts,units,74,-8.3,0.41,0
2024-03-12,Spare Parts,units,76,-9.0,0.39,0
2024-03-13,Spare Parts,units,76,-11.0,0.46,0
2024-03-14,Spare Parts,units,73,-12.2,0.42,0
2024-03-15,Spare Parts,units,77,-11.0,0.4,0
2024-03-16,Spare Parts,units,68,-9.2,0.38,0
2024-03-17,Spare Parts,units,78,-9.6,0.43,0
2024-03-18,Spare Parts,units,70,-7.5,0.9,1
2024-03-19,Spare Parts,units,77,-9.0,0.38,0
2024-03-20,Spare Parts,units,75,-9.4,0.41,0
2024-03-21,Spare Parts,units,76,-9.7,0.43,0
2024-03-22,Spare Parts,units,69,-7.3,0.38,0
2024-03-23,Spare Parts,units,71,-7.3,0.41,0
2024-03-24,Spare Parts,units,72,-10.2,0.42,0
2024-03-25,Spare Parts,units,72,-8.6,0.4,0
2024-03-26,Spare Parts,units,73,-5.9,0.4,0
2024-03-27,Spare Parts,units,72,-6.8,0.37,0
2024-03-28,Spare Parts,units,71,-8.6,0.41,0
2024-03-29,Spare Parts,units,70,-7.5,0.38,0
2024-03-30,Spare Parts,units,70,-4.9,0.36,0
2024-03-31,Spare Parts,units,68,-4.4,0.32,0
2024-04-01,Spare Parts,units,71,-7.8,0.4,0
2024-04-02,Spare Parts,units,67,-7.0,0.37,0
2024-04-03,Spare Parts,units,61,-7.0,0.35,0
2024-04-04,Spare Parts,units,70,-9.0,0.36,0
2024-04-05,Spare Parts,units,67,-7.4,0.82,1
2024-04-06,Spare Parts,units,64,-7.3,0.35,0
2024-04-07,Spare Parts,units,65,-6.0,0.33,0
2024-04-08,Spare Parts,units,68,-8.4,0.37,0
2024-04-09,Spare Parts,units,64,-8.4,0.34,0
2024-04-10,Spare Parts,units,67,-10.3,0.39,0
2024-04-11,Spare Parts,units,64,-10.2,0.36,0
2024-04-12,Spare Parts,units,61,-8.3,0.34,0
2024-04-13,Spare Parts,units,57,-11.1,0.33,0
2024-04-14,Spare Parts,units,61,-13.4,0.37,0
2024-04-15,Spare Parts,units,64,-11.9,0.35,0
2024-04-16,Spare Parts,units,58,-12.1,0.31,0
2024-04-17,Spare Parts,units,60,-10.6,0.41,0
2024-04-18,Spare Parts,units,63,-12.2,0.38,0
2024-04-19,Spare Parts,units,53,-12.4,0.38,0
2024-04-20,Spare Parts,units,59,-11.6,0.35,0
2024-04-21,Spare Parts,units,59,-11.7,0.35,0
2024-04-22,Spare Parts,units,58,-14.7,0.36,0
2024-04-23,Spare Parts,units,51,-10.5,0.32,0
2024-04-24,Spare Parts,units,53,-10.8,0.32,0
2024-04-25,Spare Parts,units,49,-13.4,0.29,0
2024-04-26,Spare Parts,units,51,-13.2,0.3,0
2024-04-27,Spare Parts,units,57,-12.9,0.32,0
2024-04-28,Spare Parts,units,52,-11.8,0.32,0
2024-04-29,Spare Parts,units,55,-11.0,0.33,0
2024-04-30,Spare Parts,units,55,-12.0,0.34,0
2024-05-01,Spare Parts,units,49,-15.2,0.31,0
2024-05-02,Spare Parts,units,52,-14.6,0.31,0
2024-05-03,Spare Parts,units,46,-17.4,0.34,0
2024-05-04,Spare Parts,units,51,-15.4,0.34,0
2024-05-05,Spare Parts,units,51,-16.7,0.35,0
2024-05-06,Spare Parts,units,49,-15.8,0.34,0
2024-05-07,Spare Parts,units,44,-16.9,0.26,0
2024-05-08,Spare Parts,units,44,-17.7,0.31,0
2024-05-09,Spare Parts,units,56,-18.9,0.4,0
2024-05-10,Spare Parts,units,49,-17.6,0.31,0
2024-05-11,Spare Parts,units,46,-18.5,0.3,0
2024-05-12,Spare Parts,units,50,-17.3,0.31,0
2024-05-13,Spare Parts,units,51,-18.3,0.31,0
2024-05-14,Spare Parts,units,49,-18.6,0.35,0
2024-05-15,Spare Parts,units,45,-18.5,0.32,0
2024-05-16,Spare Parts,units,44,-18.3,0.56,1
2024-05-17,Spare Parts,units,47,-19.7,0.29,0
2024-05-18,Spare Parts,units,43,-18.5,0.29,0
2024-05-19,Spare Parts,units,47,-19.0,0.35,0
2024-05-20,Spare Parts,units,43,-18.2,0.28,0
2024-05-21,Spare Parts,units,45,-18.4,0.28,0
2024-05-22,Spare Parts,units,45,-17.6,0.31,0
2024-05-23,Spare Parts,units,38,-18.5,0.26,0
2024-05-24,Spare Parts,units,42,-19.9,0.33,0
2024-05-25,Spare Parts,units,44,-19.2,0.31,0
2024-05-26,Spare Parts,units,38,-20.1,0.28,0
2024-05-27,Spare Parts,units,39,-17.9,0.27,0
2024-05-28,Spare Parts,units,43,-18.1,0.29,0
2024-05-29,Spare Parts,units,44,-20.5,0.31,0
2024-05-30,Spare Parts,units,29,-21.4,0.27,0
2024-05-31,Spare Parts,units,42,-22.8,0.33,0
2024-06-01,Spare Parts,units,31,-20.8,0.24,0
2024-06-02,Spare Parts,units,38,-19.7,0.28,0
2024-06-03,Spare Parts,units,34,-19.9,0.25,0
2024-06-04,Spare Parts,units,36,-19.7,0.28,0
2024-06-05,Spare Parts,units,37,-20.0,0.22,0
2024-06-06,Spare Parts,units,38,-18.9,0.27,0
2024-06-07,Spare Parts,units,41,-18.5,0.27,0
2024-06-08,Spare Parts,units,32,-17.9,0.25,0
2024-06-09,Spare Parts,units,39,-18.7,0.28,0
2024-06-10,Spare Parts,units,35,-20.1,0.24,0
2024-06-11,Spare Parts,units,34,-19.4,0.25,0
2024-06-12,Spare Parts,units,40,-17.4,0.28,0
2024-06-13,Spare Parts,units,37,-16.4,0.28,0
2024-06-14,Spare Parts,units,29,-14.9,0.22,0
2024-06-15,Spare Parts,units,34,-15.7,0.24,0
2024-06-16,Spare Parts,units,32,-18.1,0.24,0
2024-06-17,Spare Parts,units,32,-20.1,0.21,0
2024-06-18,Spare Parts,units,33,-18.3,0.23,0
2024-06-19,Spare Parts,units,34,-21.7,0.23,0
2024-06-20,Spare Parts,units,29,-19.6,0.26,0
2024-06-21,Spare Parts,units,32,-21.2,0.24,0
2024-06-22,Spare Parts,units,31,-18.5,0.24,0
2024-06-23,Spare Parts,units,33,-19.2,0.23,0
2024-06-24,Spare Parts,units,32,-18.7,0.24,0
2024-06-25,Spare Parts,units,35,-15.7,0.24,0
2024-06-26,Spare Parts,units,32,-17.2,0.24,0
2024-06-27,Spare Parts,units,33,-18.6,0.24,0
2024-06-28,Spare Parts,units,32,-20.3,0.24,0
2024-06-29,Spare Parts,units,28,-22.2,0.2,0
2024-06-30,Spare Parts,units,30,-22.8,0.28,0
2024-07-01,Spare Parts,units,29,-23.6,0.23,0
2024-07-02,Spare Parts,units,33,-25.4,0.46,1
2024-07-03,Spare Parts,units,33,-25.4,0.26,0
2024-07-04,Spare Parts,units,30,-24.3,0.27,0
2024-07-05,Spare Parts,units,31,-25.5,0.25,0
2024-07-06,Spare Parts,units,26,-25.4,0.22,0
2024-07-07,Spare Parts,units,29,-22.9,0.57,1
2024-07-08,Spare Parts,units,23,-25.1,0.23,0
2024-07-09,Spare Parts,units,33,-21.9,0.58,1
2024-07-10,Spare Parts,units,37,-23.0,0.29,0
2024-07-11,Spare Parts,units,28,-22.7,0.23,0
2024-07-12,Spare Parts,units,31,-20.9,0.24,0
2024-07-13,Spare Parts,units,31,-18.8,0.26,0
2024-07-14,Spare Parts,units,27,-18.8,0.2,0
2024-07-15,Spare Parts,units,30,-20.4,0.52,1
2024-07-16,Spare Parts,units,31,-22.0,0.24,0
2024-07-17,Spare Parts,units,31,-23.0,0.26,0
2024-07-18,Spare Parts,units,30,-20.2,0.23,0
2024-07-19,Spare Parts,units,29,-21.1,0.24,0
2024-07-20,Spare Parts,units,28,-20.9,0.23,0
2024-07-21,Spare Parts,units,32,-22.8,0.24,0
2024-07-22,Spare Parts,units,35,-24.5,0.28,0
2024-07-23,Spare Parts,units,24,-24.2,0.19,0
2024-07-24,Spare Parts,units,24,-24.5,0.22,0
2024-07-25,Spare Parts,units,27,-24.6,0.22,0
2024-07-26,Spare Parts,units,29,-26.5,0.25,0
2024-07-27,Spare Parts,units,30,-26.0,0.25,0
2024-07-28,Spare Parts,units,31,-23.2,0.25,0
2024-07-29,Spare Parts,units,31,-24.4,0.22,0
2024-07-30,Spare Parts,units,31,-22.7,0.24,0
2024-07-31,Spare Parts,units,35,-27.9,0.3,0
2024-08-01,Spare Parts,units,28,-28.2,0.27,0
2024-08-02,Spare Parts,units,34,-30.2,0.34,0
2024-08-03,Spare Parts,units,37,-27.1,0.34,0
2024-08-04,Spare Parts,units,27,-25.0,0.22,0
2024-08-05,Spare Parts,units,26,-26.1,0.24,0
2024-08-06,Spare Parts,units,33,-25.1,0.29,0
2024-08-07,Spare Parts,units,34,-22.8,0.28,0
2024-08-08,Spare Parts,units,33,-20.6,0.25,0
2024-08-09,Spare Parts,units,26,-21.3,0.22,0
2024-08-10,Spare Parts,units,28,-24.7,0.24,0
2024-08-11,Spare Parts,units,32,-25.5,0.26,0
2024-08-12,Spare Parts,units,35,-23.7,0.6,1
2024-08-13,Spare Parts,units,32,-20.2,0.23,0
2024-08-14,Spare Parts,units,34,-20.4,0.3,0
2024-08-15,Spare Parts,units,35,-21.4,0.26,0
2024-08-16,Spare Parts,units,37,-17.7,0.27,0
2024-08-17,Spare Parts,units,31,-17.6,0.24,0
2024-08-18,Spare Parts,units,35,-19.9,0.27,0
2024-08-19,Spare Parts,units,39,-20.2,0.3,0
2024-08-20,Spare Parts,units,33,-18.7,0.27,0
2024-08-21,Spare Parts,units,34,-19.0,0.26,0
2024-08-22,Spare Parts,units,36,-18.0,0.28,0
2024-08-23,Spare Parts,units,33,-20.7,0.26,0
2024-08-24,Spare Parts,units,33,-22.7,0.24,0
2024-08-25,Spare Parts,units,36,-23.4,0.28,0
2024-08-26,Spare Parts,units,37,-23.3,0.29,0
2024-08-27,Spare Parts,units,40,-22.2,0.31,0
2024-08-28,Spare Parts,units,35,-20.8,0.28,0
2024-08-29,Spare Parts,units,38,-16.9,0.27,0
2024-08-30,Spare Parts,units,42,-18.3,0.3,0
2024-08-31,Spare Parts,units,43,-18.9,0.31,0
2024-09-01,Spare Parts,units,39,-19.9,0.28,0
2024-09-02,Spare Parts,units,40,-18.1,0.31,0
2024-09-03,Spare Parts,units,38,-16.4,0.28,0
2024-09-04,Spare Parts,units,42,-17.4,0.33,0
2024-09-05,Spare Parts,units,46,-14.4,0.3,0
2024-09-06,Spare Parts,units,45,-16.0,0.29,0
2024-09-07,Spare Parts,units,42,-14.7,0.25,0
2024-09-08,Spare Parts,units,43,-13.0,0.32,0
2024-09-09,Spare Parts,units,40,-15.7,0.28,0
2024-09-10,Spare Parts,units,40,-15.1,0.29,0
2024-09-11,Spare Parts,units,42,-19.5,0.33,0
2024-09-12,Spare Parts,units,45,-17.9,0.31,0
2024-09-13,Spare Parts,units,47,-19.4,0.32,0
2024-09-14,Spare Parts,units,45,-18.1,0.33,0
2024-09-15,Spare Parts,units,47,-16.7,0.31,0
2024-09-16,Spare Parts,units,38,-15.0,0.23,0
2024-09-17,Spare Parts,units,47,-13.8,0.33,0
2024-09-18,Spare Parts,units,45,-14.0,0.27,0
2024-09-19,Spare Parts,units,43,-14.9,0.28,0
2024-09-20,Spare Parts,units,49,-15.1,0.33,0
2024-09-21,Spare Parts,units,52,-16.8,0.3,0
2024-09-22,Spare Parts,units,49,-16.9,0.33,0
2024-09-23,Spare Parts,units,52,-17.0,0.35,0
2024-09-24,Spare Parts,units,48,-17.9,0.35,0
2024-09-25,Spare Parts,units,56,-20.0,0.4,0
2024-09-26,Spare Parts,units,46,-21.1,0.84,1
2024-09-27,Spare Parts,units,51,-24.8,0.4,0
2024-09-28,Spare Parts,units,54,-23.7,0.43,0
2024-09-29,Spare Parts,units,52,-21.7,0.36,0
2024-09-30,Spare Parts,units,57,-24.5,0.39,0
2024-10-01,Spare Parts,units,47,-22.5,0.33,0
2024-10-02,Spare Parts,units,53,-21.3,0.39,0
2024-10-03,Spare Parts,units,53,-21.9,0.37,0
2024-10-04,Spare Parts,units,54,-21.2,0.36,0
2024-10-05,Spare Parts,units,50,-18.3,0.36,0
2024-10-06,Spare Parts,units,55,-18.9,0.38,0
2024-10-07,Spare Parts,units,55,-17.8,0.4,0
2024-10-08,Spare Parts,units,57,-16.5,0.38,0
2024-10-09,Spare Parts,units,60,-17.0,0.4,0
2024-10-10,Spare Parts,units,58,-14.7,0.36,0
2024-10-11,Spare Parts,units,59,-13.7,0.32,0
2024-10-12,Spare Parts,units,62,-13.7,0.37,0
2024-10-13,Spare Parts,units,63,-9.8,0.35,0
2024-10-14,Spare Parts,units,52,-8.5,0.28,0
2024-10-15,Spare Parts,units,63,-11.4,0.37,0
2024-10-16,Spare Parts,units,63,-11.8,0.39,0
2024-10-17,Spare Parts,units,60,-7.9,0.33,0
2024-10-18,Spare Parts,units,60,-9.8,0.35,0
2024-10-19,Spare Parts,units,59,-9.7,0.33,0
2024-10-20,Spare Parts,units,57,-7.9,0.32,0
2024-10-21,Spare Parts,units,66,-7.2,0.35,0
2024-10-22,Spare Parts,units,66,-6.4,0.36,0
2024-10-23,Spare Parts,units,64,-5.7,0.35,0
2024-10-24,Spare Parts,units,67,-6.2,0.39,0
2024-10-25,Spare Parts,units,68,-7.8,0.36,0
2024-10-26,Spare Parts,units,60,-7.3,0.33,0
2024-10-27,Spare Parts,units,67,-8.1,0.39,0
2024-10-28,Spare Parts,units,66,-8.9,0.36,0
2024-10-29,Spare Parts,units,69,-6.6,0.38,0
2024-10-30,Spare Parts,units,68,-7.4,0.36,0
2024-10-31,Spare Parts,units,71,-4.9,0.38,0
2024-11-01,Spare Parts,units,64,-4.9,0.35,0
2024-11-02,Spare Parts,units,73,-5.6,0.41,0
2024-11-03,Spare Parts,units,68,-8.6,0.36,0
2024-11-04,Spare Parts,units,70,-5.2,0.38,0
2024-11-05,Spare Parts,units,65,-5.5,0.34,0
2024-11-06,Spare Parts,units,71,-9.1,0.36,0
2024-11-07,Spare Parts,units,72,-7.3,0.37,0
2024-11-08,Spare Parts,units,72,-7.2,0.37,0
2024-11-09,Spare Parts,units,70,-8.5,0.4,0
2024-11-10,Spare Parts,units,69,-6.8,0.35,0
2024-11-11,Spare Parts,units,75,-10.5,0.43,0
2024-11-12,Spare Parts,units,69,-10.9,0.4,0
2024-11-13,Spare Parts,units,77,-10.5,0.45,0
2024-11-14,Spare Parts,units,80,-8.5,0.42,0
2024-11-15,Spare Parts,units,82,-4.7,0.38,0
2024-11-16,Spare Parts,units,73,-5.2,0.4,0
2024-11-17,Spare Parts,units,78,-4.5,0.38,0
2024-11-18,Spare Parts,units,75,-0.4,0.38,0
2024-11-19,Spare Parts,units,81,-1.1,0.38,0
2024-11-20,Spare Parts,units,79,-0.9,0.37,0
2024-11-21,Spare Parts,units,77,-3.3,0.4,0
2024-11-22,Spare Parts,units,76,-0.5,0.37,0
2024-11-23,Spare Parts,units,78,-2.2,0.38,0
2024-11-24,Spare Parts,units,77,-2.1,0.36,0
2024-11-25,Spare Parts,units,79,-2.0,0.38,0
2024-11-26,Spare Parts,units,80,-2.2,0.34,0
2024-11-27,Spare Parts,units,79,-3.0,0.41,0
2024-11-28,Spare Parts,units,79,-2.8,0.37,0
2024-11-29,Spare Parts,units,83,-0.2,0.37,0
2024-11-30,Spare Parts,units,84,2.7,0.38,0
2024-12-01,Spare Parts,units,79,1.5,0.6,1
2024-12-02,Spare Parts,units,82,0.2,0.38,0
2024-12-03,Spare Parts,units,80,-1.5,0.4,0
2024-12-04,Spare Parts,units,91,2.3,0.43,0
2024-12-05,Spare Parts,units,80,1.7,0.35,0
2024-12-06,Spare Parts,units,84,2.7,0.37,0
2024-12-07,Spare Parts,units,85,3.0,0.38,0
2024-12-08,Spare Parts,units,82,5.5,0.39,0
2024-12-09,Spare Parts,units,82,3.9,0.39,0
2024-12-10,Spare Parts,units,84,1.3,0.4,0
2024-12-11,Spare Parts,units,82,3.6,0.37,0
2024-12-12,Spare Parts,units,86,4.1,0.42,0
2024-12-13,Spare Parts,units,83,3.8,0.39,0
2024-12-14,Spare Parts,units,86,5.3,0.79,1
2024-12-15,Spare Parts,units,80,5.0,0.36,0
2024-12-16,Spare Parts,units,84,6.3,0.4,0
2024-12-17,Spare Parts,units,85,5.5,0.43,0
2024-12-18,Spare Parts,units,90,5.7,0.37,0
2024-12-19,Spare Parts,units,82,5.4,0.38,0
2024-12-20,Spare Parts,units,90,3.9,0.37,0
2024-12-21,Spare Parts,units,89,2.8,0.39,0
2024-12-22,Spare Parts,units,82,1.6,0.39,0
2024-12-23,Spare Parts,units,89,1.5,0.41,0
2024-12-24,Spare Parts,units,85,0.4,0.37,0
2024-12-25,Spare Parts,units,90,0.8,0.4,0
2024-12-26,Spare Parts,units,90,1.1,0.43,0
2024-12-27,Spare Parts,units,91,1.1,0.42,0
2024-12-28,Spare Parts,units,87,1.1,0.4,0
2024-12-29,Spare Parts,units,91,-0.1,0.44,0
2024-12-30,Spare Parts,units,94,-0.7,0.45,0
2024-12-31,Spare Parts,units,88,-3.2,0.42,0
2025-01-01,Spare Parts,units,89,-3.1,0.45,0
2025-01-02,Spare Parts,units,91,-4.3,0.44,0
2025-01-03,Spare Parts,units,81,-3.6,0.4,0
2025-01-04,Spare Parts,units,87,-4.3,0.39,0
2025-01-05,Spare Parts,units,93,-6.9,0.46,0
2025-01-06,Spare Parts,units,90,-2.6,0.44,0
2025-01-07,Spare Parts,units,89,-2.7,0.4,0
2025-01-08,Spare Parts,units,87,-0.3,0.39,0
2025-01-09,Spare Parts,units,90,-1.2,0.38,0
2025-01-10,Spare Parts,units,88,1.4,0.42,0
2025-01-11,Spare Parts,units,85,-0.7,0.43,0
2025-01-12,Spare Parts,units,94,-0.4,0.4,0
2025-01-13,Spare Parts,units,88,-2.2,0.38,0
2025-01-14,Spare Parts,units,89,1.9,0.42,0
2025-01-15,Spare Parts,units,85,1.1,0.4,0
2025-01-16,Spare Parts,units,88,2.0,0.41,0
2025-01-17,Spare Parts,units,93,2.2,0.44,0
2025-01-18,Spare Parts,units,93,1.7,0.43,0
2025-01-19,Spare Parts,units,90,2.1,0.44,0
2025-01-20,Spare Parts,units,88,3.6,0.44,0
2025-01-21,Spare Parts,units,90,3.9,0.46,0
2025-01-22,Spare Parts,units,91,3.4,0.47,0
2025-01-23,Spare Parts,units,85,3.5,0.37,0
2025-01-24,Spare Parts,units,90,5.6,0.44,0
2025-01-25,Spare Parts,units,92,4.0,0.42,0
2025-01-26,Spare Parts,units,89,0.4,0.36,0
2025-01-27,Spare Parts,units,89,-1.5,0.43,0
2025-01-28,Spare Parts,units,87,-3.1,0.4,0
2025-01-29,Spare Parts,units,90,-4.2,0.44,0
2025-01-30,Spare Parts,units,94,-5.1,0.44,0
2025-01-31,Spare Parts,units,93,-4.6,0.5,0
2025-02-01,Spare Parts,units,87,-3.8,0.41,0
2025-02-02,Spare Parts,units,87,-3.1,0.4,0
2025-02-03,Spare Parts,units,93,-4.1,0.49,0
2025-02-04,Spare Parts,units,90,-2.3,0.44,0
2025-02-05,Spare Parts,units,90,-1.4,0.47,0
2025-02-06,Spare Parts,units,82,0.8,0.4,0
2025-02-07,Spare Parts,units,90,1.6,0.44,0
2025-02-08,Spare Parts,units,87,0.5,0.37,0
2025-02-09,Spare Parts,units,88,2.0,0.41,0
2025-02-10,Spare Parts,units,85,1.8,0.43,0
2025-02-11,Spare Parts,units,92,2.3,0.39,0
2025-02-12,Spare Parts,units,84,2.6,0.39,0
2025-02-13,Spare Parts,units,92,1.6,0.42,0
2025-02-14,Spare Parts,units,86,1.1,0.4,0
2025-02-15,Spare Parts,units,85,0.3,0.41,0
2025-02-16,Spare Parts,units,83,-1.5,0.4,0
2025-02-17,Spare Parts,units,84,-5.0,0.48,0
2025-02-18,Spare Parts,units,84,-5.8,0.37,0
2025-02-19,Spare Parts,units,85,-5.2,0.36,0
2025-02-20,Spare Parts,units,86,-3.3,0.41,0
2025-02-21,Spare Parts,units,83,-2.2,0.43,0
2025-02-22,Spare Parts,units,85,-2.9,0.41,0
2025-02-23,Spare Parts,units,87,-4.1,0.42,0
2025-02-24,Spare Parts,units,86,-4.4,0.38,0
2025-02-25,Spare Parts,units,85,-5.8,0.43,0
2025-02-26,Spare Parts,units,84,-8.8,0.44,0
2025-02-27,Spare Parts,units,79,-10.5,0.44,0
2025-02-28,Spare Parts,units,82,-7.5,0.43,0
2025-03-01,Spare Parts,units,78,-4.4,0.41,0
2025-03-02,Spare Parts,units,84,-3.3,0.4,0
2025-03-03,Spare Parts,units,82,-3.7,0.88,1
2025-03-04,Spare Parts,units,84,-6.0,0.43,0
2025-03-05,Spare Parts,units,83,-6.2,0.43,0
2025-03-06,Spare Parts,units,81,-5.2,0.38,0
2025-03-07,Spare Parts,units,77,-4.0,0.4,0
2025-03-08,Spare Parts,units,72,-3.3,0.33,0
2025-03-09,Spare Parts,units,80,-1.9,0.4,0
2025-03-10,Spare Parts,units,77,0.4,0.35,0
2025-03-11,Spare Parts,units,80,-1.3,0.35,0
2025-03-12,Spare Parts,units,79,2.1,0.43,0
2025-03-13,Spare Parts,units,78,-2.2,0.38,0
2025-03-14,Spare Parts,units,77,-4.1,0.41,0
2025-03-15,Spare Parts,units,71,-4.3,0.63,1
2025-03-16,Spare Parts,units,79,-3.9,0.43,0
2025-03-17,Spare Parts,units,71,-4.7,0.38,0
2025-03-18,Spare Parts,units,73,-5.9,0.38,0
2025-03-19,Spare Parts,units,73,-2.9,0.38,0
2025-03-20,Spare Parts,units,74,-4.4,0.4,0
2025-03-21,Spare Parts,units,72,-6.5,0.37,0
2025-03-22,Spare Parts,units,71,-4.3,0.36,0
2025-03-23,Spare Parts,units,75,-3.6,0.42,0
2025-03-24,Spare Parts,units,68,-2.7,0.34,0
2025-03-25,Spare Parts,units,70,-3.4,0.38,0
2025-03-26,Spare Parts,units,64,-6.3,0.36,0
2025-03-27,Spare Parts,units,67,-6.6,0.38,0
2025-03-28,Spare Parts,units,65,-9.3,0.39,0
2025-03-29,Spare Parts,units,71,-9.0,0.33,0
2025-03-30,Spare Parts,units,69,-8.1,0.37,0
2025-03-31,Spare Parts,units,66,-6.8,0.35,0
2025-04-01,Spare Parts,units,58,-7.4,0.33,0
2025-04-02,Spare Parts,units,63,-6.8,0.32,0
2025-04-03,Spare Parts,units,63,-8.7,0.35,0
2025-04-04,Spare Parts,units,65,-7.5,0.33,0
2025-04-05,Spare Parts,units,68,-7.0,0.32,0
2025-04-06,Spare Parts,units,61,-8.9,0.4,0
2025-04-07,Spare Parts,units,61,-8.4,0.33,0
2025-04-08,Spare Parts,units,59,-7.3,0.35,0
2025-04-09,Spare Parts,units,64,-7.8,0.37,0
2025-04-10,Spare Parts,units,57,-9.6,0.32,0
2025-04-11,Spare Parts,units,57,-9.7,0.36,0
2025-04-12,Spare Parts,units,64,-9.3,0.34,0
2025-04-13,Spare Parts,units,66,-11.0,0.38,0
2025-04-14,Spare Parts,units,61,-12.8,0.38,0
2025-04-15,Spare Parts,units,60,-12.0,0.36,0
2025-04-16,Spare Parts,units,67,-10.9,0.38,0
2025-04-17,Spare Parts,units,58,-8.0,0.29,0
2025-04-18,Spare Parts,units,58,-7.8,0.34,0
2025-04-19,Spare Parts,units,57,-10.5,0.35,0
2025-04-20,Spare Parts,units,63,-7.9,0.34,0
2025-04-21,Spare Parts,units,59,-7.3,0.35,0
2025-04-22,Spare Parts,units,59,-11.3,0.36,0
2025-04-23,Spare Parts,units,58,-13.3,0.38,0
2025-04-24,Spare Parts,units,55,-14.2,0.36,0
2025-04-25,Spare Parts,units,55,-13.0,0.33,0
2025-04-26,Spare Parts,units,52,-16.9,0.39,0
2025-04-27,Spare Parts,units,53,-16.8,0.33,0
2025-04-28,Spare Parts,units,55,-15.4,0.29,0
2025-04-29,Spare Parts,units,53,-19.7,0.31,0
2025-04-30,Spare Parts,units,55,-17.9,0.38,0
2025-05-01,Spare Parts,units,53,-16.3,0.3,0
2025-05-02,Spare Parts,units,53,-17.5,0.34,0
2025-05-03,Spare Parts,units,49,-19.1,0.36,0
2025-05-04,Spare Parts,units,47,-19.9,0.28,0
2025-05-05,Spare Parts,units,47,-23.4,0.34,0
2025-05-06,Spare Parts,units,53,-22.9,0.38,0
2025-05-07,Spare Parts,units,44,-21.7,0.29,0
2025-05-08,Spare Parts,units,50,-22.8,0.37,0
2025-05-09,Spare Parts,units,49,-20.5,0.34,0
2025-05-10,Spare Parts,units,46,-19.9,0.34,0
2025-05-11,Spare Parts,units,47,-19.1,0.33,0
2025-05-12,Spare Parts,units,48,-19.5,0.33,0
2025-05-13,Spare Parts,units,43,-18.2,0.31,0
2025-05-14,Spare Parts,units,44,-16.2,0.32,0
2025-05-15,Spare Parts,units,45,-17.1,0.33,0
2025-05-16,Spare Parts,units,45,-16.1,0.31,0
2025-05-17,Spare Parts,units,41,-15.3,0.29,0
2025-05-18,Spare Parts,units,44,-15.2,0.28,0
2025-05-19,Spare Parts,units,44,-13.2,0.28,0
2025-05-20,Spare Parts,units,46,-15.2,0.31,0
2025-05-21,Spare Parts,units,43,-16.4,0.3,0
2025-05-22,Spare Parts,units,41,-18.0,0.3,0
2025-05-23,Spare Parts,units,44,-17.1,0.33,0
2025-05-24,Spare Parts,units,45,-17.9,0.31,0
2025-05-25,Spare Parts,units,37,-19.2,0.25,0
2025-05-26,Spare Parts,units,39,-16.8,0.26,0
2025-05-27,Spare Parts,units,34,-14.5,0.24,0
2025-05-28,Spare Parts,units,37,-15.9,0.26,0
2025-05-29,Spare Parts,units,44,-18.6,0.29,0
2025-05-30,Spare Parts,units,36,-16.0,0.26,0
2025-05-31,Spare Parts,units,40,-16.0,0.26,0
2025-06-01,Spare Parts,units,40,-16.0,0.29,0
2025-06-02,Spare Parts,units,36,-16.6,0.28,0
2025-06-03,Spare Parts,units,36,-18.4,0.28,0
2025-06-04,Spare Parts,units,42,-19.4,0.29,0
2025-06-05,Spare Parts,units,40,-18.6,0.28,0
2025-06-06,Spare Parts,units,43,-19.7,0.28,0
2025-06-07,Spare Parts,units,29,-19.3,0.25,0
2025-06-08,Spare Parts,units,38,-19.6,0.28,0
2025-06-09,Spare Parts,units,29,-21.4,0.26,0
2025-06-10,Spare Parts,units,35,-19.0,0.27,0
2025-06-11,Spare Parts,units,34,-18.5,0.25,0
2025-06-12,Spare Parts,units,31,-18.5,0.21,0
2025-06-13,Spare Parts,units,33,-18.2,0.25,0
2025-06-14,Spare Parts,units,33,-21.4,0.29,0
2025-06-15,Spare Parts,units,35,-22.2,0.29,0
2025-06-16,Spare Parts,units,30,-24.5,0.25,0
2025-06-17,Spare Parts,units,31,-24.0,0.27,0
2025-06-18,Spare Parts,units,35,-23.2,0.29,0
2025-06-19,Spare Parts,units,35,-22.9,0.3,0
2025-06-20,Spare Parts,units,41,-21.0,0.29,0
2025-06-21,Spare Parts,units,33,-23.5,0.27,0
2025-06-22,Spare Parts,units,34,-24.5,0.25,0
2025-06-23,Spare Parts,units,31,-23.6,0.23,0
2025-06-24,Spare Parts,units,36,-23.1,0.3,0
2025-06-25,Spare Parts,units,29,-25.0,0.27,0
2025-06-26,Spare Parts,units,31,-22.8,0.25,0
2025-06-27,Spare Parts,units,32,-20.5,0.25,0
2025-06-28,Spare Parts,units,33,-20.2,0.26,0
2025-06-29,Spare Parts,units,34,-22.9,0.29,0
2025-06-30,Spare Parts,units,30,-22.6,0.26,0
2025-07-01,Spare Parts,units,33,-22.2,0.27,0
2025-07-02,Spare Parts,units,26,-22.7,0.23,0
2025-07-03,Spare Parts,units,31,-20.7,0.26,0
2025-07-04,Spare Parts,units,25,-21.2,0.2,0
2025-07-05,Spare Parts,units,30,-18.3,0.24,0
2025-07-06,Spare Parts,units,38,-17.9,0.25,0
2025-07-07,Spare Parts,units,31,-18.2,0.25,0
2025-07-08,Spare Parts,units,29,-17.6,0.24,0
2025-07-09,Spare Parts,units,31,-16.1,0.23,0
2025-07-10,Spare Parts,units,30,-15.8,0.22,0
2025-07-11,Spare Parts,units,26,-17.0,0.22,0
2025-07-12,Spare Parts,units,24,-18.9,0.2,0
2025-07-13,Spare Parts,units,30,-21.2,0.25,0
2025-07-14,Spare Parts,units,29,-25.1,0.25,0
2025-07-15,Spare Parts,units,29,-24.6,0.25,0
2025-07-16,Spare Parts,units,32,-24.9,0.29,0
2025-07-17,Spare Parts,units,34,-25.1,0.25,0
2025-07-18,Spare Parts,units,32,-23.3,0.26,0
2025-07-19,Spare Parts,units,29,-23.4,0.21,0
2025-07-20,Spare Parts,units,30,-20.5,0.25,0
2025-07-21,Spare Parts,units,33,-21.7,0.25,0
2025-07-22,Spare Parts,units,33,-23.3,0.27,0
2025-07-23,Spare Parts,units,32,-25.1,0.25,0
2025-07-24,Spare Parts,units,29,-23.7,0.23,0
2025-07-25,Spare Parts,units,33,-21.8,0.25,0
2025-07-26,Spare Parts,units,34,-22.8,0.27,0
2025-07-27,Spare Parts,units,33,-24.4,0.28,0
2025-07-28,Spare Parts,units,39,-21.8,0.28,0
2025-07-29,Spare Parts,units,33,-24.1,0.27,0
2025-07-30,Spare Parts,units,34,-22.4,0.28,0
2025-07-31,Spare Parts,units,33,-23.2,0.26,0
2025-08-01,Spare Parts,units,31,-22.5,0.26,0
2025-08-02,Spare Parts,units,28,-20.8,0.21,0
2025-08-03,Spare Parts,units,29,-20.3,0.22,0
2025-08-04,Spare Parts,units,29,-21.0,0.25,0
2025-08-05,Spare Parts,units,28,-19.1,0.19,0
2025-08-06,Spare Parts,units,31,-19.1,0.24,0
2025-08-07,Spare Parts,units,32,-14.0,0.23,0
2025-08-08,Spare Parts,units,36,-17.7,0.27,0
2025-08-09,Spare Parts,units,29,-20.9,0.24,0
2025-08-10,Spare Parts,units,35,-19.5,0.26,0
2025-08-11,Spare Parts,units,34,-19.9,0.25,0
2025-08-12,Spare Parts,units,34,-18.9,0.24,0
2025-08-13,Spare Parts,units,33,-20.9,0.28,0
2025-08-14,Spare Parts,units,40,-20.9,0.71,1
2025-08-15,Spare Parts,units,31,-20.2,0.25,0
2025-08-16,Spare Parts,units,32,-21.2,0.25,0
2025-08-17,Spare Parts,units,35,-20.8,0.26,0
2025-08-18,Spare Parts,units,36,-22.8,0.28,0
2025-08-19,Spare Parts,units,36,-21.9,0.26,0
2025-08-20,Spare Parts,units,35,-19.5,0.29,0
2025-08-21,Spare Parts,units,37,-21.5,0.27,0
2025-08-22,Spare Parts,units,38,-23.3,0.27,0
2025-08-23,Spare Parts,units,36,-21.0,0.32,0
2025-08-24,Spare Parts,units,42,-22.8,0.31,0
2025-08-25,Spare Parts,units,38,-21.1,0.27,0
2025-08-26,Spare Parts,units,36,-20.8,0.29,0
2025-08-27,Spare Parts,units,41,-21.3,0.28,0
2025-08-28,Spare Parts,units,32,-18.8,0.23,0
2025-08-29,Spare Parts,units,35,-17.5,0.27,0
2025-08-30,Spare Parts,units,38,-17.3,0.31,0
2025-08-31,Spare Parts,units,35,-20.8,0.29,0
2025-09-01,Spare Parts,units,42,-19.5,0.32,0
2025-09-02,Spare Parts,units,42,-21.0,0.34,0
2025-09-03,Spare Parts,units,45,-20.9,0.32,0
2025-09-04,Spare Parts,units,39,-20.6,0.27,0
2025-09-05,Spare Parts,units,42,-17.4,0.28,0
2025-09-06,Spare Parts,units,45,-17.9,0.34,0
2025-09-07,Spare Parts,units,42,-20.0,0.28,0
2025-09-08,Spare Parts,units,45,-17.5,0.31,0
2025-09-09,Spare Parts,units,42,-16.4,0.29,0
2025-09-10,Spare Parts,units,47,-15.4,0.32,0
2025-09-11,Spare Parts,units,41,-13.5,0.28,0
2025-09-12,Spare Parts,units,39,-11.4,0.26,0
2025-09-13,Spare Parts,units,43,-13.6,0.33,0
2025-09-14,Spare Parts,units,44,-16.2,0.31,0
2025-09-15,Spare Parts,units,46,-15.0,0.33,0
2025-09-16,Spare Parts,units,47,-15.6,0.31,0
2025-09-17,Spare Parts,units,44,-16.0,0.33,0
2025-09-18,Spare Parts,units,43,-17.7,0.29,0
2025-09-19,Spare Parts,units,52,-16.5,0.36,0
2025-09-20,Spare Parts,units,47,-15.8,0.31,0
2025-09-21,Spare Parts,units,46,-16.0,0.33,0
2025-09-22,Spare Parts,units,49,-18.0,0.35,0
2025-09-23,Spare Parts,units,46,-15.8,0.33,0
2025-09-24,Spare Parts,units,47,-15.3,0.32,0
2025-09-25,Spare Parts,units,52,-13.5,0.33,0
2025-09-26,Spare Parts,units,47,-16.9,0.34,0
2025-09-27,Spare Parts,units,46,-16.4,0.3,0
2025-09-28,Spare Parts,units,50,-17.2,0.3,0
2025-09-29,Spare Parts,units,52,-16.7,0.3,0
2025-09-30,Spare Parts,units,56,-14.8,0.39,0
2025-10-01,Spare Parts,units,53,-14.1,0.34,0
2025-10-02,Spare Parts,units,55,-14.0,0.36,0
2025-10-03,Spare Parts,units,50,-13.9,0.31,0
2025-10-04,Spare Parts,units,55,-16.1,0.36,0
2025-10-05,Spare Parts,units,51,-17.0,0.33,0
2025-10-06,Spare Parts,units,58,-14.7,0.36,0
2025-10-07,Spare Parts,units,56,-15.1,0.32,0
2025-10-08,Spare Parts,units,56,-13.0,0.31,0
2025-10-09,Spare Parts,units,58,-11.7,0.32,0
2025-10-10,Spare Parts,units,56,-10.4,0.31,0
2025-10-11,Spare Parts,units,56,-10.1,0.36,0
2025-10-12,Spare Parts,units,55,-11.0,0.38,0
2025-10-13,Spare Parts,units,64,-11.3,0.4,0
2025-10-14,Spare Parts,units,58,-10.3,0.28,0
2025-10-15,Spare Parts,units,59,-13.6,0.4,0
2025-10-16,Spare Parts,units,62,-11.3,0.36,0
2025-10-17,Spare Parts,units,61,-12.0,0.33,0
2025-10-18,Spare Parts,units,54,-11.9,0.37,0
2025-10-19,Spare Parts,units,68,-11.8,0.39,0
2025-10-20,Spare Parts,units,61,-11.6,0.34,0
2025-10-21,Spare Parts,units,60,-13.3,0.36,0
2025-10-22,Spare Parts,units,63,-12.6,0.37,0
2025-10-23,Spare Parts,units,62,-11.2,0.38,0
2025-10-24,Spare Parts,units,63,-14.0,0.39,0
2025-10-25,Spare Parts,units,65,-15.2,0.39,0
2025-10-26,Spare Parts,units,60,-13.0,0.32,0
2025-10-27,Spare Parts,units,68,-11.3,0.38,0
2025-10-28,Spare Parts,units,69,-10.4,0.4,0
2025-10-29,Spare Parts,units,62,-11.2,0.35,0
2025-10-30,Spare Parts,units,69,-9.7,0.39,0
2025-10-31,Spare Parts,units,65,-11.2,0.38,0
2025-11-01,Spare Parts,units,67,-10.9,0.41,0
2025-11-02,Spare Parts,units,70,-12.4,0.42,0
2025-11-03,Spare Parts,units,72,-11.9,0.44,0
2025-11-04,Spare Parts,units,71,-12.8,0.41,0
2025-11-05,Spare Parts,units,66,-10.8,0.42,0
2025-11-06,Spare Parts,units,71,-9.6,0.39,0
2025-11-07,Spare Parts,units,73,-10.1,0.39,0
2025-11-08,Spare Parts,units,69,-7.9,0.41,0
2025-11-09,Spare Parts,units,70,-9.2,0.38,0
2025-11-10,Spare Parts,units,72,-8.8,0.37,0
2025-11-11,Spare Parts,units,75,-9.3,0.39,0
2025-11-12,Spare Parts,units,72,-7.7,0.38,0
2025-11-13,Spare Parts,units,75,-6.5,0.39,0
2025-11-14,Spare Parts,units,71,-4.4,0.37,0
2025-11-15,Spare Parts,units,76,-4.5,0.4,0
2025-11-16,Spare Parts,units,70,-9.1,0.39,0
2025-11-17,Spare Parts,units,77,-9.1,0.45,0
2025-11-18,Spare Parts,units,79,-6.2,0.43,0
2025-11-19,Spare Parts,units,76,-6.5,0.38,0
2025-11-20,Spare Parts,units,79,-9.1,0.41,0
2025-11-21,Spare Parts,units,78,-7.8,0.41,0
2025-11-22,Spare Parts,units,74,-6.5,0.34,0
2025-11-23,Spare Parts,units,75,-7.3,0.4,0
2025-11-24,Spare Parts,units,78,-7.2,0.7,1
2025-11-25,Spare Parts,units,79,-8.0,0.47,0
2025-11-26,Spare Parts,units,77,-6.6,0.43,0
2025-11-27,Spare Parts,units,76,-6.1,0.39,0
2025-11-28,Spare Parts,units,72,-7.5,0.41,0
2025-11-29,Spare Parts,units,86,-7.0,0.44,0
2025-11-30,Spare Parts,units,86,-7.5,0.47,0
2025-12-01,Spare Parts,units,79,-4.7,0.35,0
2025-12-02,Spare Parts,units,77,-3.2,0.37,0
2025-12-03,Spare Parts,units,87,-3.3,0.43,0
2025-12-04,Spare Parts,units,76,-3.2,0.37,0
2025-12-05,Spare Parts,units,86,-1.6,0.44,0
2025-12-06,Spare Parts,units,85,-2.1,0.42,0
2025-12-07,Spare Parts,units,82,-1.0,0.4,0
2025-12-08,Spare Parts,units,88,1.0,0.41,0
2025-12-09,Spare Parts,units,82,-0.3,0.38,0
2025-12-10,Spare Parts,units,87,1.9,0.42,0
2025-12-11,Spare Parts,units,84,3.3,0.43,0
2025-12-12,Spare Parts,units,81,2.8,0.33,0
2025-12-13,Spare Parts,units,91,1.4,0.39,0
2025-12-14,Spare Parts,units,83,1.2,0.38,0
2025-12-15,Spare Parts,units,85,0.4,0.42,0
2025-12-16,Spare Parts,units,89,-1.1,0.43,0
2025-12-17,Spare Parts,units,90,-0.4,0.39,0
2025-12-18,Spare Parts,units,83,-2.2,0.39,0
2025-12-19,Spare Parts,units,91,-2.6,0.46,0
2025-12-20,Spare Parts,units,87,-2.9,0.41,0
2025-12-21,Spare Parts,units,87,-4.8,0.44,0
2025-12-22,Spare Parts,units,87,-3.3,0.41,0
2025-12-23,Spare Parts,units,88,-3.4,0.44,0
2025-12-24,Spare Parts,units,83,-1.1,0.41,0
2025-12-25,Spare Parts,units,89,-1.5,0.35,0
2025-12-26,Spare Parts,units,89,-2.1,0.47,0
2025-12-27,Spare Parts,units,87,-3.3,0.47,0
2025-12-28,Spare Parts,units,89,-2.9,0.38,0
2025-12-29,Spare Parts,units,88,-2.6,0.42,0
2025-12-30,Spare Parts,units,89,-1.3,0.38,0
2025-12-31,Spare Parts,units,90,-1.1,0.37,0
