voyage_id,leg_id,mode,depart_date,planned_days,cargo_t,vessel_age_yr,crew_experience_yr,temp_c,wind_kts,wave_m,sea_ice_conc,visibility_km,blizzard,delay_days,actual_days,delayed,incident
V02431,R005,FIELD,2021-01-01,3,48.9,16.4,13.6,-1.3,22.1,0.0,0.506,12.8,0,0.57,3.57,1,0
V01218,R001,VOYAGE,2021-01-02,2,27.6,21.5,2.5,30.6,14.1,1.55,0.0,16.2,0,0.0,2.0,0,0
V02330,R002,VOYAGE,2021-01-03,19,36.9,13.8,7.9,30.7,10.2,1.61,0.0,16.7,0,0.0,19.0,0,0
V02909,R001,VOYAGE,2021-01-04,2,26.1,22.7,6.2,31.6,13.3,2.23,0.0,18.8,0,0.0,2.0,0,0
V01358,R002,VOYAGE,2021-01-05,18,52.9,13.1,8.8,32.2,16.7,1.89,0.0,14.3,0,1.1,19.1,0,0
V01476,R001,VOYAGE,2021-01-05,2,37.7,12.4,3.2,32.2,16.7,1.89,0.0,14.3,0,0.0,2.0,0,0
V02763,R002,VOYAGE,2021-01-07,19,35.0,15.0,14.6,32.5,5.0,1.35,0.0,17.0,0,0.0,19.0,0,0
V01178,R001,VOYAGE,2021-01-08,2,53.0,10.2,7.5,31.6,6.7,1.35,0.0,18.2,0,0.0,2.0,0,0
V00249,R001,VOYAGE,2021-01-08,2,70.8,15.4,5.6,31.6,6.7,1.35,0.0,18.2,0,0.0,2.0,0,0
V02040,R002,VOYAGE,2021-01-08,18,41.4,20.1,10.1,31.6,6.7,1.35,0.0,18.2,0,0.0,18.0,0,0
V00130,R001,VOYAGE,2021-01-09,2,11.0,25.7,9.4,34.0,6.5,0.85,0.0,20.0,0,0.0,2.0,0,0
V03083,R002,VOYAGE,2021-01-09,17,29.1,14.1,11.3,34.0,6.5,0.85,0.0,20.0,0,0.0,17.0,0,0
V01224,R001,VOYAGE,2021-01-10,2,38.7,11.1,12.6,31.8,7.4,1.06,0.0,19.6,0,0.0,2.0,0,0
V00997,R001,VOYAGE,2021-01-11,2,20.2,7.1,4.5,31.3,5.2,1.14,0.0,17.9,0,0.0,2.0,0,0
V01275,R001,VOYAGE,2021-01-11,2,28.2,8.3,15.0,31.3,5.2,1.14,0.0,17.9,0,0.0,2.0,0,0
V00467,R002,VOYAGE,2021-01-11,18,43.3,8.0,9.6,31.3,5.2,1.14,0.0,17.9,0,0.0,18.0,0,0
V02245,R001,VOYAGE,2021-01-13,2,56.4,23.3,0.5,31.2,12.8,1.53,0.0,17.0,0,0.0,2.0,0,0
V00693,R001,VOYAGE,2021-01-13,2,44.0,26.5,4.6,31.2,12.8,1.53,0.0,17.0,0,0.0,2.0,0,0
V00631,R001,VOYAGE,2021-01-15,2,14.6,15.9,10.4,30.3,17.1,2.1,0.0,16.1,0,0.0,2.0,0,0
V00499,R001,VOYAGE,2021-01-19,2,50.5,14.3,12.0,25.9,11.6,1.46,0.0,17.8,0,0.0,2.0,0,0
V01307,R001,VOYAGE,2021-01-19,2,59.7,19.3,6.6,25.9,11.6,1.46,0.0,17.8,0,0.0,2.0,0,0
V00452,R002,VOYAGE,2021-01-19,19,34.0,7.3,13.8,25.9,11.6,1.46,0.0,17.8,0,0.0,19.0,0,0
V01570,R001,VOYAGE,2021-01-20,2,40.4,12.9,4.1,23.7,15.0,1.04,0.0,13.6,0,0.0,2.0,0,0
V00984,R001,VOYAGE,2021-01-21,2,29.9,9.3,8.2,24.6,14.5,0.6,0.0,16.6,0,0.0,2.0,0,0
V03138,R001,VOYAGE,2021-01-21,2,46.0,25.2,11.6,24.6,14.5,0.6,0.0,16.6,0,0.0,2.0,0,0
V02967,R002,VOYAGE,2021-01-24,19,47.3,6.9,4.1,28.2,15.8,0.2,0.0,18.8,0,0.0,19.0,0,0
V02898,R001,VOYAGE,2021-01-25,2,36.5,14.5,0.5,25.3,14.8,0.22,0.0,15.5,0,0.0,2.0,0,0
V02740,R002,VOYAGE,2021-01-26,18,32.2,8.8,4.1,23.7,13.0,0.59,0.0,15.2,0,0.0,18.0,0,0
V00470,R001,VOYAGE,2021-01-29,2,34.0,18.0,3.4,27.2,15.1,0.83,0.0,15.1,0,0.0,2.0,0,0
V00114,R005,FIELD,2021-01-30,3,48.7,12.3,6.7,-4.8,26.3,0.0,0.43,11.6,0,0.57,3.57,1,0
V01421,R002,VOYAGE,2021-01-31,19,34.7,27.3,4.9,26.8,17.3,1.49,0.0,15.2,0,0.0,19.0,0,0
V02872,R002,VOYAGE,2021-02-01,18,21.3,16.6,5.7,26.1,24.4,1.59,0.0,10.8,0,0.0,18.0,0,0
V02160,R001,VOYAGE,2021-02-01,2,26.8,10.7,15.8,26.1,24.4,1.59,0.0,10.8,0,0.0,2.0,0,0
V00506,R001,VOYAGE,2021-02-02,2,31.0,12.1,8.2,27.3,21.2,1.42,0.0,14.9,0,0.06,2.06,0,0
V02195,R002,VOYAGE,2021-02-03,17,56.2,11.3,0.8,27.6,18.2,1.69,0.0,14.3,0,0.0,17.0,0,0
V00175,R005,FIELD,2021-02-03,3,29.9,11.8,12.1,-3.9,18.4,0.0,0.466,16.4,0,0.0,3.0,0,0
V02303,R001,VOYAGE,2021-02-04,2,69.3,31.7,5.6,27.0,14.5,1.61,0.0,18.2,0,0.0,2.0,0,0
V02240,R001,VOYAGE,2021-02-05,2,23.3,4.1,5.4,25.6,16.5,1.15,0.0,14.5,0,0.0,2.0,0,0
V02290,R002,VOYAGE,2021-02-06,17,25.4,11.3,4.7,26.4,20.1,1.62,0.0,16.0,0,0.0,17.0,0,0
V01346,R005,FIELD,2021-02-08,3,21.8,10.9,0.5,4.0,28.8,0.0,0.487,13.0,0,0.59,3.59,1,0
V01689,R004,AIR,2021-02-10,2,51.2,12.3,3.0,7.4,11.7,2.14,0.134,14.1,0,0.19,2.19,0,0
V02135,R001,VOYAGE,2021-02-11,2,37.2,15.8,5.3,32.5,16.7,1.92,0.0,14.0,0,0.07,2.07,0,0
V00862,R002,VOYAGE,2021-02-12,17,42.2,9.3,5.9,31.7,18.1,1.82,0.0,15.3,0,0.0,17.0,0,0
V02659,R001,VOYAGE,2021-02-13,2,51.0,13.1,0.5,28.2,15.0,1.84,0.0,15.5,0,0.0,2.0,0,0
V01236,R004,AIR,2021-02-15,2,35.3,9.3,11.6,5.9,12.9,1.23,0.231,17.5,0,0.0,2.0,0,0
V01908,R001,VOYAGE,2021-02-16,2,27.9,15.6,5.4,27.2,16.1,1.95,0.0,15.6,0,0.0,2.0,0,0
V01676,R001,VOYAGE,2021-02-16,2,38.4,9.9,10.7,27.2,16.1,1.95,0.0,15.6,0,0.0,2.0,0,0
V01438,R002,VOYAGE,2021-02-17,17,2.6,13.0,14.0,26.3,18.8,1.78,0.0,15.0,0,0.0,17.0,0,0
V01512,R002,VOYAGE,2021-02-20,17,30.4,9.7,15.4,23.5,19.6,0.83,0.0,14.3,0,0.0,17.0,0,0
V01516,R001,VOYAGE,2021-02-20,2,44.2,12.3,7.1,23.5,19.6,0.83,0.0,14.3,0,0.0,2.0,0,0
V02410,R001,VOYAGE,2021-02-23,2,23.8,16.1,2.6,22.9,14.6,1.39,0.0,16.4,0,0.04,2.04,0,0
V00930,R002,VOYAGE,2021-02-24,20,8.8,13.1,11.6,22.4,13.3,1.82,0.0,13.5,0,0.0,20.0,0,0
V02133,R001,VOYAGE,2021-02-25,2,55.7,14.9,4.5,24.0,11.6,1.04,0.0,15.6,0,0.09,2.09,0,0
V00085,R002,VOYAGE,2021-02-26,19,41.3,17.5,7.9,24.2,9.6,1.23,0.0,16.9,0,0.0,19.0,0,0
V00754,R002,VOYAGE,2021-02-26,19,16.3,21.8,13.8,24.2,9.6,1.23,0.0,16.9,0,0.0,19.0,0,0
V00956,R003,VOYAGE,2021-02-27,13,56.6,15.1,6.4,5.5,20.2,1.59,0.17,13.6,0,0.0,13.0,0,0
V00168,R005,FIELD,2021-02-27,3,29.4,20.2,6.5,-2.0,26.9,0.0,0.547,12.3,0,1.08,4.08,1,0
V02495,R002,VOYAGE,2021-03-02,19,46.3,19.9,7.7,25.7,15.6,0.9,0.0,15.9,0,0.3,19.3,0,0
V01898,R002,VOYAGE,2021-03-04,17,40.7,10.7,5.0,27.8,8.7,0.42,0.0,17.5,0,0.0,17.0,0,0
V00308,R001,VOYAGE,2021-03-04,2,31.0,19.9,12.5,27.8,8.7,0.42,0.0,17.5,0,0.0,2.0,0,0
V00821,R002,VOYAGE,2021-03-04,17,29.2,17.6,5.9,27.8,8.7,0.42,0.0,17.5,0,0.0,17.0,0,0
V01141,R002,VOYAGE,2021-03-04,18,54.4,10.3,6.3,27.8,8.7,0.42,0.0,17.5,0,0.0,18.0,0,0
V02337,R001,VOYAGE,2021-03-06,2,29.0,6.4,4.1,27.7,12.7,0.34,0.0,16.2,0,0.0,2.0,0,0
V01982,R001,VOYAGE,2021-03-07,2,55.7,19.4,9.8,26.5,15.4,0.85,0.0,14.3,0,0.0,2.0,0,0
V00747,R001,VOYAGE,2021-03-07,2,35.8,15.8,7.1,26.5,15.4,0.85,0.0,14.3,0,0.03,2.03,0,0
V01772,R001,VOYAGE,2021-03-09,2,57.5,12.4,5.6,26.8,16.1,1.08,0.0,11.7,0,0.0,2.0,0,0
V01327,R001,VOYAGE,2021-03-11,2,22.9,16.0,11.6,28.2,17.1,0.2,0.0,17.4,0,0.0,2.0,0,0
V03035,R002,VOYAGE,2021-03-11,17,39.0,22.6,6.3,28.2,17.1,0.2,0.0,17.4,0,0.0,17.0,0,0
V01993,R002,VOYAGE,2021-03-11,17,47.3,23.1,10.3,28.2,17.1,0.2,0.0,17.4,0,0.0,17.0,0,0
V02524,R001,VOYAGE,2021-03-12,2,67.3,6.9,12.8,28.4,15.9,0.25,0.0,16.8,0,0.0,2.0,0,0
V02095,R001,VOYAGE,2021-03-13,2,74.3,16.6,7.3,28.3,11.0,0.2,0.0,18.9,0,0.0,2.0,0,0
V01003,R001,VOYAGE,2021-03-13,2,66.3,20.0,0.5,28.3,11.0,0.2,0.0,18.9,0,0.0,2.0,0,0
V02708,R001,VOYAGE,2021-03-14,2,9.0,17.1,5.5,29.2,7.3,0.2,0.0,20.0,0,0.0,2.0,0,0
V00169,R001,VOYAGE,2021-03-15,2,32.2,20.2,15.3,30.3,5.0,0.2,0.0,19.6,0,0.0,2.0,0,0
V01924,R002,VOYAGE,2021-03-15,20,28.3,19.5,5.1,30.3,5.0,0.2,0.0,19.6,0,0.0,20.0,0,0
V01828,R001,VOYAGE,2021-03-15,2,40.2,19.3,3.9,30.3,5.0,0.2,0.0,19.6,0,0.0,2.0,0,0
V01742,R001,VOYAGE,2021-03-16,2,41.6,11.7,10.0,31.2,8.1,0.2,0.0,17.0,0,0.0,2.0,0,0
V00477,R002,VOYAGE,2021-03-20,19,4.1,17.4,9.3,31.8,12.3,1.02,0.0,20.3,0,0.0,19.0,0,0
V02012,R002,VOYAGE,2021-03-20,19,23.3,9.3,6.5,31.8,12.3,1.02,0.0,20.3,0,0.0,19.0,0,0
V00510,R002,VOYAGE,2021-03-21,18,42.8,12.6,6.0,31.5,14.8,1.14,0.0,15.3,0,0.0,18.0,0,0
V02715,R004,AIR,2021-03-22,2,2.0,16.0,8.0,4.8,29.7,2.41,0.288,10.3,0,0.0,2.0,0,0
V02098,R001,VOYAGE,2021-03-23,2,27.4,20.4,5.0,29.4,15.3,0.99,0.0,15.5,0,0.0,2.0,0,0
V01951,R001,VOYAGE,2021-03-24,2,54.5,10.4,8.2,30.1,12.7,0.95,0.0,18.4,0,0.0,2.0,0,0
V00751,R001,VOYAGE,2021-03-26,2,37.4,18.6,4.2,32.2,10.6,0.82,0.0,15.5,0,0.04,2.04,0,0
V00605,R002,VOYAGE,2021-03-28,18,55.6,10.0,4.8,30.1,9.7,0.73,0.0,15.7,0,0.0,18.0,0,0
V03157,R005,FIELD,2021-03-28,3,34.5,13.8,2.8,-6.7,21.7,0.0,0.729,16.0,0,0.0,3.0,0,0
V01038,R002,VOYAGE,2021-03-29,19,46.4,19.0,15.2,28.8,8.7,0.93,0.0,15.7,0,0.0,19.0,0,0
V01545,R001,VOYAGE,2021-03-31,2,37.9,7.9,17.0,29.1,12.0,0.24,0.0,16.4,0,0.0,2.0,0,0
V01377,R002,VOYAGE,2021-04-01,19,32.5,22.3,13.3,28.0,13.9,0.96,0.0,16.2,0,0.0,19.0,0,0
V00941,R004,AIR,2021-04-01,2,31.8,3.5,2.2,7.6,35.6,3.29,0.278,10.3,0,0.27,2.27,1,0
V02480,R001,VOYAGE,2021-04-03,2,16.9,1.0,13.0,24.4,15.7,0.2,0.0,12.8,0,0.0,2.0,0,0
V01543,R002,VOYAGE,2021-04-03,18,43.5,19.0,7.5,24.4,15.7,0.2,0.0,12.8,0,0.0,18.0,0,0
V02596,R004,AIR,2021-04-03,2,28.1,14.4,8.3,5.2,32.5,3.37,0.189,7.9,0,0.0,2.0,0,0
V01005,R005,FIELD,2021-04-04,3,17.2,18.6,6.2,-7.7,22.4,0.0,0.748,14.3,0,0.36,3.36,1,0
V00094,R002,VOYAGE,2021-04-04,17,39.5,14.2,13.9,22.1,14.0,0.62,0.0,18.0,0,0.28,17.28,0,0
V00748,R001,VOYAGE,2021-04-04,2,57.5,4.0,7.2,22.1,14.0,0.62,0.0,18.0,0,0.02,2.02,0,0
V02648,R001,VOYAGE,2021-04-05,2,30.2,10.7,8.2,23.7,13.7,0.63,0.0,15.6,0,0.0,2.0,0,0
V01949,R001,VOYAGE,2021-04-07,2,49.5,8.4,8.8,27.4,3.6,0.2,0.0,19.9,0,0.0,2.0,0,0
V02295,R002,VOYAGE,2021-04-07,19,68.7,13.5,6.9,27.4,3.6,0.2,0.0,19.9,0,0.0,19.0,0,0
V02852,R001,VOYAGE,2021-04-10,2,28.3,15.4,15.3,25.1,2.7,0.2,0.0,16.1,0,0.0,2.0,0,0
V00600,R003,VOYAGE,2021-04-10,12,55.7,16.0,9.3,2.2,38.7,3.67,0.226,8.3,0,1.36,13.36,1,0
V02882,R001,VOYAGE,2021-04-11,2,15.4,27.2,6.2,27.2,2.0,0.24,0.0,19.5,0,0.0,2.0,0,0
V01000,R001,VOYAGE,2021-04-12,2,23.8,7.2,17.1,26.6,2.0,0.2,0.0,19.7,0,0.0,2.0,0,0
V00578,R002,VOYAGE,2021-04-15,17,40.3,9.6,12.2,26.5,11.7,0.66,0.0,16.2,0,0.0,17.0,0,0
V00760,R002,VOYAGE,2021-04-15,19,47.8,21.1,7.5,26.5,11.7,0.66,0.0,16.2,0,0.0,19.0,0,0
V02420,R002,VOYAGE,2021-04-15,19,48.6,19.5,9.5,26.5,11.7,0.66,0.0,16.2,0,0.98,19.98,0,0
V00909,R002,VOYAGE,2021-04-18,18,52.0,17.3,10.5,25.0,6.4,0.2,0.0,17.4,0,0.0,18.0,0,0
V02325,R002,VOYAGE,2021-04-20,17,37.6,9.5,3.3,24.2,10.7,0.88,0.0,16.3,0,0.0,17.0,0,0
V02415,R003,VOYAGE,2021-04-21,12,40.9,23.0,11.2,-0.9,28.2,2.36,0.323,12.1,0,0.0,12.0,0,0
V03030,R003,VOYAGE,2021-04-22,11,50.2,8.5,7.8,2.1,31.5,3.13,0.329,12.2,0,5.92,16.92,1,0
V01793,R001,VOYAGE,2021-04-23,2,37.3,3.7,4.6,23.3,10.0,1.11,0.0,17.3,0,0.0,2.0,0,0
V01099,R004,AIR,2021-05-01,2,63.2,6.8,8.1,-0.4,30.7,3.72,0.454,11.9,0,1.31,3.31,1,0
V00848,R002,VOYAGE,2021-05-02,19,59.2,13.4,11.3,28.4,11.0,0.2,0.0,16.6,0,0.2,19.2,0,0
V02839,R002,VOYAGE,2021-05-03,17,21.3,8.3,5.8,25.9,12.3,0.2,0.0,15.5,0,0.0,17.0,0,0
V01220,R003,VOYAGE,2021-05-04,13,28.2,13.1,9.2,-2.2,25.1,3.54,0.543,12.1,0,0.0,13.0,0,0
V02147,R002,VOYAGE,2021-05-05,18,30.9,5.6,10.8,27.0,18.6,0.2,0.0,12.0,0,0.95,18.95,0,0
V02776,R002,VOYAGE,2021-05-07,18,56.0,17.0,14.4,26.4,21.5,1.2,0.0,13.6,0,0.0,18.0,0,0
V03103,R003,VOYAGE,2021-05-08,12,44.2,4.7,4.9,-5.0,29.2,3.42,0.628,11.8,0,10.3,22.3,1,0
V02782,R003,VOYAGE,2021-05-10,12,39.5,21.5,7.5,-2.2,30.9,3.68,0.624,9.4,0,9.21,21.21,1,1
V01666,R004,AIR,2021-05-10,2,37.0,15.8,7.4,-2.2,30.9,3.68,0.624,9.4,0,0.73,2.73,1,0
V02779,R001,VOYAGE,2021-05-12,2,56.1,14.7,2.9,23.3,12.2,0.31,0.0,18.2,0,0.0,2.0,0,0
V02999,R005,FIELD,2021-05-12,3,15.2,6.0,7.8,-18.7,39.3,0.0,0.775,0.1,1,0.75,3.75,1,0
V01480,R001,VOYAGE,2021-05-14,2,51.2,4.2,12.4,19.9,11.2,0.41,0.0,17.9,0,0.0,2.0,0,0
V02607,R001,VOYAGE,2021-05-15,2,13.7,11.7,10.2,22.6,11.0,0.45,0.0,17.2,0,0.0,2.0,0,0
V00287,R002,VOYAGE,2021-05-17,17,39.2,11.3,5.2,23.7,4.1,0.24,0.0,18.7,0,0.0,17.0,0,0
V01919,R002,VOYAGE,2021-05-19,17,42.6,27.0,9.3,23.5,11.2,0.52,0.0,16.7,0,0.0,17.0,0,0
V03119,R002,VOYAGE,2021-05-19,20,25.2,24.9,9.2,23.5,11.2,0.52,0.0,16.7,0,0.0,20.0,0,0
V03108,R002,VOYAGE,2021-05-19,18,37.5,2.2,0.5,23.5,11.2,0.52,0.0,16.7,0,0.26,18.26,0,0
V03005,R001,VOYAGE,2021-05-19,2,58.7,8.0,9.0,23.5,11.2,0.52,0.0,16.7,0,0.0,2.0,0,0
V02353,R001,VOYAGE,2021-05-19,2,22.1,12.4,9.8,23.5,11.2,0.52,0.0,16.7,0,0.01,2.01,0,0
V00471,R004,AIR,2021-05-19,2,63.3,25.7,2.0,-1.2,28.1,2.57,0.567,11.6,0,1.1,3.1,1,0
V02340,R001,VOYAGE,2021-05-22,2,19.6,17.8,3.7,24.4,28.4,1.6,0.0,10.0,0,0.0,2.0,0,0
V01654,R001,VOYAGE,2021-05-23,2,37.2,4.7,8.1,26.7,22.9,1.5,0.0,13.6,0,0.0,2.0,0,0
V01456,R002,VOYAGE,2021-05-24,17,40.2,18.4,8.8,25.8,14.1,1.08,0.0,16.9,0,0.19,17.19,0,0
V00933,R002,VOYAGE,2021-05-25,19,20.2,9.3,6.4,26.7,15.3,1.03,0.0,17.1,0,0.41,19.41,0,0
V01834,R002,VOYAGE,2021-05-26,19,17.8,19.7,9.7,24.1,12.4,1.24,0.0,15.4,0,0.0,19.0,0,0
V00133,R001,VOYAGE,2021-05-26,2,14.2,14.8,10.1,24.1,12.4,1.24,0.0,15.4,0,0.02,2.02,0,0
V00355,R001,VOYAGE,2021-05-27,2,21.3,10.0,11.4,23.8,11.4,1.1,0.0,16.8,0,0.0,2.0,0,0
V02598,R005,FIELD,2021-05-27,3,24.9,15.1,9.5,-17.1,20.6,0.0,1.0,17.8,0,0.51,3.51,1,0
V02754,R002,VOYAGE,2021-05-27,17,40.0,8.6,13.6,23.8,11.4,1.1,0.0,16.8,0,0.0,17.0,0,0
V01573,R001,VOYAGE,2021-05-27,2,22.6,17.8,6.7,23.8,11.4,1.1,0.0,16.8,0,0.0,2.0,0,0
V01163,R002,VOYAGE,2021-05-28,18,36.7,21.4,10.0,21.4,9.8,0.92,0.0,17.5,0,0.0,18.0,0,0
V01776,R001,VOYAGE,2021-05-28,2,38.9,21.2,12.2,21.4,9.8,0.92,0.0,17.5,0,0.0,2.0,0,0
V01549,R002,VOYAGE,2021-05-29,17,16.1,11.2,4.7,20.2,10.2,1.01,0.0,19.5,0,0.4,17.4,0,0
V01227,R003,VOYAGE,2021-05-29,12,58.8,1.0,13.8,1.1,22.0,2.0,0.574,15.1,0,0.0,12.0,0,0
V00021,R002,VOYAGE,2021-05-30,17,42.2,9.7,11.9,22.1,14.8,1.88,0.0,13.6,0,1.22,18.22,0,0
V01530,R004,AIR,2021-06-01,2,26.1,19.3,12.2,0.3,18.7,2.81,0.704,12.4,0,1.61,3.61,1,0
V02346,R001,VOYAGE,2021-06-01,2,7.6,15.8,9.5,22.1,15.0,1.58,0.0,20.0,0,0.0,2.0,0,0
V03135,R002,VOYAGE,2021-06-06,20,37.6,9.0,16.4,20.0,14.7,1.74,0.0,16.3,0,0.0,20.0,0,0
V01853,R001,VOYAGE,2021-06-06,2,44.5,14.2,1.4,20.0,14.7,1.74,0.0,16.3,0,0.0,2.0,0,0
V03196,R002,VOYAGE,2021-06-11,19,58.2,7.4,12.9,22.4,9.3,0.73,0.0,14.8,0,0.37,19.37,0,0
V02851,R002,VOYAGE,2021-06-12,19,51.3,15.2,3.6,22.2,7.7,0.79,0.0,15.9,0,0.0,19.0,0,0
V02968,R001,VOYAGE,2021-06-14,2,45.0,10.3,1.6,21.6,13.5,0.64,0.0,15.1,0,0.03,2.03,0,0
V02071,R001,VOYAGE,2021-06-14,2,20.7,5.6,8.3,21.6,13.5,0.64,0.0,15.1,0,0.0,2.0,0,0
V03061,R001,VOYAGE,2021-06-14,2,45.1,13.5,1.6,21.6,13.5,0.64,0.0,15.1,0,0.0,2.0,0,0
V00664,R001,VOYAGE,2021-06-18,2,33.9,31.2,5.8,23.1,18.4,1.34,0.0,14.6,0,0.05,2.05,0,0
V00332,R002,VOYAGE,2021-06-24,20,38.7,20.1,17.6,26.0,10.4,1.13,0.0,16.6,0,0.0,20.0,0,0
V01577,R001,VOYAGE,2021-06-27,2,38.8,26.0,8.3,25.7,15.5,1.52,0.0,14.6,0,0.0,2.0,0,0
V02347,R002,VOYAGE,2021-06-28,18,28.4,6.8,8.8,25.7,16.1,1.68,0.0,17.5,0,0.33,18.33,0,0
V01122,R003,VOYAGE,2021-07-01,12,26.2,20.7,1.9,5.9,28.1,2.71,0.69,13.5,0,5.2,17.2,1,0
V02611,R001,VOYAGE,2021-07-02,2,47.6,12.7,12.7,25.6,21.3,1.79,0.0,10.8,0,0.08,2.08,0,0
V01451,R001,VOYAGE,2021-07-02,2,45.8,9.0,11.6,25.6,21.3,1.79,0.0,10.8,0,0.0,2.0,0,0
V01143,R005,FIELD,2021-07-05,3,44.6,17.1,6.2,-25.0,22.4,0.0,0.964,12.3,0,1.03,4.03,1,0
V02153,R001,VOYAGE,2021-07-05,2,36.2,22.5,7.9,25.8,23.1,2.13,0.0,12.4,0,0.21,2.21,1,0
V02263,R004,AIR,2021-07-06,2,35.9,12.0,8.9,-1.8,39.8,3.34,0.695,0.1,1,0.57,2.57,1,0
V00528,R003,VOYAGE,2021-07-09,13,28.7,14.8,7.4,-3.1,26.8,2.39,0.659,11.0,0,9.07,22.07,1,1
V02945,R005,FIELD,2021-07-11,3,22.3,19.3,13.1,-19.1,38.3,0.0,0.995,0.1,1,1.69,4.69,1,0
V00092,R003,VOYAGE,2021-07-12,12,29.4,16.0,4.2,-1.6,25.8,1.98,0.615,14.5,0,6.01,18.01,1,0
V01956,R002,VOYAGE,2021-07-13,18,32.3,17.2,6.6,22.9,21.6,1.98,0.0,14.3,0,0.0,18.0,0,0
V02176,R001,VOYAGE,2021-07-15,2,37.4,1.9,8.0,25.6,20.6,2.16,0.0,15.9,0,0.0,2.0,0,0
V01814,R004,AIR,2021-07-15,2,24.2,15.2,9.0,1.0,27.1,3.34,0.552,13.3,0,0.37,2.37,1,0
V02565,R001,VOYAGE,2021-07-16,2,32.6,12.8,13.2,21.7,16.7,1.86,0.0,15.3,0,0.0,2.0,0,0
V02663,R001,VOYAGE,2021-07-17,2,27.8,23.3,8.2,21.9,18.9,1.6,0.0,11.2,0,0.0,2.0,0,0
V02060,R002,VOYAGE,2021-07-17,18,36.9,25.5,13.8,21.9,18.9,1.6,0.0,11.2,0,0.0,18.0,0,0
V02057,R001,VOYAGE,2021-07-18,2,62.2,12.9,21.2,26.2,17.0,1.54,0.0,13.6,0,0.0,2.0,0,0
V02974,R002,VOYAGE,2021-07-19,18,49.2,33.2,5.7,27.1,16.9,1.49,0.0,16.4,0,0.0,18.0,0,0
V01309,R001,VOYAGE,2021-07-20,2,31.8,21.6,6.2,25.4,16.1,0.97,0.0,13.2,0,0.0,2.0,0,0
V02434,R001,VOYAGE,2021-07-21,2,32.2,4.6,4.3,26.0,17.3,0.58,0.0,14.7,0,0.02,2.02,0,0
V00534,R001,VOYAGE,2021-07-22,2,12.5,8.6,11.0,24.5,22.2,1.21,0.0,14.3,0,0.0,2.0,0,0
V02249,R001,VOYAGE,2021-07-24,2,51.8,12.4,8.6,22.0,23.1,0.76,0.0,12.7,0,0.0,2.0,0,0
V00839,R001,VOYAGE,2021-07-26,2,49.9,15.6,15.2,19.7,14.6,1.03,0.0,15.8,0,0.0,2.0,0,0
V00595,R002,VOYAGE,2021-07-28,17,68.9,12.1,15.5,19.4,8.0,0.9,0.0,17.5,0,0.4,17.4,0,0
V01892,R001,VOYAGE,2021-07-28,2,2.0,5.8,16.2,19.4,8.0,0.9,0.0,17.5,0,0.01,2.01,0,0
V02545,R002,VOYAGE,2021-07-28,19,23.5,13.7,1.5,19.4,8.0,0.9,0.0,17.5,0,0.0,19.0,0,0
V02589,R005,FIELD,2021-07-28,3,33.6,15.8,5.8,-28.1,39.6,0.0,1.0,0.9,1,1.22,4.22,1,0
V00546,R001,VOYAGE,2021-07-29,2,31.1,16.8,13.1,19.4,6.1,0.68,0.0,19.9,0,0.01,2.01,0,0
V00706,R002,VOYAGE,2021-07-29,19,72.5,9.7,10.6,19.4,6.1,0.68,0.0,19.9,0,0.0,19.0,0,0
V01775,R002,VOYAGE,2021-07-30,17,40.6,21.6,8.0,20.6,6.3,0.78,0.0,17.0,0,0.0,17.0,0,0
V01733,R001,VOYAGE,2021-07-31,2,47.1,13.3,5.5,19.2,11.1,1.31,0.0,17.1,0,0.0,2.0,0,0
V01980,R004,AIR,2021-07-31,2,38.0,18.7,5.6,-3.5,28.9,2.44,0.547,10.8,0,0.33,2.33,1,0
V00365,R001,VOYAGE,2021-08-01,2,15.6,11.5,7.2,21.0,7.0,0.91,0.0,18.7,0,0.0,2.0,0,0
V01532,R001,VOYAGE,2021-08-02,2,52.3,22.3,3.4,19.6,8.5,1.35,0.0,17.0,0,0.06,2.06,0,0
V00655,R002,VOYAGE,2021-08-02,19,31.9,14.0,10.2,19.6,8.5,1.35,0.0,17.0,0,0.0,19.0,0,0
V01783,R002,VOYAGE,2021-08-03,20,43.4,6.8,10.1,22.7,7.8,0.89,0.0,19.1,0,0.1,20.1,0,0
V01591,R001,VOYAGE,2021-08-04,2,49.4,11.7,9.9,20.3,7.9,1.02,0.0,18.0,0,0.0,2.0,0,0
V00656,R002,VOYAGE,2021-08-05,19,28.0,20.5,6.5,19.1,12.7,1.59,0.0,17.6,0,0.0,19.0,0,0
V02894,R001,VOYAGE,2021-08-05,2,34.7,20.4,4.0,19.1,12.7,1.59,0.0,17.6,0,0.0,2.0,0,0
V00910,R004,AIR,2021-08-06,2,43.9,16.1,10.8,-4.1,20.4,1.64,0.453,15.4,0,0.51,2.51,1,0
V00419,R003,VOYAGE,2021-08-07,11,29.8,7.1,13.8,-4.8,22.2,2.0,0.522,15.4,0,0.64,11.64,0,0
V00204,R005,FIELD,2021-08-07,3,52.2,13.4,11.9,-21.0,29.5,0.0,0.947,11.0,0,1.58,4.58,1,0
V01233,R002,VOYAGE,2021-08-08,17,66.4,14.5,13.8,24.0,18.8,2.15,0.0,13.8,0,0.0,17.0,0,0
V01922,R001,VOYAGE,2021-08-10,2,27.7,6.8,6.7,24.7,15.1,0.99,0.0,17.6,0,0.0,2.0,0,0
V00478,R001,VOYAGE,2021-08-11,2,52.1,11.3,9.3,23.0,16.0,1.35,0.0,16.5,0,0.0,2.0,0,0
V01786,R001,VOYAGE,2021-08-11,2,30.9,9.4,14.8,23.0,16.0,1.35,0.0,16.5,0,0.0,2.0,0,0
V00445,R002,VOYAGE,2021-08-14,18,45.1,17.6,8.0,19.3,13.4,0.98,0.0,12.7,0,0.0,18.0,0,0
V02820,R005,FIELD,2021-08-17,3,62.4,3.2,9.3,-20.6,40.7,0.0,0.98,8.3,0,0.93,3.93,1,0
V02036,R002,VOYAGE,2021-08-18,17,34.0,22.1,8.9,19.2,24.2,2.92,0.0,13.4,0,0.0,17.0,0,0
V00619,R002,VOYAGE,2021-08-19,20,38.8,2.2,5.4,20.3,21.9,2.71,0.0,9.3,0,0.0,20.0,0,0
V00070,R001,VOYAGE,2021-08-21,2,47.7,8.7,15.4,22.9,13.6,1.92,0.0,16.7,0,0.0,2.0,0,0
V02062,R005,FIELD,2021-08-21,3,39.3,2.3,10.8,-17.6,27.7,0.0,1.0,11.9,0,0.0,3.0,0,0
V01832,R001,VOYAGE,2021-08-22,2,19.7,11.5,7.0,23.5,15.0,1.21,0.0,16.5,0,0.0,2.0,0,0
V02843,R004,AIR,2021-08-22,2,49.9,12.8,9.8,-0.1,22.9,1.52,0.557,14.5,0,0.17,2.17,0,0
V02009,R002,VOYAGE,2021-08-22,19,55.0,15.0,3.2,23.5,15.0,1.21,0.0,16.5,0,0.85,19.85,0,0
V02943,R003,VOYAGE,2021-08-23,13,49.7,19.8,5.3,-1.6,20.6,1.46,0.576,13.3,0,6.13,19.13,1,0
V02152,R003,VOYAGE,2021-08-24,12,71.0,8.6,10.0,0.6,21.4,2.42,0.518,12.1,0,2.89,14.89,1,0
V00232,R002,VOYAGE,2021-08-25,18,29.9,21.6,11.3,24.2,13.8,0.24,0.0,15.9,0,0.0,18.0,0,0
V00284,R003,VOYAGE,2021-08-26,13,34.0,3.4,7.0,1.4,27.2,2.64,0.513,13.4,0,0.0,13.0,0,0
V00804,R004,AIR,2021-08-27,2,59.4,20.5,1.7,1.6,25.9,2.51,0.556,14.1,0,0.27,2.27,1,0
V03123,R001,VOYAGE,2021-08-28,2,31.0,9.2,14.5,22.3,4.6,0.9,0.0,16.8,0,0.0,2.0,0,0
V01492,R004,AIR,2021-08-29,2,30.0,10.6,8.6,2.0,28.0,3.34,0.6,14.0,0,5.33,7.33,1,0
V02166,R001,VOYAGE,2021-08-31,2,35.8,4.6,6.2,18.6,4.4,1.08,0.0,21.0,0,0.0,2.0,0,0
V02818,R002,VOYAGE,2021-08-31,19,49.9,6.9,14.7,18.6,4.4,1.08,0.0,21.0,0,0.0,19.0,0,0
V00674,R003,VOYAGE,2021-08-31,12,30.3,5.9,8.5,-0.3,24.5,2.47,0.535,12.4,0,2.81,14.81,1,0
V00597,R001,VOYAGE,2021-09-03,2,45.9,17.0,11.8,17.9,7.2,1.17,0.0,17.2,0,0.0,2.0,0,0
V02406,R001,VOYAGE,2021-09-04,2,15.1,9.1,9.0,16.5,3.8,0.84,0.0,16.2,0,0.0,2.0,0,0
V02379,R002,VOYAGE,2021-09-07,19,25.6,14.3,12.9,19.5,21.5,0.71,0.0,13.2,0,0.41,19.41,0,0
V01554,R001,VOYAGE,2021-09-08,2,56.2,11.4,14.0,20.8,16.3,0.67,0.0,15.3,0,0.0,2.0,0,0
V00291,R001,VOYAGE,2021-09-09,2,31.9,8.3,11.8,22.3,14.9,0.28,0.0,16.2,0,0.02,2.02,0,0
V02107,R004,AIR,2021-09-09,2,25.8,14.1,8.3,-3.6,29.3,1.89,0.396,13.1,0,0.12,2.12,0,0
V02865,R002,VOYAGE,2021-09-10,17,39.7,16.7,9.1,23.7,16.1,0.54,0.0,14.4,0,0.0,17.0,0,0
V03143,R003,VOYAGE,2021-09-10,11,61.3,10.4,7.2,-3.4,27.5,2.01,0.418,15.4,0,6.14,17.14,1,0
V02693,R001,VOYAGE,2021-09-11,2,70.0,12.4,14.4,21.6,22.2,1.04,0.0,11.0,0,0.0,2.0,0,1
V00504,R001,VOYAGE,2021-09-12,2,57.3,5.1,4.6,21.7,17.6,0.2,0.0,13.9,0,0.08,2.08,0,0
V02532,R001,VOYAGE,2021-09-12,2,30.0,16.6,14.7,21.7,17.6,0.2,0.0,13.9,0,0.0,2.0,0,0
V02618,R001,VOYAGE,2021-09-13,2,28.6,5.4,9.4,19.7,16.4,0.2,0.0,14.3,0,0.02,2.02,0,0
V00235,R001,VOYAGE,2021-09-14,2,57.0,12.7,6.8,24.2,19.0,0.59,0.0,13.5,0,0.0,2.0,0,0
V01622,R002,VOYAGE,2021-09-14,18,20.4,7.1,8.7,24.2,19.0,0.59,0.0,13.5,0,0.0,18.0,0,0
V00388,R001,VOYAGE,2021-09-15,2,33.4,19.6,9.7,21.9,20.0,0.97,0.0,15.9,0,0.0,2.0,0,0
V03048,R001,VOYAGE,2021-09-15,2,18.2,6.2,8.8,21.9,20.0,0.97,0.0,15.9,0,0.03,2.03,0,0
V01012,R005,FIELD,2021-09-16,3,41.4,19.6,8.9,-14.3,25.2,0.0,0.845,14.5,0,0.14,3.14,0,0
V02185,R001,VOYAGE,2021-09-17,2,66.1,5.5,5.4,19.9,17.0,0.77,0.0,15.7,0,0.1,2.1,0,0
V00026,R001,VOYAGE,2021-09-18,2,45.1,14.3,3.8,18.4,11.7,1.01,0.0,16.9,0,0.0,2.0,0,0
V02700,R002,VOYAGE,2021-09-25,19,45.6,14.7,14.2,20.6,17.3,1.69,0.0,11.2,0,0.0,19.0,0,0
V01632,R002,VOYAGE,2021-09-26,18,35.6,15.8,6.2,20.4,18.2,1.74,0.0,15.5,0,0.46,18.46,0,0
V01801,R002,VOYAGE,2021-09-26,19,31.9,15.9,0.5,20.4,18.2,1.74,0.0,15.5,0,0.0,19.0,0,0
V02737,R001,VOYAGE,2021-09-27,2,35.8,14.0,10.7,21.5,17.9,1.97,0.0,15.6,0,0.02,2.02,0,0
V00525,R001,VOYAGE,2021-09-27,2,36.1,14.0,10.8,21.5,17.9,1.97,0.0,15.6,0,0.0,2.0,0,0
V00243,R001,VOYAGE,2021-09-27,2,45.6,4.6,11.7,21.5,17.9,1.97,0.0,15.6,0,0.0,2.0,0,0
V00028,R001,VOYAGE,2021-09-28,2,5.9,14.6,5.5,22.7,17.4,1.89,0.0,15.8,0,0.0,2.0,0,0
V01051,R002,VOYAGE,2021-09-29,19,22.5,9.4,11.2,23.6,14.4,1.94,0.0,15.2,0,0.0,19.0,0,0
V00457,R002,VOYAGE,2021-09-29,19,38.5,19.4,7.1,23.6,14.4,1.94,0.0,15.2,0,0.0,19.0,0,0
V01276,R005,FIELD,2021-09-30,3,44.8,14.4,4.9,-13.6,41.5,0.0,0.686,0.1,1,2.23,5.23,1,0
V02261,R002,VOYAGE,2021-10-01,18,48.0,6.0,9.3,22.1,15.1,1.71,0.0,15.1,0,0.77,18.77,0,0
V01189,R004,AIR,2021-10-01,2,57.4,9.9,6.0,-2.7,29.5,2.32,0.541,9.9,0,0.64,2.64,1,0
V02026,R002,VOYAGE,2021-10-04,17,34.1,17.4,9.4,25.5,26.6,2.23,0.0,15.1,0,0.0,17.0,0,0
V02567,R002,VOYAGE,2021-10-06,19,22.7,6.1,7.0,24.5,16.9,0.89,0.0,14.3,0,0.0,19.0,0,0
V03164,R001,VOYAGE,2021-10-09,2,14.4,23.7,0.5,20.9,21.6,1.31,0.0,14.6,0,0.0,2.0,0,0
V02888,R001,VOYAGE,2021-10-10,2,22.4,10.5,5.8,22.8,14.3,1.52,0.0,16.7,0,0.0,2.0,0,0
V02336,R002,VOYAGE,2021-10-10,17,9.6,13.6,11.8,22.8,14.3,1.52,0.0,16.7,0,0.0,17.0,0,0
V02080,R001,VOYAGE,2021-10-12,2,39.4,16.1,5.0,25.8,18.8,1.08,0.0,15.2,0,0.0,2.0,0,0
V02266,R004,AIR,2021-10-13,2,38.6,11.3,7.6,1.0,29.3,2.24,0.448,11.4,0,0.78,2.78,1,0
V02339,R002,VOYAGE,2021-10-14,17,65.6,10.5,9.8,26.7,12.5,1.13,0.0,16.2,0,0.0,17.0,0,0
V02561,R002,VOYAGE,2021-10-15,18,34.8,8.8,11.3,28.5,13.7,1.39,0.0,14.7,0,0.0,18.0,0,0
V00199,R001,VOYAGE,2021-10-18,2,48.9,17.3,1.5,30.4,12.8,1.74,0.0,15.5,0,0.0,2.0,0,0
V01824,R002,VOYAGE,2021-10-18,19,38.8,13.8,11.8,30.4,12.8,1.74,0.0,15.5,0,0.0,19.0,0,0
V01262,R001,VOYAGE,2021-10-19,2,30.9,15.4,5.5,30.0,12.1,1.51,0.0,14.5,0,0.04,2.04,0,0
V00796,R005,FIELD,2021-10-19,3,59.2,20.8,5.6,-8.1,19.2,0.0,0.812,16.3,0,1.79,4.79,1,0
V02830,R001,VOYAGE,2021-10-20,2,27.9,23.0,1.1,29.0,13.0,1.52,0.0,18.7,0,0.0,2.0,0,0
V02942,R001,VOYAGE,2021-10-20,2,50.9,12.5,7.8,29.0,13.0,1.52,0.0,18.7,0,0.0,2.0,0,0
V01296,R002,VOYAGE,2021-10-22,19,39.0,5.3,3.0,28.3,8.6,1.31,0.0,17.3,0,0.0,19.0,0,0
V00817,R001,VOYAGE,2021-10-22,2,33.4,17.7,14.7,28.3,8.6,1.31,0.0,17.3,0,0.0,2.0,0,0
V02327,R002,VOYAGE,2021-10-23,18,43.6,17.4,5.3,29.9,8.6,1.53,0.0,18.7,0,0.0,18.0,0,0
V00011,R002,VOYAGE,2021-10-24,18,50.9,13.4,3.3,29.3,10.1,1.7,0.0,17.9,0,0.57,18.57,0,0
V00648,R001,VOYAGE,2021-10-25,2,33.9,16.2,9.5,30.9,11.7,1.68,0.0,17.1,0,0.03,2.03,0,0
V01047,R001,VOYAGE,2021-10-26,2,28.8,14.9,4.9,27.3,10.7,1.24,0.0,18.0,0,0.01,2.01,0,0
V01406,R001,VOYAGE,2021-10-26,2,32.2,13.2,2.2,27.3,10.7,1.24,0.0,18.0,0,0.0,2.0,0,0
V00440,R001,VOYAGE,2021-10-28,2,40.3,12.3,14.9,27.0,7.5,1.05,0.0,18.9,0,0.0,2.0,0,0
V02272,R001,VOYAGE,2021-10-29,2,21.8,19.8,3.0,25.9,14.7,1.46,0.0,17.0,0,0.0,2.0,0,0
V02334,R002,VOYAGE,2021-10-31,18,25.7,12.0,3.6,29.1,12.9,1.78,0.0,16.1,0,0.0,18.0,0,0
V02194,R005,FIELD,2021-11-01,3,46.8,14.8,7.0,-7.9,26.1,0.0,0.732,15.7,0,0.0,3.0,0,0
V00141,R005,FIELD,2021-11-01,3,20.3,13.4,5.9,-7.9,26.1,0.0,0.732,15.7,0,0.0,3.0,0,0
V00702,R005,FIELD,2021-11-02,3,69.9,10.3,11.7,-8.5,25.0,0.0,0.646,10.3,0,0.0,3.0,0,1
V01630,R003,VOYAGE,2021-11-02,12,13.4,9.4,4.7,4.9,35.8,2.86,0.305,9.6,0,3.12,15.12,1,0
V02701,R004,AIR,2021-11-03,2,51.4,18.9,0.5,4.4,37.7,3.33,0.308,7.1,0,1.17,3.17,1,0
V00247,R002,VOYAGE,2021-11-03,18,36.8,22.5,2.5,24.9,8.5,1.73,0.0,18.2,0,0.0,18.0,0,0
V01165,R003,VOYAGE,2021-11-04,12,49.9,16.5,9.9,3.9,38.6,3.44,0.395,0.7,1,2.37,14.37,1,1
V00548,R002,VOYAGE,2021-11-04,20,37.1,8.7,11.1,24.1,8.1,2.41,0.0,18.4,0,0.0,20.0,0,0
V02106,R004,AIR,2021-11-04,2,36.8,19.2,2.8,3.9,38.6,3.44,0.395,0.7,1,0.91,2.91,1,1
V01937,R005,FIELD,2021-11-04,3,73.1,10.3,5.4,-8.9,25.0,0.0,0.588,15.4,0,0.0,3.0,0,0
V00350,R005,FIELD,2021-11-04,3,18.8,16.8,10.6,-8.9,25.0,0.0,0.588,15.4,0,0.0,3.0,0,0
V01286,R004,AIR,2021-11-04,2,54.7,19.6,9.2,3.9,38.6,3.44,0.395,0.7,1,0.62,2.62,1,1
V00227,R002,VOYAGE,2021-11-04,17,26.4,7.5,8.5,24.1,8.1,2.41,0.0,18.4,0,0.0,17.0,0,0
V02233,R001,VOYAGE,2021-11-04,2,48.0,19.9,9.4,24.1,8.1,2.41,0.0,18.4,0,0.04,2.04,0,0
V01533,R003,VOYAGE,2021-11-05,13,30.3,12.6,14.7,3.6,37.8,3.56,0.308,9.7,0,2.93,15.93,1,0
V01667,R005,FIELD,2021-11-05,3,12.2,16.9,7.8,-8.8,21.7,0.0,0.702,13.9,0,0.0,3.0,0,0
V00178,R005,FIELD,2021-11-05,3,34.8,12.1,10.0,-8.8,21.7,0.0,0.702,13.9,0,0.67,3.67,1,0
V02006,R003,VOYAGE,2021-11-05,12,33.5,7.8,11.0,3.6,37.8,3.56,0.308,9.7,0,3.53,15.53,1,0
V03121,R005,FIELD,2021-11-05,3,50.8,8.2,4.0,-8.8,21.7,0.0,0.702,13.9,0,0.64,3.64,1,0
V00310,R003,VOYAGE,2021-11-05,12,38.9,14.6,9.2,3.6,37.8,3.56,0.308,9.7,0,5.32,17.32,1,0
V02622,R005,FIELD,2021-11-06,3,52.7,5.8,3.9,-8.1,23.2,0.0,0.728,16.4,0,0.0,3.0,0,0
V02727,R004,AIR,2021-11-07,2,24.6,18.4,6.2,3.5,33.9,3.72,0.249,11.1,0,0.38,2.38,1,0
V01665,R002,VOYAGE,2021-11-07,17,45.7,13.0,11.9,24.3,21.7,2.13,0.0,13.4,0,0.0,17.0,0,0
V02908,R003,VOYAGE,2021-11-07,13,21.6,11.7,11.9,3.5,33.9,3.72,0.249,11.1,0,2.92,15.92,1,0
V02221,R003,VOYAGE,2021-11-08,13,39.9,19.9,8.0,2.6,32.5,3.11,0.334,8.9,0,10.46,23.46,1,0
V02588,R003,VOYAGE,2021-11-08,13,24.3,21.3,4.6,2.6,32.5,3.11,0.334,8.9,0,3.36,16.36,1,0
V02439,R004,AIR,2021-11-08,2,29.9,16.8,9.4,2.6,32.5,3.11,0.334,8.9,0,0.0,2.0,0,0
V00870,R002,VOYAGE,2021-11-09,18,21.1,13.2,10.6,28.8,24.7,2.1,0.0,10.9,0,0.0,18.0,0,0
V03049,R003,VOYAGE,2021-11-09,13,41.1,18.5,5.2,3.9,30.5,2.4,0.392,11.9,0,7.61,20.61,1,0
V00800,R002,VOYAGE,2021-11-09,18,33.8,6.0,2.4,28.8,24.7,2.1,0.0,10.9,0,0.0,18.0,0,0
V00330,R003,VOYAGE,2021-11-10,12,10.5,6.6,1.4,5.1,39.5,3.54,0.423,0.3,1,8.48,20.48,1,0
V02127,R001,VOYAGE,2021-11-10,2,70.0,14.3,14.5,29.3,29.3,2.59,0.0,10.8,0,0.0,2.0,0,0
V01208,R003,VOYAGE,2021-11-10,12,21.1,17.2,9.5,5.1,39.5,3.54,0.423,0.3,1,5.14,17.14,1,0
V02533,R003,VOYAGE,2021-11-11,12,39.9,3.8,11.2,7.5,31.9,3.73,0.368,12.8,0,1.97,13.97,1,0
V01054,R005,FIELD,2021-11-12,3,38.2,1.7,9.2,-8.8,18.1,0.0,0.568,13.4,0,0.0,3.0,0,0
V01097,R003,VOYAGE,2021-11-12,11,22.4,10.2,18.7,6.1,34.5,3.34,0.322,11.4,0,0.0,11.0,0,0
V00292,R002,VOYAGE,2021-11-12,19,41.9,23.7,1.3,27.8,29.3,2.94,0.0,13.7,0,4.96,23.96,1,0
V02748,R003,VOYAGE,2021-11-13,12,34.0,18.5,8.8,6.7,30.1,2.78,0.274,12.3,0,5.99,17.99,1,0
V01201,R003,VOYAGE,2021-11-13,11,58.3,20.3,9.5,6.7,30.1,2.78,0.274,12.3,0,4.82,15.82,1,1
V02049,R001,VOYAGE,2021-11-14,2,34.9,6.5,9.4,25.2,24.3,2.23,0.0,9.3,0,0.0,2.0,0,0
V01198,R005,FIELD,2021-11-14,3,15.5,12.9,4.7,-8.8,13.8,0.0,0.528,17.0,0,0.0,3.0,0,0
V02681,R005,FIELD,2021-11-14,3,61.3,10.5,2.9,-8.8,13.8,0.0,0.528,17.0,0,0.0,3.0,0,0
V01947,R001,VOYAGE,2021-11-15,2,43.6,14.6,11.1,24.0,20.2,2.91,0.0,15.3,0,0.0,2.0,0,0
V01091,R004,AIR,2021-11-15,2,30.0,26.6,5.2,4.7,38.6,3.52,0.285,9.2,0,0.62,2.62,1,0
V00946,R005,FIELD,2021-11-15,3,48.7,12.9,4.7,-10.7,12.6,0.0,0.494,17.2,0,0.0,3.0,0,0
V00065,R004,AIR,2021-11-16,2,25.5,23.3,13.5,2.4,33.2,2.71,0.263,9.3,0,0.49,2.49,1,0
V01994,R003,VOYAGE,2021-11-16,12,42.3,1.0,8.1,2.4,33.2,2.71,0.263,9.3,0,2.07,14.07,1,0
V00210,R004,AIR,2021-11-16,2,58.0,14.6,5.3,2.4,33.2,2.71,0.263,9.3,0,0.59,2.59,1,0
V02165,R001,VOYAGE,2021-11-17,2,9.0,18.5,7.5,22.6,17.1,2.15,0.0,15.9,0,0.02,2.02,0,0
V01180,R002,VOYAGE,2021-11-17,18,32.8,17.3,10.9,22.6,17.1,2.15,0.0,15.9,0,0.62,18.62,0,0
V02665,R005,FIELD,2021-11-18,3,35.1,1.0,1.0,-9.0,17.3,0.0,0.518,17.2,0,0.0,3.0,0,0
V02953,R005,FIELD,2021-11-18,3,37.9,9.8,7.0,-9.0,17.3,0.0,0.518,17.2,0,0.34,3.34,1,0
V02759,R002,VOYAGE,2021-11-18,17,12.2,18.1,8.9,21.0,19.4,1.87,0.0,14.5,0,0.0,17.0,0,0
V01606,R003,VOYAGE,2021-11-18,13,35.4,14.5,10.5,2.1,28.9,2.76,0.269,13.6,0,3.85,16.85,1,0
V01027,R004,AIR,2021-11-18,2,36.5,13.7,5.6,2.1,28.9,2.76,0.269,13.6,0,0.39,2.39,1,0
V01395,R004,AIR,2021-11-19,2,49.4,16.1,7.9,1.5,25.3,2.67,0.19,11.5,0,0.0,2.0,0,0
V02161,R004,AIR,2021-11-19,2,17.9,16.2,8.9,1.5,25.3,2.67,0.19,11.5,0,0.34,2.34,1,0
V03098,R004,AIR,2021-11-19,2,41.8,11.4,6.4,1.5,25.3,2.67,0.19,11.5,0,0.0,2.0,0,0
V01074,R005,FIELD,2021-11-20,3,45.8,9.5,5.5,-4.4,23.0,0.0,0.554,12.7,0,0.61,3.61,1,0
V00815,R001,VOYAGE,2021-11-20,2,34.6,8.7,11.9,23.5,21.4,1.93,0.0,13.8,0,0.0,2.0,0,0
V00086,R005,FIELD,2021-11-20,3,14.0,18.7,9.6,-4.4,23.0,0.0,0.554,12.7,0,0.0,3.0,0,0
V02243,R003,VOYAGE,2021-11-21,12,59.6,10.9,7.9,0.6,26.2,2.7,0.139,13.0,0,7.39,19.39,1,0
V01929,R003,VOYAGE,2021-11-21,13,44.6,13.1,7.9,0.6,26.2,2.7,0.139,13.0,0,1.87,14.87,1,0
V01702,R003,VOYAGE,2021-11-21,12,27.8,1.4,3.8,0.6,26.2,2.7,0.139,13.0,0,0.0,12.0,0,0
V02823,R002,VOYAGE,2021-11-21,17,38.7,15.8,11.1,26.6,22.9,1.82,0.0,13.5,0,0.0,17.0,0,0
V02800,R001,VOYAGE,2021-11-21,2,43.7,20.8,1.3,26.6,22.9,1.82,0.0,13.5,0,0.0,2.0,0,0
V01954,R004,AIR,2021-11-21,2,64.2,18.3,2.9,0.6,26.2,2.7,0.139,13.0,0,0.45,2.45,1,0
V00614,R001,VOYAGE,2021-11-22,2,39.0,21.0,5.3,25.8,28.1,2.11,0.0,14.2,0,0.0,2.0,0,0
V00810,R003,VOYAGE,2021-11-22,13,27.0,5.2,4.4,2.3,28.4,2.94,0.127,13.4,0,2.25,15.25,1,0
V01871,R005,FIELD,2021-11-22,3,2.0,22.4,10.3,-4.6,17.8,0.0,0.564,18.1,0,0.19,3.19,0,0
V00606,R002,VOYAGE,2021-11-22,19,27.4,22.8,2.7,25.8,28.1,2.11,0.0,14.2,0,2.68,21.68,1,0
V01025,R004,AIR,2021-11-23,2,68.8,17.0,10.3,1.2,23.2,2.07,0.103,11.0,0,0.35,2.35,1,0
V00226,R005,FIELD,2021-11-23,3,54.0,3.9,5.3,-5.8,19.1,0.0,0.541,15.6,0,0.0,3.0,0,0
V01273,R003,VOYAGE,2021-11-23,13,11.7,4.6,4.6,1.2,23.2,2.07,0.103,11.0,0,0.0,13.0,0,0
V00150,R004,AIR,2021-11-24,2,62.2,11.5,4.8,1.6,17.0,1.52,0.08,11.9,0,0.32,2.32,1,0
V01431,R003,VOYAGE,2021-11-24,12,31.1,12.8,7.2,1.6,17.0,1.52,0.08,11.9,0,0.0,12.0,0,0
V01979,R005,FIELD,2021-11-24,3,40.6,10.4,6.1,-4.4,18.8,0.0,0.536,14.1,0,0.71,3.71,1,0
V00299,R003,VOYAGE,2021-11-25,13,39.2,5.0,9.6,1.5,17.4,1.68,0.093,15.2,0,0.33,13.33,0,0
V00367,R005,FIELD,2021-11-26,3,29.4,12.5,9.2,-4.1,11.2,0.0,0.559,17.6,0,0.0,3.0,0,0
V01698,R005,FIELD,2021-11-26,3,51.2,16.6,6.4,-4.1,11.2,0.0,0.559,17.6,0,0.0,3.0,0,0
V02580,R004,AIR,2021-11-26,2,23.2,9.1,12.4,3.2,12.9,0.72,0.105,12.6,0,0.0,2.0,0,0
V01509,R003,VOYAGE,2021-11-26,13,46.2,4.1,8.7,3.2,12.9,0.72,0.105,12.6,0,0.0,13.0,0,0
V01223,R004,AIR,2021-11-26,2,65.0,18.5,8.6,3.2,12.9,0.72,0.105,12.6,0,0.0,2.0,0,0
V02087,R003,VOYAGE,2021-11-27,12,35.7,24.0,7.6,4.7,20.2,1.2,0.097,14.6,0,2.52,14.52,1,0
V01017,R001,VOYAGE,2021-11-28,2,47.5,22.8,8.1,29.6,17.8,1.5,0.0,16.7,0,0.0,2.0,0,0
V01304,R004,AIR,2021-11-29,2,62.6,20.7,3.0,3.9,13.2,1.0,0.078,18.2,0,0.0,2.0,0,0
V01818,R003,VOYAGE,2021-11-29,12,48.5,10.7,0.5,3.9,13.2,1.0,0.078,18.2,0,0.0,12.0,0,0
V02013,R004,AIR,2021-11-30,2,51.3,7.7,7.6,3.2,16.4,1.13,0.108,14.5,0,0.0,2.0,0,0
V01168,R003,VOYAGE,2021-11-30,11,37.7,12.9,15.5,3.2,16.4,1.13,0.108,14.5,0,0.65,11.65,0,0
V00581,R001,VOYAGE,2021-11-30,2,39.3,8.4,7.2,28.2,16.0,1.21,0.0,16.6,0,0.0,2.0,0,0
V01797,R002,VOYAGE,2021-12-01,19,65.6,1.0,4.9,26.1,12.0,1.29,0.0,15.2,0,0.93,19.93,0,0
V00665,R003,VOYAGE,2021-12-01,13,47.9,25.3,5.6,3.8,15.6,0.91,0.099,15.9,0,0.0,13.0,0,0
V02629,R004,AIR,2021-12-02,2,33.1,1.0,1.0,2.5,11.5,0.27,0.079,17.7,0,0.0,2.0,0,0
V00129,R001,VOYAGE,2021-12-02,2,70.9,13.2,8.5,25.2,12.3,1.02,0.0,14.8,0,0.0,2.0,0,0
V02315,R005,FIELD,2021-12-02,3,32.5,9.2,16.7,-4.3,20.1,0.0,0.675,13.7,0,0.0,3.0,0,0
V01565,R003,VOYAGE,2021-12-03,13,28.9,15.1,1.2,3.5,20.9,1.09,0.049,12.4,0,0.0,13.0,0,0
V00450,R003,VOYAGE,2021-12-03,11,46.5,18.8,9.2,3.5,20.9,1.09,0.049,12.4,0,0.63,11.63,0,0
V00152,R002,VOYAGE,2021-12-03,17,60.1,19.4,5.9,24.7,8.0,0.66,0.0,20.7,0,0.49,17.49,0,0
V01682,R003,VOYAGE,2021-12-04,12,21.6,9.7,3.0,7.5,17.9,1.06,0.043,16.4,0,0.0,12.0,0,0
V02118,R003,VOYAGE,2021-12-04,12,55.8,8.6,7.9,7.5,17.9,1.06,0.043,16.4,0,1.16,13.16,0,0
V01138,R003,VOYAGE,2021-12-04,12,31.8,10.7,6.5,7.5,17.9,1.06,0.043,16.4,0,0.0,12.0,0,0
V03009,R003,VOYAGE,2021-12-04,13,33.2,14.1,11.0,7.5,17.9,1.06,0.043,16.4,0,0.0,13.0,0,0
V00991,R001,VOYAGE,2021-12-04,2,67.7,8.2,8.2,23.5,6.4,0.31,0.0,16.8,0,0.03,2.03,0,0
V01428,R001,VOYAGE,2021-12-04,2,43.7,26.4,14.4,23.5,6.4,0.31,0.0,16.8,0,0.0,2.0,0,0
V01029,R005,FIELD,2021-12-05,3,34.9,6.7,2.4,-4.1,18.1,0.0,0.637,15.4,0,0.12,3.12,0,0
V00891,R003,VOYAGE,2021-12-05,13,58.0,18.9,9.6,7.4,18.2,0.79,0.122,15.3,0,0.0,13.0,0,0
V01140,R002,VOYAGE,2021-12-07,19,30.6,17.4,7.9,25.9,15.6,1.76,0.0,15.0,0,0.0,19.0,0,0
V00483,R004,AIR,2021-12-07,2,37.7,23.2,16.8,5.8,21.9,1.36,0.067,14.1,0,0.0,2.0,0,0
V00898,R003,VOYAGE,2021-12-08,12,53.6,8.6,19.9,3.5,24.0,1.49,0.104,13.1,0,0.0,12.0,0,0
V01090,R001,VOYAGE,2021-12-08,2,35.9,2.8,7.5,26.7,7.0,1.71,0.0,18.0,0,0.0,2.0,0,0
V03093,R002,VOYAGE,2021-12-08,19,24.9,20.4,8.3,26.7,7.0,1.71,0.0,18.0,0,0.4,19.4,0,0
V01448,R004,AIR,2021-12-08,2,14.1,10.3,9.9,3.5,24.0,1.49,0.104,13.1,0,0.0,2.0,0,0
V01452,R004,AIR,2021-12-08,2,53.6,9.8,6.2,3.5,24.0,1.49,0.104,13.1,0,0.0,2.0,0,1
V01711,R005,FIELD,2021-12-09,3,33.4,9.9,4.8,-1.9,11.8,0.0,0.562,17.0,0,0.0,3.0,0,0
V00877,R003,VOYAGE,2021-12-09,13,35.0,12.8,2.9,6.0,21.1,0.75,0.083,15.3,0,0.0,13.0,0,0
V01837,R004,AIR,2021-12-09,2,26.5,18.3,0.8,6.0,21.1,0.75,0.083,15.3,0,0.18,2.18,0,0
V02778,R004,AIR,2021-12-10,2,39.2,23.8,5.0,6.4,20.5,1.26,0.093,13.7,0,0.0,2.0,0,0
V00379,R005,FIELD,2021-12-10,3,60.6,21.0,7.2,-3.7,10.9,0.0,0.515,15.7,0,0.0,3.0,0,0
V01483,R001,VOYAGE,2021-12-10,2,45.9,2.8,5.0,25.3,9.9,1.77,0.0,17.2,0,0.0,2.0,0,0
V01397,R002,VOYAGE,2021-12-11,19,57.5,16.6,5.5,24.7,11.9,1.47,0.0,15.0,0,0.0,19.0,0,0
V02458,R002,VOYAGE,2021-12-12,18,45.1,21.6,8.5,26.1,17.9,1.49,0.0,14.4,0,0.0,18.0,0,0
V02581,R004,AIR,2021-12-12,2,21.5,23.3,4.1,3.2,23.6,1.43,0.118,12.5,0,0.07,2.07,0,0
V00267,R004,AIR,2021-12-12,2,53.3,6.0,3.8,3.2,23.6,1.43,0.118,12.5,0,0.19,2.19,0,0
V00613,R005,FIELD,2021-12-12,3,50.2,13.2,13.0,1.2,17.2,0.0,0.542,14.0,0,0.25,3.25,0,1
V02635,R004,AIR,2021-12-13,2,44.4,18.8,6.4,3.6,19.5,1.13,0.089,13.1,0,0.34,2.34,1,0
V01526,R003,VOYAGE,2021-12-13,13,25.9,25.7,8.4,3.6,19.5,1.13,0.089,13.1,0,0.0,13.0,0,0
V01353,R005,FIELD,2021-12-13,3,16.1,15.4,4.9,2.1,18.4,0.0,0.577,16.2,0,0.0,3.0,0,0
V01200,R003,VOYAGE,2021-12-14,12,38.3,14.8,3.2,5.3,27.5,1.6,0.142,12.6,0,0.0,12.0,0,0
V01808,R002,VOYAGE,2021-12-14,19,54.5,7.7,6.6,27.4,8.1,0.37,0.0,18.1,0,0.7,19.7,0,0
V00203,R002,VOYAGE,2021-12-14,18,48.5,6.8,5.7,27.4,8.1,0.37,0.0,18.1,0,0.0,18.0,0,0
V02367,R003,VOYAGE,2021-12-15,11,41.2,27.5,11.2,3.6,24.3,2.05,0.092,11.8,0,0.0,11.0,0,0
V02866,R002,VOYAGE,2021-12-16,19,50.7,23.2,6.4,26.3,5.6,0.2,0.0,19.7,0,0.0,19.0,0,0
V02267,R002,VOYAGE,2021-12-16,19,41.8,1.5,13.0,26.3,5.6,0.2,0.0,19.7,0,0.0,19.0,0,0
V01364,R005,FIELD,2021-12-16,3,21.9,6.8,11.3,3.6,14.6,0.0,0.496,16.6,0,0.0,3.0,0,0
V00010,R005,FIELD,2021-12-16,3,20.0,13.2,10.2,3.6,14.6,0.0,0.496,16.6,0,0.12,3.12,0,0
V03092,R005,FIELD,2021-12-17,3,37.2,14.4,10.9,1.8,19.8,0.0,0.438,13.1,0,0.0,3.0,0,0
V00759,R004,AIR,2021-12-17,2,60.0,5.9,0.5,5.4,20.1,2.53,0.131,15.3,0,0.0,2.0,0,0
V01759,R001,VOYAGE,2021-12-17,2,44.3,11.2,9.2,24.8,12.1,0.58,0.0,16.6,0,0.0,2.0,0,0
V01760,R005,FIELD,2021-12-18,3,22.7,19.3,8.8,1.3,20.7,0.0,0.49,15.4,0,0.37,3.37,1,0
V01146,R004,AIR,2021-12-18,2,17.4,7.5,2.2,4.1,16.1,2.38,0.13,14.4,0,0.0,2.0,0,0
V02521,R005,FIELD,2021-12-19,3,35.7,18.6,6.1,-0.8,19.0,0.0,0.427,15.6,0,0.0,3.0,0,0
V01068,R003,VOYAGE,2021-12-19,13,22.4,13.7,10.8,3.6,14.2,2.35,0.213,16.4,0,0.0,13.0,0,0
V01902,R004,AIR,2021-12-19,2,36.0,12.4,10.1,3.6,14.2,2.35,0.213,16.4,0,0.16,2.16,0,0
V03006,R001,VOYAGE,2021-12-19,2,65.4,9.1,10.3,27.4,16.5,1.22,0.0,16.5,0,0.0,2.0,0,0
V00579,R004,AIR,2021-12-20,2,43.4,10.0,1.9,6.6,12.2,1.52,0.186,15.4,0,0.15,2.15,0,0
V03017,R004,AIR,2021-12-20,2,49.7,26.1,8.0,6.6,12.2,1.52,0.186,15.4,0,0.55,2.55,1,0
V02373,R003,VOYAGE,2021-12-20,12,34.1,19.4,2.7,6.6,12.2,1.52,0.186,15.4,0,1.48,13.48,1,0
V00363,R002,VOYAGE,2021-12-20,19,11.2,11.2,3.2,28.0,14.0,1.31,0.0,15.8,0,0.51,19.51,0,0
V02726,R003,VOYAGE,2021-12-21,12,38.3,14.5,7.9,4.4,12.5,1.48,0.182,14.1,0,0.0,12.0,0,0
V00394,R005,FIELD,2021-12-21,3,30.5,13.1,5.3,1.2,22.6,0.0,0.498,13.8,0,0.0,3.0,0,0
V01696,R005,FIELD,2021-12-21,3,50.0,16.2,0.6,1.2,22.6,0.0,0.498,13.8,0,1.03,4.03,1,0
V01594,R001,VOYAGE,2021-12-21,2,56.3,16.2,3.9,31.4,16.8,1.67,0.0,13.6,0,0.0,2.0,0,0
V01348,R002,VOYAGE,2021-12-21,17,46.6,4.8,0.5,31.4,16.8,1.67,0.0,13.6,0,0.0,17.0,0,0
V00757,R003,VOYAGE,2021-12-22,11,51.7,10.0,1.1,3.5,10.7,1.38,0.245,16.1,0,4.15,15.15,1,0
V01325,R003,VOYAGE,2021-12-22,12,67.4,5.9,8.0,3.5,10.7,1.38,0.245,16.1,0,1.43,13.43,1,0
V00405,R005,FIELD,2021-12-22,3,50.9,13.8,4.1,2.4,25.4,0.0,0.491,14.1,0,0.74,3.74,1,0
V01583,R005,FIELD,2021-12-22,3,44.3,5.1,7.1,2.4,25.4,0.0,0.491,14.1,0,1.06,4.06,1,0
V03184,R005,FIELD,2021-12-23,3,47.4,16.3,8.1,2.0,28.0,0.0,0.506,11.0,0,2.06,5.06,1,0
V00400,R005,FIELD,2021-12-23,3,45.5,9.1,7.2,2.0,28.0,0.0,0.506,11.0,0,0.0,3.0,0,0
V00413,R005,FIELD,2021-12-23,3,37.8,9.9,6.1,2.0,28.0,0.0,0.506,11.0,0,0.0,3.0,0,0
V02035,R005,FIELD,2021-12-23,3,44.9,19.8,2.1,2.0,28.0,0.0,0.506,11.0,0,0.76,3.76,1,0
V02414,R003,VOYAGE,2021-12-23,13,23.7,20.5,10.8,5.2,15.2,2.12,0.165,15.7,0,2.0,15.0,1,0
V00416,R005,FIELD,2021-12-23,3,42.0,12.0,9.1,2.0,28.0,0.0,0.506,11.0,0,0.0,3.0,0,0
V02634,R005,FIELD,2021-12-23,3,15.0,5.8,9.8,2.0,28.0,0.0,0.506,11.0,0,0.41,3.41,1,1
V02893,R005,FIELD,2021-12-24,3,42.5,27.0,9.2,-2.5,33.7,0.0,0.518,12.2,0,0.54,3.54,1,0
V01004,R004,AIR,2021-12-24,2,21.6,14.4,9.7,5.7,13.8,1.83,0.087,16.9,0,0.0,2.0,0,0
V03142,R001,VOYAGE,2021-12-25,2,29.1,12.1,8.8,31.2,19.6,1.49,0.0,13.9,0,0.0,2.0,0,0
V00866,R003,VOYAGE,2021-12-25,12,21.3,1.0,6.5,4.5,12.1,1.85,0.051,16.8,0,0.0,12.0,0,0
V03106,R003,VOYAGE,2021-12-25,12,27.8,7.1,9.2,4.5,12.1,1.85,0.051,16.8,0,0.0,12.0,0,0
V02812,R003,VOYAGE,2021-12-25,12,6.4,5.8,7.3,4.5,12.1,1.85,0.051,16.8,0,0.0,12.0,0,0
V00252,R003,VOYAGE,2021-12-26,13,28.8,13.3,1.6,6.2,12.5,1.95,0.082,17.9,0,0.0,13.0,0,0
V00883,R003,VOYAGE,2021-12-26,12,63.3,17.6,12.1,6.2,12.5,1.95,0.082,17.9,0,0.0,12.0,0,0
V02314,R002,VOYAGE,2021-12-26,17,34.0,17.6,10.9,29.6,15.5,0.94,0.0,17.4,0,0.0,17.0,0,0
V00805,R004,AIR,2021-12-26,2,38.2,8.6,12.5,6.2,12.5,1.95,0.082,17.9,0,0.0,2.0,0,0
V03170,R001,VOYAGE,2021-12-27,2,31.4,14.9,10.9,31.2,14.6,0.36,0.0,15.1,0,0.0,2.0,0,0
V02143,R001,VOYAGE,2021-12-27,2,41.5,4.4,0.5,31.2,14.6,0.36,0.0,15.1,0,0.0,2.0,0,0
V00893,R003,VOYAGE,2021-12-27,13,62.9,8.5,6.5,7.6,17.8,2.6,0.014,13.5,0,1.65,14.65,1,0
V02803,R002,VOYAGE,2021-12-27,19,29.9,7.3,14.5,31.2,14.6,0.36,0.0,15.1,0,0.0,19.0,0,0
V02516,R005,FIELD,2021-12-28,3,36.3,13.6,14.3,-2.6,33.4,0.0,0.499,8.7,0,0.0,3.0,0,0
V01052,R002,VOYAGE,2021-12-28,20,54.6,16.5,6.0,31.3,13.8,0.52,0.0,13.8,0,0.0,20.0,0,0
V00113,R002,VOYAGE,2021-12-28,18,51.2,14.4,2.8,31.3,13.8,0.52,0.0,13.8,0,0.0,18.0,0,0
V01185,R003,VOYAGE,2021-12-29,13,45.2,7.5,7.4,6.7,19.8,2.78,0.061,16.9,0,0.0,13.0,0,0
V01520,R004,AIR,2021-12-29,2,40.3,11.9,8.7,6.7,19.8,2.78,0.061,16.9,0,0.0,2.0,0,1
V01644,R005,FIELD,2021-12-29,3,54.4,16.5,2.8,-2.1,29.4,0.0,0.513,11.1,0,1.43,4.43,1,0
V02981,R002,VOYAGE,2021-12-30,19,40.6,23.7,9.9,31.9,18.4,0.82,0.0,16.8,0,0.0,19.0,0,0
V00785,R005,FIELD,2021-12-30,3,51.1,10.2,11.6,-2.7,26.5,0.0,0.406,11.6,0,0.0,3.0,0,0
V02140,R004,AIR,2021-12-30,2,41.0,17.3,5.8,5.9,15.3,1.82,0.139,12.8,0,0.47,2.47,1,0
V02088,R004,AIR,2021-12-31,2,55.5,12.7,9.2,6.3,12.5,1.13,0.171,15.8,0,0.22,2.22,1,0
V02989,R004,AIR,2021-12-31,2,61.1,12.4,2.7,6.3,12.5,1.13,0.171,15.8,0,0.0,2.0,0,0
V02395,R005,FIELD,2022-01-01,3,42.2,13.9,4.4,-2.5,21.0,0.0,0.377,15.9,0,0.0,3.0,0,0
V03186,R005,FIELD,2022-01-01,3,30.1,1.8,12.7,-2.5,21.0,0.0,0.377,15.9,0,0.0,3.0,0,0
V00116,R004,AIR,2022-01-02,2,42.4,4.9,9.7,6.5,16.5,1.2,0.213,15.1,0,0.03,2.03,0,0
V03101,R003,VOYAGE,2022-01-02,12,28.8,6.8,8.7,6.5,16.5,1.2,0.213,15.1,0,0.0,12.0,0,0
V00000,R002,VOYAGE,2022-01-02,19,76.0,3.2,7.9,32.5,18.5,2.05,0.0,16.9,0,0.0,19.0,0,0
V00068,R003,VOYAGE,2022-01-02,13,20.9,6.3,14.7,6.5,16.5,1.2,0.213,15.1,0,0.94,13.94,0,0
V02642,R004,AIR,2022-01-02,2,48.9,16.2,13.5,6.5,16.5,1.2,0.213,15.1,0,0.11,2.11,0,0
V01258,R005,FIELD,2022-01-03,3,41.5,22.3,6.3,-0.2,21.2,0.0,0.351,19.0,0,0.0,3.0,0,0
V00425,R003,VOYAGE,2022-01-03,11,50.6,29.1,2.7,9.0,19.5,1.76,0.217,13.9,0,3.03,14.03,1,0
V02419,R005,FIELD,2022-01-03,3,57.4,11.7,9.7,-0.2,21.2,0.0,0.351,19.0,0,0.36,3.36,1,0
V02952,R003,VOYAGE,2022-01-03,13,40.1,14.7,6.4,9.0,19.5,1.76,0.217,13.9,0,2.39,15.39,1,0
V01111,R004,AIR,2022-01-05,2,38.8,19.4,5.1,8.4,16.1,1.75,0.12,15.9,0,0.65,2.65,1,0
V00690,R001,VOYAGE,2022-01-05,2,57.6,14.4,7.6,33.3,12.7,1.01,0.0,16.2,0,0.0,2.0,0,0
V02044,R004,AIR,2022-01-05,2,18.4,11.3,11.7,8.4,16.1,1.75,0.12,15.9,0,0.19,2.19,0,0
V00708,R005,FIELD,2022-01-05,3,43.5,1.0,8.9,-4.4,13.7,0.0,0.361,16.7,0,0.0,3.0,0,0
V01116,R005,FIELD,2022-01-05,3,41.2,17.2,9.9,-4.4,13.7,0.0,0.361,16.7,0,0.0,3.0,0,0
V00393,R004,AIR,2022-01-06,2,53.2,10.0,20.3,9.8,14.3,1.51,0.089,14.0,0,0.14,2.14,0,0
V00325,R005,FIELD,2022-01-07,3,49.9,9.9,14.2,-2.4,18.0,0.0,0.285,15.0,0,0.0,3.0,0,0
V00276,R005,FIELD,2022-01-07,3,39.0,17.2,5.7,-2.4,18.0,0.0,0.285,15.0,0,0.0,3.0,0,0
V01061,R004,AIR,2022-01-07,2,36.3,10.3,5.1,12.2,12.6,1.46,0.082,15.6,0,0.0,2.0,0,0
V02824,R004,AIR,2022-01-07,2,26.2,12.5,11.5,12.2,12.6,1.46,0.082,15.6,0,0.0,2.0,0,0
V00135,R003,VOYAGE,2022-01-07,11,46.4,2.6,16.1,12.2,12.6,1.46,0.082,15.6,0,0.0,11.0,0,0
V02912,R001,VOYAGE,2022-01-07,2,21.4,6.7,12.1,32.3,15.4,0.61,0.0,14.4,0,0.01,2.01,0,0
V00491,R003,VOYAGE,2022-01-08,12,31.1,24.1,2.3,13.6,15.9,2.22,0.084,15.5,0,0.0,12.0,0,0
V00998,R002,VOYAGE,2022-01-08,18,25.6,22.6,11.3,32.3,19.8,0.92,0.0,14.5,0,0.0,18.0,0,0
V02597,R005,FIELD,2022-01-08,3,69.4,19.9,10.6,-0.9,19.6,0.0,0.228,13.3,0,0.0,3.0,0,0
V01463,R005,FIELD,2022-01-09,3,60.1,1.0,9.1,-1.9,25.2,0.0,0.284,14.6,0,0.23,3.23,0,0
V01734,R004,AIR,2022-01-09,2,47.2,5.0,2.0,9.9,16.1,2.8,0.0,16.6,0,0.0,2.0,0,0
V02579,R003,VOYAGE,2022-01-09,11,54.6,24.2,11.3,9.9,16.1,2.8,0.0,16.6,0,2.78,13.78,1,0
V02883,R005,FIELD,2022-01-09,3,16.3,12.2,10.7,-1.9,25.2,0.0,0.284,14.6,0,0.13,3.13,0,0
V00789,R005,FIELD,2022-01-10,3,35.1,9.7,9.5,-0.9,26.6,0.0,0.289,11.3,0,0.61,3.61,1,0
V01378,R005,FIELD,2022-01-11,3,34.7,17.3,10.8,-1.0,23.9,0.0,0.349,10.7,0,0.0,3.0,0,0
V01215,R003,VOYAGE,2022-01-11,11,28.3,12.6,9.9,9.1,29.2,3.51,0.0,12.9,0,0.0,11.0,0,0
V00422,R001,VOYAGE,2022-01-11,2,32.3,11.3,8.4,26.1,24.0,1.1,0.0,13.0,0,0.04,2.04,0,0
V02757,R001,VOYAGE,2022-01-11,2,39.0,18.7,3.2,26.1,24.0,1.1,0.0,13.0,0,0.0,2.0,0,0
V03095,R003,VOYAGE,2022-01-11,12,22.8,10.2,13.9,9.1,29.2,3.51,0.0,12.9,0,2.32,14.32,1,0
V01817,R003,VOYAGE,2022-01-12,13,35.2,15.1,7.0,7.9,33.1,4.02,0.021,9.2,0,1.07,14.07,0,0
V02822,R002,VOYAGE,2022-01-12,19,60.0,16.1,10.8,25.0,30.7,1.38,0.0,10.9,0,1.44,20.44,0,0
V00615,R002,VOYAGE,2022-01-12,19,63.4,13.1,10.1,25.0,30.7,1.38,0.0,10.9,0,1.87,20.87,0,0
V00901,R003,VOYAGE,2022-01-12,11,25.2,10.4,5.4,7.9,33.1,4.02,0.021,9.2,0,0.0,11.0,0,0
V02022,R005,FIELD,2022-01-13,3,38.3,9.4,9.7,-0.0,21.9,0.0,0.376,16.0,0,0.0,3.0,0,0
V01877,R005,FIELD,2022-01-13,3,42.1,18.5,5.7,-0.0,21.9,0.0,0.376,16.0,0,0.54,3.54,1,0
V00604,R004,AIR,2022-01-13,2,41.5,14.5,13.1,10.3,34.1,3.75,0.088,10.3,0,0.29,2.29,1,0
V01779,R004,AIR,2022-01-14,2,6.9,5.6,11.5,12.1,31.1,3.29,0.091,11.6,0,0.0,2.0,0,0
V00147,R004,AIR,2022-01-15,2,44.3,14.3,10.8,10.0,32.2,3.19,0.049,10.2,0,0.64,2.64,1,0
V01422,R003,VOYAGE,2022-01-15,11,21.9,14.7,14.5,10.0,32.2,3.19,0.049,10.2,0,3.08,14.08,1,0
V02304,R005,FIELD,2022-01-15,3,45.6,16.5,5.3,-0.7,23.6,0.0,0.396,10.4,0,0.39,3.39,1,0
V00987,R004,AIR,2022-01-16,2,33.2,17.9,10.7,9.1,29.7,2.64,0.0,12.4,0,0.56,2.56,1,0
V00352,R004,AIR,2022-01-17,2,15.0,12.3,5.3,7.5,34.7,2.83,0.01,6.9,0,0.46,2.46,1,0
V02350,R005,FIELD,2022-01-18,3,43.2,6.1,13.3,-4.6,23.1,0.0,0.363,13.5,0,0.0,3.0,0,0
V02993,R005,FIELD,2022-01-18,3,72.2,10.9,4.5,-4.6,23.1,0.0,0.363,13.5,0,0.0,3.0,0,0
V03082,R004,AIR,2022-01-18,2,37.7,13.8,0.5,7.0,34.6,2.44,0.0,11.1,0,1.22,3.22,1,0
V01196,R002,VOYAGE,2022-01-18,18,65.1,12.8,1.8,25.0,23.0,1.66,0.0,13.5,0,0.0,18.0,0,0
V00027,R001,VOYAGE,2022-01-18,2,32.3,20.8,4.5,25.0,23.0,1.66,0.0,13.5,0,0.0,2.0,0,0
V01334,R003,VOYAGE,2022-01-18,12,36.4,15.5,3.9,7.0,34.6,2.44,0.0,11.1,0,4.49,16.49,1,1
V01042,R005,FIELD,2022-01-18,3,18.1,22.8,13.0,-4.6,23.1,0.0,0.363,13.5,0,0.0,3.0,0,0
V03057,R005,FIELD,2022-01-20,3,37.1,19.1,6.2,-2.7,20.8,0.0,0.481,15.5,0,0.0,3.0,0,0
V01912,R005,FIELD,2022-01-20,3,34.2,17.1,1.9,-2.7,20.8,0.0,0.481,15.5,0,0.0,3.0,0,0
V01323,R003,VOYAGE,2022-01-20,12,59.8,21.7,9.7,7.9,32.9,3.03,0.078,10.6,0,7.25,19.25,1,0
V02775,R004,AIR,2022-01-20,2,53.0,20.2,7.3,7.9,32.9,3.03,0.078,10.6,0,0.29,2.29,1,0
V00509,R001,VOYAGE,2022-01-20,2,37.2,26.6,6.6,27.6,10.8,1.43,0.0,18.0,0,0.0,2.0,0,0
V01118,R002,VOYAGE,2022-01-21,20,72.1,5.0,3.3,26.7,5.4,0.94,0.0,17.9,0,0.0,20.0,0,0
V00197,R003,VOYAGE,2022-01-21,11,17.4,14.7,0.5,6.2,37.8,3.75,0.013,11.6,0,3.26,14.26,1,0
V01064,R005,FIELD,2022-01-22,3,44.0,16.2,14.0,-2.4,20.3,0.0,0.523,15.8,0,0.0,3.0,0,0
V00739,R003,VOYAGE,2022-01-22,12,51.5,19.2,9.4,2.3,30.6,2.67,0.039,9.5,0,1.13,13.13,0,0
V02477,R004,AIR,2022-01-22,2,32.7,10.5,6.3,2.3,30.6,2.67,0.039,9.5,0,0.43,2.43,1,0
V02378,R002,VOYAGE,2022-01-22,18,34.6,8.8,8.8,27.2,3.7,1.13,0.0,19.3,0,0.0,18.0,0,0
V03137,R003,VOYAGE,2022-01-23,12,19.5,20.7,15.6,0.4,36.3,3.65,0.092,10.3,0,1.52,13.52,1,0
V02148,R001,VOYAGE,2022-01-23,2,30.8,17.3,10.0,30.7,6.7,1.56,0.0,17.6,0,0.0,2.0,0,0
V00181,R003,VOYAGE,2022-01-23,11,43.4,17.3,8.1,0.4,36.3,3.65,0.092,10.3,0,4.03,15.03,1,0
V00856,R004,AIR,2022-01-23,2,80.5,8.3,13.1,0.4,36.3,3.65,0.092,10.3,0,0.45,2.45,1,0
V00002,R001,VOYAGE,2022-01-23,2,46.5,20.9,9.8,30.7,6.7,1.56,0.0,17.6,0,0.0,2.0,0,0
V01049,R004,AIR,2022-01-24,2,34.3,11.6,7.8,-0.3,33.8,2.83,0.128,11.7,0,0.33,2.33,1,0
V02797,R002,VOYAGE,2022-01-24,19,64.2,16.0,11.1,30.3,9.5,2.04,0.0,18.6,0,0.0,19.0,0,0
V02100,R005,FIELD,2022-01-24,3,44.6,13.7,7.0,-1.4,28.3,0.0,0.471,11.8,0,0.0,3.0,0,0
V00211,R004,AIR,2022-01-25,2,71.0,6.0,8.9,-0.4,27.3,2.09,0.037,12.6,0,0.0,2.0,0,0
V02826,R005,FIELD,2022-01-25,3,33.1,9.3,9.2,-1.2,23.4,0.0,0.468,11.2,0,0.0,3.0,0,0
V00618,R005,FIELD,2022-01-25,3,44.6,17.9,10.0,-1.2,23.4,0.0,0.468,11.2,0,0.0,3.0,0,0
V01494,R005,FIELD,2022-01-26,3,47.7,20.5,7.4,-0.2,27.3,0.0,0.47,10.8,0,0.0,3.0,0,0
V00402,R001,VOYAGE,2022-01-26,2,41.6,14.7,8.6,28.6,6.2,1.73,0.0,17.0,0,0.0,2.0,0,0
V01425,R001,VOYAGE,2022-01-26,2,30.3,6.9,11.4,28.6,6.2,1.73,0.0,17.0,0,0.0,2.0,0,0
V01013,R005,FIELD,2022-01-27,3,39.6,11.7,11.2,-0.7,29.9,0.0,0.434,13.1,0,0.0,3.0,0,0
V01910,R002,VOYAGE,2022-01-27,17,50.6,20.3,9.3,28.7,2.0,1.36,0.0,20.1,0,0.0,17.0,0,0
V01798,R004,AIR,2022-01-28,2,31.6,13.6,6.3,-1.0,21.4,2.34,0.0,13.7,0,0.0,2.0,0,0
V03117,R003,VOYAGE,2022-01-29,13,74.6,18.0,5.7,-1.4,18.1,2.07,0.014,14.1,0,0.0,13.0,0,0
V01756,R001,VOYAGE,2022-01-29,2,38.2,8.1,5.4,28.4,2.0,1.09,0.0,16.1,0,0.0,2.0,0,0
V00399,R003,VOYAGE,2022-01-29,13,28.5,11.5,4.0,-1.4,18.1,2.07,0.014,14.1,0,0.0,13.0,0,0
V02632,R002,VOYAGE,2022-01-30,19,52.7,13.9,7.2,26.2,4.8,0.92,0.0,20.7,0,0.0,19.0,0,0
V00938,R004,AIR,2022-01-30,2,48.9,20.8,5.3,-2.0,19.6,1.87,0.0,14.0,0,0.28,2.28,1,0
V02479,R004,AIR,2022-01-31,2,14.5,12.2,8.6,-1.7,24.4,1.68,0.0,12.6,0,0.0,2.0,0,0
V02817,R004,AIR,2022-01-31,2,69.2,1.0,8.0,-1.7,24.4,1.68,0.0,12.6,0,0.0,2.0,0,0
V00261,R005,FIELD,2022-01-31,3,5.3,19.3,13.0,-2.7,16.7,0.0,0.289,13.4,0,0.0,3.0,0,0
V01559,R003,VOYAGE,2022-02-01,12,34.4,18.2,10.9,-1.5,22.0,2.11,0.0,12.1,0,0.0,12.0,0,0
V00353,R003,VOYAGE,2022-02-01,11,16.8,20.4,8.1,-1.5,22.0,2.11,0.0,12.1,0,0.0,11.0,0,0
V01955,R003,VOYAGE,2022-02-01,13,22.3,21.8,4.0,-1.5,22.0,2.11,0.0,12.1,0,0.0,13.0,0,0
V00218,R001,VOYAGE,2022-02-01,2,34.4,22.8,13.2,25.4,9.7,0.74,0.0,14.5,0,0.0,2.0,0,0
V01447,R003,VOYAGE,2022-02-01,13,19.3,17.7,4.8,-1.5,22.0,2.11,0.0,12.1,0,0.0,13.0,0,0
V01859,R004,AIR,2022-02-02,2,58.6,8.5,1.5,0.6,21.4,2.41,0.0,14.3,0,0.35,2.35,1,0
V02242,R001,VOYAGE,2022-02-02,2,25.1,8.0,5.1,25.6,13.0,0.7,0.0,11.9,0,0.0,2.0,0,0
V03015,R003,VOYAGE,2022-02-02,12,39.7,14.9,8.6,0.6,21.4,2.41,0.0,14.3,0,1.31,13.31,1,0
V00834,R005,FIELD,2022-02-02,3,30.1,17.9,2.7,-0.7,11.5,0.0,0.33,15.0,0,0.0,3.0,0,0
V01145,R002,VOYAGE,2022-02-04,17,42.8,7.2,6.5,25.3,15.6,0.77,0.0,15.6,0,0.39,17.39,0,0
V01216,R004,AIR,2022-02-04,2,74.2,15.6,10.3,0.2,16.8,2.66,0.0,16.3,0,0.0,2.0,0,0
V02274,R003,VOYAGE,2022-02-04,12,56.9,1.6,8.0,0.2,16.8,2.66,0.0,16.3,0,0.0,12.0,0,0
V00229,R005,FIELD,2022-02-04,3,37.1,15.4,8.5,0.2,14.0,0.0,0.448,16.9,0,0.0,3.0,0,0
V02573,R003,VOYAGE,2022-02-05,11,58.1,24.3,14.4,0.2,27.2,2.11,0.0,13.2,0,3.01,14.01,1,0
V02332,R004,AIR,2022-02-05,2,19.4,3.0,12.5,0.2,27.2,2.11,0.0,13.2,0,0.0,2.0,0,0
V02807,R003,VOYAGE,2022-02-05,12,31.7,20.7,5.3,0.2,27.2,2.11,0.0,13.2,0,13.09,25.09,1,0
V01379,R001,VOYAGE,2022-02-06,2,60.1,20.3,10.2,27.5,12.1,0.58,0.0,17.6,0,0.0,2.0,0,0
V00258,R003,VOYAGE,2022-02-07,12,48.1,10.7,7.8,2.4,27.9,2.11,0.0,11.9,0,0.0,12.0,0,0
V01067,R004,AIR,2022-02-07,2,59.9,17.0,5.8,2.4,27.9,2.11,0.0,11.9,0,0.0,2.0,0,0
V01167,R003,VOYAGE,2022-02-08,12,20.8,11.1,5.5,4.5,25.2,1.94,0.016,11.7,0,0.0,12.0,0,0
V02591,R005,FIELD,2022-02-08,3,35.3,9.0,9.8,2.2,22.2,0.0,0.411,16.8,0,0.53,3.53,1,0
V00942,R005,FIELD,2022-02-08,3,53.7,9.3,7.5,2.2,22.2,0.0,0.411,16.8,0,0.21,3.21,0,1
V01639,R002,VOYAGE,2022-02-08,17,52.7,4.7,2.3,28.2,16.0,1.25,0.0,13.9,0,1.01,18.01,0,0
V00599,R003,VOYAGE,2022-02-08,11,54.4,11.8,8.3,4.5,25.2,1.94,0.016,11.7,0,2.13,13.13,1,0
V00019,R003,VOYAGE,2022-02-08,13,40.5,19.0,12.5,4.5,25.2,1.94,0.016,11.7,0,1.51,14.51,1,0
V00705,R002,VOYAGE,2022-02-09,18,30.0,19.8,16.8,27.4,14.1,1.98,0.0,15.4,0,0.0,18.0,0,0
V01359,R002,VOYAGE,2022-02-09,17,56.6,9.6,5.0,27.4,14.1,1.98,0.0,15.4,0,0.0,17.0,0,0
V01609,R002,VOYAGE,2022-02-10,19,27.7,20.6,10.4,28.4,15.9,2.03,0.0,15.6,0,0.0,19.0,0,0
V01026,R005,FIELD,2022-02-10,3,41.9,8.2,11.2,-4.1,23.7,0.0,0.431,15.1,0,0.24,3.24,0,0
V00988,R005,FIELD,2022-02-10,3,36.9,12.3,11.7,-4.1,23.7,0.0,0.431,15.1,0,0.0,3.0,0,0
V02457,R005,FIELD,2022-02-10,3,67.9,7.8,8.3,-4.1,23.7,0.0,0.431,15.1,0,0.0,3.0,0,0
V01749,R003,VOYAGE,2022-02-11,13,35.8,11.5,5.4,2.6,23.8,2.02,0.107,14.3,0,0.0,13.0,0,0
V00816,R003,VOYAGE,2022-02-12,12,35.5,19.4,11.4,1.2,25.8,2.36,0.092,11.7,0,1.09,13.09,0,0
V00054,R004,AIR,2022-02-13,2,66.5,7.7,3.8,1.7,22.2,2.39,0.036,16.3,0,0.23,2.23,1,0
V02498,R003,VOYAGE,2022-02-13,12,18.8,13.5,4.9,1.7,22.2,2.39,0.036,16.3,0,0.0,12.0,0,0
V01195,R003,VOYAGE,2022-02-13,12,67.5,9.3,5.9,1.7,22.2,2.39,0.036,16.3,0,5.42,17.42,1,0
V02132,R004,AIR,2022-02-14,2,43.2,13.9,7.7,4.8,19.2,1.99,0.062,16.7,0,0.0,2.0,0,0
V00090,R001,VOYAGE,2022-02-14,2,49.1,12.4,11.7,31.3,9.1,1.35,0.0,16.5,0,0.0,2.0,0,0
V03077,R001,VOYAGE,2022-02-14,2,51.8,15.3,8.8,31.3,9.1,1.35,0.0,16.5,0,0.0,2.0,0,0
V00828,R005,FIELD,2022-02-14,3,29.1,24.8,3.5,-3.7,34.2,0.0,0.375,9.0,0,1.89,4.89,1,0
V02829,R002,VOYAGE,2022-02-14,17,42.6,18.0,13.9,31.3,9.1,1.35,0.0,16.5,0,0.0,17.0,0,0
V02837,R004,AIR,2022-02-15,2,35.5,12.4,6.2,3.5,21.3,2.2,0.072,12.0,0,0.0,2.0,0,0
V01184,R003,VOYAGE,2022-02-15,12,31.4,16.3,15.1,3.5,21.3,2.2,0.072,12.0,0,0.0,12.0,0,0
V02296,R004,AIR,2022-02-15,2,37.6,14.8,5.1,3.5,21.3,2.2,0.072,12.0,0,0.38,2.38,1,0
V02104,R001,VOYAGE,2022-02-15,2,34.0,4.8,14.7,30.7,5.1,0.76,0.0,17.3,0,0.0,2.0,0,0
V02996,R003,VOYAGE,2022-02-16,12,54.6,9.4,7.2,3.6,17.7,1.54,0.097,13.9,0,1.96,13.96,1,1
V01629,R005,FIELD,2022-02-16,3,35.4,13.5,11.4,-6.2,20.1,0.0,0.38,15.9,0,0.0,3.0,0,0
V01536,R002,VOYAGE,2022-02-17,19,41.2,17.2,8.2,31.8,2.0,0.33,0.0,21.1,0,0.0,19.0,0,0
V01321,R003,VOYAGE,2022-02-18,11,50.3,7.3,23.5,0.1,21.9,1.0,0.128,12.3,0,0.23,11.23,0,0
V02001,R003,VOYAGE,2022-02-18,12,32.9,24.2,13.8,0.1,21.9,1.0,0.128,12.3,0,0.0,12.0,0,0
V02003,R004,AIR,2022-02-18,2,60.5,20.2,5.1,0.1,21.9,1.0,0.128,12.3,0,0.34,2.34,1,0
V00924,R001,VOYAGE,2022-02-18,2,75.5,11.4,14.3,30.3,2.0,0.37,0.0,19.2,0,0.01,2.01,0,0
V03144,R004,AIR,2022-02-19,2,16.3,21.3,7.6,-0.4,15.8,0.39,0.156,15.4,0,0.0,2.0,0,0
V01390,R001,VOYAGE,2022-02-19,2,59.1,12.0,3.7,29.0,2.0,0.2,0.0,18.4,0,0.0,2.0,0,0
V02119,R004,AIR,2022-02-19,2,40.8,13.9,5.3,-0.4,15.8,0.39,0.156,15.4,0,0.0,2.0,0,0
V02426,R003,VOYAGE,2022-02-19,13,32.5,15.4,8.9,-0.4,15.8,0.39,0.156,15.4,0,1.21,14.21,0,0
V00993,R004,AIR,2022-02-19,2,59.5,17.8,2.2,-0.4,15.8,0.39,0.156,15.4,0,0.0,2.0,0,0
V02485,R001,VOYAGE,2022-02-19,2,50.6,16.0,13.1,29.0,2.0,0.2,0.0,18.4,0,0.0,2.0,0,0
V01302,R005,FIELD,2022-02-21,3,49.3,15.2,11.4,-4.3,37.6,0.0,0.471,8.9,0,0.0,3.0,0,0
V00008,R005,FIELD,2022-02-21,3,32.7,10.6,12.4,-4.3,37.6,0.0,0.471,8.9,0,0.0,3.0,0,0
V02172,R004,AIR,2022-02-21,2,41.7,18.4,5.3,-0.1,12.6,1.57,0.105,14.4,0,0.23,2.23,1,0
V02146,R003,VOYAGE,2022-02-21,12,41.3,21.6,6.4,-0.1,12.6,1.57,0.105,14.4,0,0.0,12.0,0,0
V00465,R001,VOYAGE,2022-02-21,2,33.4,14.4,15.7,29.5,3.8,0.76,0.0,22.2,0,0.0,2.0,0,0
V00404,R004,AIR,2022-02-21,2,45.1,17.9,13.5,-0.1,12.6,1.57,0.105,14.4,0,0.0,2.0,0,0
V03180,R001,VOYAGE,2022-02-22,2,52.5,26.7,7.0,28.0,9.1,0.75,0.0,17.8,0,0.0,2.0,0,0
V03118,R004,AIR,2022-02-23,2,43.6,14.4,11.1,-1.6,17.4,0.93,0.107,16.9,0,0.0,2.0,0,0
V00298,R003,VOYAGE,2022-02-24,12,20.3,13.6,7.1,-1.6,25.2,1.63,0.202,13.5,0,0.0,12.0,0,0
V03054,R003,VOYAGE,2022-02-24,13,52.0,6.3,4.8,-1.6,25.2,1.63,0.202,13.5,0,3.18,16.18,1,0
V01503,R003,VOYAGE,2022-02-24,11,32.9,8.9,9.3,-1.6,25.2,1.63,0.202,13.5,0,0.0,11.0,0,0
V02467,R003,VOYAGE,2022-02-25,12,55.0,19.7,3.5,0.1,29.1,2.63,0.173,11.7,0,7.89,19.89,1,0
V01419,R001,VOYAGE,2022-02-25,2,36.5,7.4,10.6,24.4,18.9,1.51,0.0,13.8,0,0.0,2.0,0,0
V02916,R002,VOYAGE,2022-02-25,20,34.5,17.4,4.9,24.4,18.9,1.51,0.0,13.8,0,0.0,20.0,0,0
V00627,R002,VOYAGE,2022-02-26,17,53.0,17.8,11.6,24.6,18.4,1.27,0.0,14.9,0,0.0,17.0,0,0
V00373,R003,VOYAGE,2022-02-26,12,20.2,13.0,9.2,-1.3,24.7,2.49,0.24,12.1,0,2.59,14.59,1,0
V00833,R004,AIR,2022-02-26,2,43.8,12.0,6.5,-1.3,24.7,2.49,0.24,12.1,0,0.7,2.7,1,0
V02244,R005,FIELD,2022-02-27,3,37.3,7.9,5.3,-4.2,33.9,0.0,0.706,11.0,0,1.09,4.09,1,0
V02554,R005,FIELD,2022-02-28,3,63.7,15.3,8.2,-3.4,32.0,0.0,0.623,11.5,0,0.0,3.0,0,0
V02198,R004,AIR,2022-02-28,2,22.5,13.1,8.0,0.2,16.0,2.12,0.283,13.7,0,0.48,2.48,1,0
V03183,R001,VOYAGE,2022-03-01,2,37.3,16.0,11.8,27.5,7.2,0.23,0.0,17.0,0,0.01,2.01,0,0
V00718,R004,AIR,2022-03-01,2,23.8,20.3,0.5,-0.3,13.1,1.76,0.242,16.7,0,1.07,3.07,1,0
V01521,R003,VOYAGE,2022-03-01,13,67.6,26.2,3.8,-0.3,13.1,1.76,0.242,16.7,0,5.05,18.05,1,0
V00032,R002,VOYAGE,2022-03-01,17,40.7,9.0,6.1,27.5,7.2,0.23,0.0,17.0,0,0.34,17.34,0,0
V00490,R002,VOYAGE,2022-03-03,18,41.9,16.5,10.7,24.7,5.0,0.35,0.0,17.5,0,0.0,18.0,0,0
V02614,R003,VOYAGE,2022-03-03,12,31.9,15.5,6.7,-0.9,22.1,2.03,0.264,15.5,0,3.24,15.24,1,0
V00905,R005,FIELD,2022-03-04,3,52.5,14.3,4.8,-1.0,32.7,0.0,0.628,12.1,0,1.01,4.01,1,1
V00587,R005,FIELD,2022-03-04,3,52.1,7.4,11.2,-1.0,32.7,0.0,0.628,12.1,0,0.0,3.0,0,1
V01845,R005,FIELD,2022-03-04,3,39.0,10.1,13.5,-1.0,32.7,0.0,0.628,12.1,0,0.54,3.54,1,0
V00313,R005,FIELD,2022-03-04,3,33.6,13.1,0.5,-1.0,32.7,0.0,0.628,12.1,0,1.93,4.93,1,0
V01188,R005,FIELD,2022-03-05,3,14.9,14.8,10.3,-1.6,32.5,0.0,0.644,10.4,0,0.41,3.41,1,0
V02552,R005,FIELD,2022-03-05,3,32.9,12.9,3.7,-1.6,32.5,0.0,0.644,10.4,0,0.93,3.93,1,0
V01643,R005,FIELD,2022-03-06,3,54.8,12.1,3.1,-2.4,28.2,0.0,0.546,13.3,0,0.38,3.38,1,0
V01442,R001,VOYAGE,2022-03-06,2,33.0,14.4,8.0,21.8,10.7,0.2,0.0,16.8,0,0.0,2.0,0,0
V00852,R003,VOYAGE,2022-03-06,12,40.2,11.8,4.3,2.5,24.5,2.31,0.286,11.3,0,2.28,14.28,1,0
V00493,R003,VOYAGE,2022-03-06,13,45.7,18.7,10.9,2.5,24.5,2.31,0.286,11.3,0,0.0,13.0,0,0
V03169,R002,VOYAGE,2022-03-06,19,53.3,24.1,9.8,21.8,10.7,0.2,0.0,16.8,0,0.0,19.0,0,0
V00530,R004,AIR,2022-03-07,2,67.5,13.5,10.7,4.4,24.6,2.35,0.281,13.8,0,0.0,2.0,0,0
V00018,R004,AIR,2022-03-07,2,16.2,20.4,12.2,4.4,24.6,2.35,0.281,13.8,0,0.0,2.0,0,0
V01858,R005,FIELD,2022-03-07,3,29.1,19.7,6.7,-2.2,23.7,0.0,0.492,13.5,0,0.46,3.46,1,0
V01561,R003,VOYAGE,2022-03-07,13,28.5,5.1,11.1,4.4,24.6,2.35,0.281,13.8,0,0.0,13.0,0,0
V01157,R002,VOYAGE,2022-03-07,17,71.4,13.7,10.1,21.8,12.5,0.85,0.0,13.7,0,0.0,17.0,0,0
V00118,R003,VOYAGE,2022-03-07,12,32.2,5.2,9.8,4.4,24.6,2.35,0.281,13.8,0,0.0,12.0,0,0
V00847,R005,FIELD,2022-03-08,3,25.7,15.3,1.7,-5.1,17.7,0.0,0.587,15.7,0,0.0,3.0,0,0
V00842,R003,VOYAGE,2022-03-08,13,42.4,11.1,8.6,3.8,28.8,2.5,0.324,11.3,0,3.68,16.68,1,0
V01290,R003,VOYAGE,2022-03-08,12,23.4,23.7,13.4,3.8,28.8,2.5,0.324,11.3,0,1.19,13.19,0,0
V00881,R003,VOYAGE,2022-03-08,11,49.9,17.2,6.0,3.8,28.8,2.5,0.324,11.3,0,4.6,15.6,1,0
V00149,R003,VOYAGE,2022-03-09,11,60.7,8.5,13.7,2.8,29.5,1.97,0.285,10.4,0,2.05,13.05,1,0
V00266,R005,FIELD,2022-03-09,3,39.8,4.2,8.3,-2.7,20.4,0.0,0.592,16.0,0,0.0,3.0,0,0
V00791,R005,FIELD,2022-03-09,3,39.5,12.6,8.0,-2.7,20.4,0.0,0.592,16.0,0,0.4,3.4,1,0
V01691,R001,VOYAGE,2022-03-10,2,53.0,5.1,2.7,26.4,11.3,0.88,0.0,17.2,0,0.0,2.0,0,0
V01407,R005,FIELD,2022-03-10,3,51.7,19.5,9.7,-1.8,20.8,0.0,0.554,13.8,0,0.0,3.0,0,0
V01863,R001,VOYAGE,2022-03-10,2,37.4,21.9,5.8,26.4,11.3,0.88,0.0,17.2,0,0.0,2.0,0,0
V01479,R003,VOYAGE,2022-03-10,12,47.7,13.3,0.5,5.0,25.2,1.54,0.301,11.8,0,3.99,15.99,1,0
V02402,R004,AIR,2022-03-11,2,53.4,17.6,11.8,7.5,31.2,2.46,0.284,12.1,0,0.47,2.47,1,0
V00573,R005,FIELD,2022-03-11,3,37.5,19.3,0.9,-3.5,18.4,0.0,0.57,12.7,0,0.0,3.0,0,0
V02600,R005,FIELD,2022-03-13,3,25.5,4.3,17.0,-5.2,15.9,0.0,0.531,14.3,0,0.05,3.05,0,0
V02066,R003,VOYAGE,2022-03-13,12,34.3,23.5,7.0,5.3,27.3,2.41,0.285,10.8,0,4.34,16.34,1,0
V01726,R003,VOYAGE,2022-03-13,13,58.1,19.0,6.2,5.3,27.3,2.41,0.285,10.8,0,8.26,21.26,1,0
V01681,R004,AIR,2022-03-13,2,25.8,11.8,3.4,5.3,27.3,2.41,0.285,10.8,0,0.96,2.96,1,0
V00158,R001,VOYAGE,2022-03-13,2,28.8,12.1,13.5,27.6,8.1,0.41,0.0,16.5,0,0.0,2.0,0,0
V00959,R001,VOYAGE,2022-03-13,2,32.3,19.3,11.3,27.6,8.1,0.41,0.0,16.5,0,0.0,2.0,0,0
V02675,R002,VOYAGE,2022-03-13,19,28.5,15.7,15.3,27.6,8.1,0.41,0.0,16.5,0,0.0,19.0,0,0
V00716,R004,AIR,2022-03-14,2,48.7,10.8,11.1,6.6,17.0,1.61,0.249,16.6,0,0.34,2.34,1,0
V00438,R001,VOYAGE,2022-03-14,2,50.5,13.9,4.5,26.3,7.1,0.2,0.0,18.4,0,0.0,2.0,0,0
V02935,R004,AIR,2022-03-15,2,20.5,27.9,10.9,6.0,20.7,1.87,0.238,14.0,0,0.21,2.21,1,0
V00844,R004,AIR,2022-03-15,2,53.8,19.6,8.3,6.0,20.7,1.87,0.238,14.0,0,0.4,2.4,1,0
V01399,R002,VOYAGE,2022-03-17,19,5.4,2.8,2.8,25.3,6.4,0.68,0.0,19.3,0,0.0,19.0,0,0
V02619,R001,VOYAGE,2022-03-17,2,46.9,1.0,10.9,25.3,6.4,0.68,0.0,19.3,0,0.0,2.0,0,0
V01705,R005,FIELD,2022-03-17,3,31.4,26.9,10.0,-7.1,14.1,0.0,0.529,17.6,0,0.0,3.0,0,0
V00544,R001,VOYAGE,2022-03-18,2,27.1,17.2,0.5,29.0,6.9,1.04,0.0,19.3,0,0.02,2.02,0,0
V02677,R005,FIELD,2022-03-18,3,49.2,15.9,5.7,-7.9,17.4,0.0,0.559,13.4,0,0.91,3.91,1,0
V03188,R004,AIR,2022-03-18,2,29.1,18.9,9.7,5.6,22.1,1.97,0.307,13.8,0,0.0,2.0,0,0
V03053,R005,FIELD,2022-03-19,3,43.8,9.0,3.5,-6.1,17.4,0.0,0.593,15.3,0,0.0,3.0,0,0
V03027,R004,AIR,2022-03-19,2,44.4,21.1,10.4,5.9,20.7,2.08,0.344,14.4,0,0.0,2.0,0,0
V02933,R004,AIR,2022-03-19,2,10.4,9.7,6.1,5.9,20.7,2.08,0.344,14.4,0,0.0,2.0,0,0
V02356,R003,VOYAGE,2022-03-19,12,17.6,12.6,9.3,5.9,20.7,2.08,0.344,14.4,0,1.86,13.86,1,0
V00237,R004,AIR,2022-03-19,2,41.9,20.1,0.5,5.9,20.7,2.08,0.344,14.4,0,0.62,2.62,1,0
V01126,R005,FIELD,2022-03-20,3,49.1,21.2,6.6,-7.2,14.3,0.0,0.598,17.7,0,0.23,3.23,0,0
V03062,R003,VOYAGE,2022-03-20,11,44.8,12.6,8.0,5.4,20.3,1.77,0.348,16.4,0,1.9,12.9,1,0
V00257,R003,VOYAGE,2022-03-20,13,45.5,9.1,9.2,5.4,20.3,1.77,0.348,16.4,0,0.85,13.85,0,0
V00184,R002,VOYAGE,2022-03-20,19,26.4,6.1,2.7,27.3,11.1,1.31,0.0,16.0,0,0.0,19.0,0,0
V01884,R004,AIR,2022-03-21,2,39.0,13.7,8.7,3.2,23.0,1.87,0.311,15.5,0,0.31,2.31,1,0
V00912,R003,VOYAGE,2022-03-22,12,48.1,20.6,9.2,1.6,25.9,2.3,0.275,14.5,0,0.59,12.59,0,0
V02400,R005,FIELD,2022-03-22,3,35.5,23.8,15.9,-11.1,20.9,0.0,0.604,14.9,0,0.34,3.34,1,0
V01861,R005,FIELD,2022-03-22,3,45.4,15.7,9.9,-11.1,20.9,0.0,0.604,14.9,0,0.0,3.0,0,0
V02286,R005,FIELD,2022-03-22,3,53.8,13.5,8.7,-11.1,20.9,0.0,0.604,14.9,0,0.27,3.27,0,0
V00711,R004,AIR,2022-03-23,2,28.1,11.2,21.2,0.8,25.2,2.23,0.356,12.0,0,0.27,2.27,1,0
V01844,R003,VOYAGE,2022-03-23,12,26.0,14.0,8.1,0.8,25.2,2.23,0.356,12.0,0,0.99,12.99,0,0
V01206,R005,FIELD,2022-03-23,3,54.1,7.1,9.2,-7.1,21.8,0.0,0.58,16.3,0,0.35,3.35,1,0
V02112,R003,VOYAGE,2022-03-24,12,68.5,9.2,14.3,2.4,28.9,2.36,0.309,10.4,0,2.54,14.54,1,0
V01485,R001,VOYAGE,2022-03-24,2,15.9,15.0,7.1,25.2,13.9,0.64,0.0,15.4,0,0.0,2.0,0,0
V02284,R004,AIR,2022-03-24,2,39.8,10.9,8.4,2.4,28.9,2.36,0.309,10.4,0,0.54,2.54,1,0
V03145,R002,VOYAGE,2022-03-24,19,53.9,2.5,10.2,25.2,13.9,0.64,0.0,15.4,0,0.0,19.0,0,0
V00146,R003,VOYAGE,2022-03-24,11,19.9,11.2,12.1,2.4,28.9,2.36,0.309,10.4,0,2.73,13.73,1,0
V00670,R004,AIR,2022-03-25,2,39.7,23.6,2.4,3.9,28.4,3.07,0.313,13.2,0,0.92,2.92,1,0
V03192,R005,FIELD,2022-03-26,3,36.0,2.0,8.1,-7.7,19.2,0.0,0.607,16.4,0,0.0,3.0,0,1
V02771,R004,AIR,2022-03-26,2,21.5,17.3,10.9,4.8,26.4,2.54,0.327,14.7,0,0.26,2.26,1,0
V03041,R003,VOYAGE,2022-03-26,11,55.2,4.7,9.0,4.8,26.4,2.54,0.327,14.7,0,0.0,11.0,0,0
V02992,R003,VOYAGE,2022-03-26,13,59.0,1.0,10.5,4.8,26.4,2.54,0.327,14.7,0,0.0,13.0,0,0
V00339,R001,VOYAGE,2022-03-27,2,34.7,26.4,5.0,26.9,17.9,1.61,0.0,14.5,0,0.05,2.05,0,0
V00087,R005,FIELD,2022-03-27,3,58.0,22.5,12.3,-6.9,16.9,0.0,0.607,14.8,0,0.0,3.0,0,0
V00037,R004,AIR,2022-03-28,2,62.5,8.5,9.1,5.2,22.4,2.23,0.274,13.7,0,0.33,2.33,1,0
V02798,R004,AIR,2022-03-28,2,57.4,14.5,7.7,5.2,22.4,2.23,0.274,13.7,0,0.27,2.27,1,0
V01237,R003,VOYAGE,2022-03-28,12,23.4,6.8,15.6,5.2,22.4,2.23,0.274,13.7,0,0.0,12.0,0,0
V01329,R004,AIR,2022-03-29,2,60.1,14.0,13.9,5.2,24.0,2.56,0.247,14.4,0,0.25,2.25,1,0
V00089,R003,VOYAGE,2022-03-29,12,65.8,9.1,1.0,5.2,24.0,2.56,0.247,14.4,0,5.35,17.35,1,0
V02855,R003,VOYAGE,2022-03-29,13,29.6,5.6,8.7,5.2,24.0,2.56,0.247,14.4,0,2.45,15.45,1,0
V02685,R002,VOYAGE,2022-03-29,17,36.2,15.0,7.9,27.7,17.7,0.22,0.0,14.4,0,0.0,17.0,0,0
V03014,R003,VOYAGE,2022-03-29,12,42.1,26.3,10.9,5.2,24.0,2.56,0.247,14.4,0,1.27,13.27,1,0
V01637,R005,FIELD,2022-03-29,3,39.5,15.9,9.0,-11.2,18.5,0.0,0.719,15.8,0,0.0,3.0,0,0
V02768,R005,FIELD,2022-03-29,3,55.5,12.3,3.4,-11.2,18.5,0.0,0.719,15.8,0,1.0,4.0,1,0
V01785,R005,FIELD,2022-03-30,3,49.7,7.5,0.5,-10.4,21.3,0.0,0.691,16.7,0,0.39,3.39,1,0
V00461,R003,VOYAGE,2022-03-30,13,42.9,9.7,8.0,5.3,19.0,2.54,0.234,15.8,0,1.98,14.98,1,0
V00684,R001,VOYAGE,2022-03-30,2,30.8,17.9,6.6,26.4,24.2,1.48,0.0,15.9,0,0.0,2.0,0,0
V01410,R005,FIELD,2022-04-01,3,28.6,16.8,0.5,-8.9,24.0,0.0,0.6,16.1,0,0.0,3.0,0,0
V01550,R005,FIELD,2022-04-01,3,28.3,14.2,5.2,-8.9,24.0,0.0,0.6,16.1,0,0.0,3.0,0,0
V00265,R002,VOYAGE,2022-04-05,18,47.2,18.6,12.1,29.2,23.3,1.97,0.0,15.7,0,0.0,18.0,0,0
V00294,R004,AIR,2022-04-07,2,52.3,15.1,13.6,3.1,34.4,1.86,0.355,10.6,0,0.0,2.0,0,0
V01181,R003,VOYAGE,2022-04-09,12,33.1,10.7,9.0,4.2,28.1,1.44,0.362,13.3,0,3.92,15.92,1,0
V01124,R002,VOYAGE,2022-04-09,19,53.8,17.5,7.1,28.1,11.5,2.45,0.0,18.7,0,1.12,20.12,0,0
V00080,R002,VOYAGE,2022-04-10,18,36.2,8.2,0.5,28.6,4.5,2.19,0.0,20.4,0,0.0,18.0,0,0
V00264,R001,VOYAGE,2022-04-11,2,41.4,9.3,1.9,27.0,2.0,1.23,0.0,19.3,0,0.0,2.0,0,0
V02934,R002,VOYAGE,2022-04-12,19,51.6,16.3,7.5,25.9,2.2,1.29,0.0,17.3,0,0.0,19.0,0,0
V01895,R002,VOYAGE,2022-04-16,17,36.8,9.0,16.6,26.0,12.4,2.24,0.0,13.4,0,0.0,17.0,0,0
V02674,R001,VOYAGE,2022-04-18,2,31.3,11.8,10.1,26.2,12.7,3.08,0.0,18.9,0,0.0,2.0,0,0
V00851,R001,VOYAGE,2022-04-18,2,34.9,17.7,8.4,26.2,12.7,3.08,0.0,18.9,0,0.0,2.0,0,0
V00775,R001,VOYAGE,2022-04-20,2,40.3,9.3,2.7,25.3,13.0,2.04,0.0,18.6,0,0.0,2.0,0,0
V02990,R001,VOYAGE,2022-04-20,2,52.1,17.9,3.9,25.3,13.0,2.04,0.0,18.6,0,0.0,2.0,0,0
V01370,R001,VOYAGE,2022-04-22,2,35.6,32.5,8.6,26.2,14.2,1.55,0.0,14.4,0,0.0,2.0,0,0
V02564,R001,VOYAGE,2022-04-22,2,52.7,16.0,3.9,26.2,14.2,1.55,0.0,14.4,0,0.0,2.0,0,0
V01833,R003,VOYAGE,2022-04-23,11,18.5,1.0,6.9,-3.4,35.5,2.53,0.304,12.2,0,2.26,13.26,1,0
V02093,R003,VOYAGE,2022-04-24,12,46.9,16.9,13.5,-4.1,32.1,2.64,0.372,12.4,0,2.03,14.03,1,0
V02364,R003,VOYAGE,2022-04-24,12,31.2,16.1,7.5,-4.1,32.1,2.64,0.372,12.4,0,2.97,14.97,1,0
V01454,R004,AIR,2022-04-25,2,34.3,21.3,7.2,-6.5,31.2,3.0,0.463,10.4,0,0.95,2.95,1,0
V02531,R002,VOYAGE,2022-04-28,17,4.4,22.1,7.9,25.0,26.8,2.05,0.0,11.0,0,0.0,17.0,0,0
V01601,R001,VOYAGE,2022-04-29,2,27.5,14.7,3.3,25.5,25.4,1.96,0.0,14.5,0,0.0,2.0,0,0
V00948,R002,VOYAGE,2022-04-29,19,22.9,24.9,8.3,25.5,25.4,1.96,0.0,14.5,0,1.59,20.59,0,0
V01615,R002,VOYAGE,2022-04-29,18,33.8,16.0,6.7,25.5,25.4,1.96,0.0,14.5,0,0.64,18.64,0,0
V00045,R002,VOYAGE,2022-05-01,17,5.3,17.9,12.1,23.8,24.1,2.33,0.0,13.2,0,0.0,17.0,0,0
V01960,R004,AIR,2022-05-01,2,29.6,18.5,3.8,3.2,28.5,2.75,0.466,12.9,0,0.51,2.51,1,0
V02376,R001,VOYAGE,2022-05-02,2,45.5,19.3,9.3,23.0,22.1,2.42,0.0,14.7,0,0.06,2.06,0,0
V00072,R001,VOYAGE,2022-05-05,2,32.9,12.3,11.3,24.0,15.6,2.23,0.0,12.6,0,0.0,2.0,0,0
V01228,R001,VOYAGE,2022-05-06,2,51.0,12.0,4.0,24.6,17.9,2.35,0.0,15.6,0,0.14,2.14,0,0
V01112,R001,VOYAGE,2022-05-06,2,30.1,14.0,2.2,24.6,17.9,2.35,0.0,15.6,0,0.0,2.0,0,0
V01941,R005,FIELD,2022-05-06,3,39.0,11.0,8.4,-16.8,28.4,0.0,0.862,11.6,0,0.69,3.69,1,0
V01021,R002,VOYAGE,2022-05-07,19,18.3,16.9,12.3,24.5,21.4,2.49,0.0,10.3,0,0.0,19.0,0,0
V01455,R002,VOYAGE,2022-05-11,18,57.1,8.2,0.5,29.8,18.8,2.46,0.0,12.8,0,0.0,18.0,0,0
V02370,R003,VOYAGE,2022-05-12,13,32.7,10.7,12.8,-0.7,24.9,2.04,0.633,13.7,0,1.65,14.65,1,0
V00500,R004,AIR,2022-05-14,2,49.1,19.7,11.9,-2.4,30.9,2.58,0.527,14.5,0,0.51,2.51,1,0
V03033,R003,VOYAGE,2022-05-14,12,45.6,1.0,12.4,-2.4,30.9,2.58,0.527,14.5,0,0.0,12.0,0,0
V00432,R001,VOYAGE,2022-05-17,2,64.4,16.3,9.6,24.3,9.1,1.24,0.0,17.9,0,0.0,2.0,0,0
V01983,R001,VOYAGE,2022-05-17,2,28.6,21.2,8.1,24.3,9.1,1.24,0.0,17.9,0,0.0,2.0,0,0
V00589,R001,VOYAGE,2022-05-19,2,32.7,6.9,6.2,26.8,11.0,1.16,0.0,17.7,0,0.0,2.0,0,0
V02926,R005,FIELD,2022-05-21,3,30.5,11.5,10.5,-16.9,30.0,0.0,0.775,12.3,0,0.91,3.91,1,0
V00096,R002,VOYAGE,2022-05-21,19,34.2,14.6,7.1,24.0,2.0,1.12,0.0,18.6,0,0.0,19.0,0,0
V00091,R004,AIR,2022-05-21,2,34.4,11.4,3.8,-1.2,26.9,2.21,0.625,11.5,0,0.42,2.42,1,0
V00171,R001,VOYAGE,2022-05-22,2,52.9,5.3,9.3,23.2,2.0,0.71,0.0,16.5,0,0.0,2.0,0,0
V03045,R003,VOYAGE,2022-05-22,12,76.7,18.6,12.1,-1.2,29.7,2.44,0.647,10.5,0,8.92,20.92,1,1
V00484,R001,VOYAGE,2022-05-24,2,22.9,19.1,14.2,26.0,11.7,0.84,0.0,15.3,0,0.0,2.0,0,0
V01568,R001,VOYAGE,2022-05-25,2,46.4,20.8,4.3,27.3,10.2,0.82,0.0,16.3,0,0.0,2.0,0,0
V00503,R001,VOYAGE,2022-05-25,2,37.8,15.3,8.3,27.3,10.2,0.82,0.0,16.3,0,0.0,2.0,0,0
V02371,R001,VOYAGE,2022-05-29,2,59.3,9.0,9.4,23.9,9.2,1.97,0.0,18.2,0,0.0,2.0,0,0
V00427,R002,VOYAGE,2022-05-29,17,29.6,17.5,2.7,23.9,9.2,1.97,0.0,18.2,0,0.0,17.0,0,0
V01439,R001,VOYAGE,2022-05-30,2,46.6,7.8,3.3,21.9,9.9,2.2,0.0,15.1,0,0.0,2.0,0,0
V02606,R001,VOYAGE,2022-05-31,2,51.2,11.3,6.4,21.9,13.6,2.47,0.0,16.6,0,0.0,2.0,0,0
V02268,R002,VOYAGE,2022-06-02,20,66.0,11.6,7.1,21.2,17.6,2.6,0.0,16.9,0,0.0,20.0,0,0
V03040,R002,VOYAGE,2022-06-03,18,34.1,14.3,6.3,20.1,14.9,1.5,0.0,15.0,0,0.0,18.0,0,0
V02225,R004,AIR,2022-06-04,2,20.5,8.3,4.5,-0.5,34.0,3.26,0.584,12.3,0,0.65,2.65,1,0
V00554,R005,FIELD,2022-06-05,3,73.0,10.6,5.5,-17.9,34.4,0.0,0.908,9.8,0,1.03,4.03,1,0
V02636,R002,VOYAGE,2022-06-06,19,23.0,12.1,20.2,23.7,19.0,1.47,0.0,14.5,0,0.0,19.0,0,0
V01032,R002,VOYAGE,2022-06-06,17,81.0,12.6,9.2,23.7,19.0,1.47,0.0,14.5,0,0.0,17.0,0,0
V03113,R001,VOYAGE,2022-06-07,2,50.3,2.5,14.5,24.6,15.3,1.24,0.0,14.0,0,0.0,2.0,0,0
V03029,R005,FIELD,2022-06-08,3,22.3,14.3,14.4,-21.0,26.7,0.0,0.905,14.6,0,0.22,3.22,0,0
V02034,R001,VOYAGE,2022-06-09,2,19.7,21.0,6.3,23.4,18.9,1.8,0.0,13.1,0,0.0,2.0,0,0
V01623,R002,VOYAGE,2022-06-10,19,63.8,20.8,8.4,21.9,23.5,2.25,0.0,13.3,0,0.0,19.0,0,0
V02553,R001,VOYAGE,2022-06-11,2,50.2,17.8,8.4,21.4,20.7,2.25,0.0,14.7,0,0.0,2.0,0,0
V01948,R002,VOYAGE,2022-06-11,18,37.0,18.4,7.5,21.4,20.7,2.25,0.0,14.7,0,0.0,18.0,0,0
V02639,R002,VOYAGE,2022-06-12,20,42.6,13.1,11.1,22.4,25.2,2.58,0.0,13.3,0,0.82,20.82,0,0
V01770,R001,VOYAGE,2022-06-14,2,49.8,11.2,6.6,20.0,24.0,2.32,0.0,13.0,0,0.0,2.0,0,0
V00039,R005,FIELD,2022-06-15,3,45.4,15.7,9.6,-22.0,39.6,0.0,1.0,0.5,1,1.22,4.22,1,1
V01710,R001,VOYAGE,2022-06-17,2,28.0,11.9,10.4,22.3,20.4,1.04,0.0,17.5,0,0.0,2.0,0,0
V01040,R002,VOYAGE,2022-06-18,20,70.0,12.9,8.6,20.3,18.1,1.16,0.0,14.6,0,0.0,20.0,0,0
V02297,R004,AIR,2022-06-19,2,28.9,10.1,10.0,-3.4,41.7,3.7,0.631,0.1,1,1.17,3.17,1,0
V02980,R002,VOYAGE,2022-06-19,18,60.4,11.0,4.4,24.4,19.4,1.73,0.0,15.5,0,0.0,18.0,0,0
V01881,R004,AIR,2022-06-21,2,23.3,10.9,9.8,-4.3,48.6,4.41,0.643,7.1,0,0.78,2.78,1,0
V03013,R002,VOYAGE,2022-06-21,18,17.8,16.1,13.5,24.7,15.9,2.51,0.0,15.0,0,0.0,18.0,0,0
V02617,R001,VOYAGE,2022-06-22,2,38.4,13.0,16.0,25.1,14.0,1.83,0.0,15.4,0,0.0,2.0,0,0
V00001,R001,VOYAGE,2022-06-22,2,62.6,15.6,1.5,25.1,14.0,1.83,0.0,15.4,0,0.0,2.0,0,0
V01519,R002,VOYAGE,2022-06-22,18,31.9,15.1,9.8,25.1,14.0,1.83,0.0,15.4,0,0.0,18.0,0,0
V00927,R001,VOYAGE,2022-06-25,2,46.1,9.1,5.5,26.4,7.6,2.22,0.0,17.3,0,0.0,2.0,0,0
V01850,R002,VOYAGE,2022-06-27,18,65.2,13.7,8.8,28.1,2.0,2.32,0.0,17.6,0,0.0,18.0,0,0
V02964,R001,VOYAGE,2022-06-28,2,26.6,14.4,10.6,28.3,4.8,2.0,0.0,17.8,0,0.0,2.0,0,0
V02713,R001,VOYAGE,2022-06-28,2,69.2,21.5,19.1,28.3,4.8,2.0,0.0,17.8,0,0.0,2.0,0,0
V02832,R004,AIR,2022-06-28,2,30.3,15.3,6.2,-5.8,38.8,3.41,0.635,0.3,1,1.15,3.15,1,0
V02490,R005,FIELD,2022-06-28,3,59.7,20.6,8.9,-19.8,21.4,0.0,0.911,14.5,0,1.45,4.45,1,0
V03037,R001,VOYAGE,2022-07-01,2,41.9,4.6,1.8,25.7,7.3,1.19,0.0,16.7,0,0.0,2.0,0,0
V00780,R002,VOYAGE,2022-07-01,17,65.4,12.1,8.3,25.7,7.3,1.19,0.0,16.7,0,0.0,17.0,0,0
V01489,R002,VOYAGE,2022-07-01,20,27.5,21.0,9.1,25.7,7.3,1.19,0.0,16.7,0,0.0,20.0,0,0
V00765,R002,VOYAGE,2022-07-02,17,44.0,11.9,10.6,25.8,9.3,1.16,0.0,18.2,0,0.0,17.0,0,0
V03079,R001,VOYAGE,2022-07-03,2,59.9,20.4,13.9,23.0,6.7,0.97,0.0,19.6,0,0.0,2.0,0,0
V02901,R001,VOYAGE,2022-07-03,2,34.1,10.0,7.8,23.0,6.7,0.97,0.0,19.6,0,0.01,2.01,0,0
V02162,R002,VOYAGE,2022-07-04,18,33.0,23.2,10.0,20.0,10.6,1.73,0.0,16.8,0,0.26,18.26,0,0
V00333,R004,AIR,2022-07-07,2,54.3,17.3,5.8,-3.7,43.1,3.15,0.703,0.1,1,0.94,2.94,1,1
V00319,R001,VOYAGE,2022-07-09,2,39.3,12.2,10.2,23.2,25.4,1.49,0.0,13.5,0,0.0,2.0,0,0
V01199,R002,VOYAGE,2022-07-10,18,56.8,12.7,9.5,25.3,23.7,1.45,0.0,13.5,0,2.65,20.65,1,0
V00029,R002,VOYAGE,2022-07-10,18,34.6,16.3,10.3,25.3,23.7,1.45,0.0,13.5,0,0.0,18.0,0,0
V00421,R001,VOYAGE,2022-07-11,2,48.0,8.7,6.8,24.6,21.4,1.31,0.0,14.6,0,0.0,2.0,0,0
V00449,R001,VOYAGE,2022-07-13,2,46.9,26.0,13.5,25.7,13.9,0.74,0.0,14.7,0,0.0,2.0,0,0
V01417,R001,VOYAGE,2022-07-15,2,48.6,4.0,10.0,26.0,7.5,0.71,0.0,19.0,0,0.0,2.0,0,0
V01062,R005,FIELD,2022-07-15,3,40.4,14.3,2.3,-22.0,25.6,0.0,0.794,14.3,0,0.0,3.0,0,0
V03086,R002,VOYAGE,2022-07-18,19,48.5,12.4,9.9,26.3,11.8,0.69,0.0,17.7,0,0.0,19.0,0,0
V02668,R001,VOYAGE,2022-07-21,2,42.2,8.7,7.2,27.0,16.8,0.73,0.0,17.4,0,0.0,2.0,0,0
V02577,R002,VOYAGE,2022-07-22,18,61.2,17.7,11.3,28.3,16.1,1.09,0.0,15.5,0,0.0,18.0,0,0
V01587,R003,VOYAGE,2022-07-23,13,26.7,12.1,1.2,-6.5,26.5,1.81,0.723,9.2,0,3.68,16.68,1,0
V00562,R001,VOYAGE,2022-07-23,2,45.2,11.5,8.9,28.3,13.8,0.44,0.0,17.6,0,0.08,2.08,0,0
V02129,R004,AIR,2022-07-24,2,50.4,21.7,14.2,-5.2,30.9,2.08,0.643,11.4,0,1.59,3.59,1,0
V01308,R002,VOYAGE,2022-08-02,18,17.3,14.2,3.0,30.6,18.3,1.53,0.0,18.1,0,0.0,18.0,0,0
V02845,R003,VOYAGE,2022-08-03,12,51.6,10.1,10.4,-1.5,38.9,3.71,0.789,10.3,0,7.23,19.23,1,0
V02262,R002,VOYAGE,2022-08-04,17,49.7,14.3,7.9,29.2,18.2,1.0,0.0,15.7,0,0.0,17.0,0,0
V01790,R001,VOYAGE,2022-08-06,2,45.7,8.3,15.6,30.2,6.0,0.21,0.0,16.5,0,0.0,2.0,0,0
V01590,R001,VOYAGE,2022-08-06,2,50.5,9.6,6.2,30.2,6.0,0.21,0.0,16.5,0,0.01,2.01,0,0
V00895,R002,VOYAGE,2022-08-08,20,27.6,3.3,0.5,29.3,4.0,0.2,0.0,20.8,0,0.0,20.0,0,0
V00369,R001,VOYAGE,2022-08-12,2,45.5,14.7,10.5,29.1,9.8,0.2,0.0,13.7,0,0.0,2.0,0,0
V01464,R002,VOYAGE,2022-08-15,18,31.4,12.9,4.8,27.9,13.2,1.21,0.0,17.7,0,0.0,18.0,0,0
V02583,R002,VOYAGE,2022-08-16,18,54.4,12.0,9.1,26.0,14.5,1.01,0.0,17.4,0,0.0,18.0,0,0
V01342,R001,VOYAGE,2022-08-17,2,39.8,12.4,12.9,24.1,21.2,1.18,0.0,14.9,0,0.0,2.0,0,0
V01599,R001,VOYAGE,2022-08-17,2,29.0,17.1,4.0,24.1,21.2,1.18,0.0,14.9,0,0.0,2.0,0,0
V00342,R001,VOYAGE,2022-08-19,2,21.2,6.9,8.8,23.5,10.0,0.2,0.0,14.9,0,0.0,2.0,0,0
V02638,R002,VOYAGE,2022-08-21,18,45.4,9.0,9.6,23.9,8.4,0.2,0.0,18.6,0,0.0,18.0,0,0
V00174,R001,VOYAGE,2022-08-22,2,62.9,13.0,9.6,24.7,12.4,0.78,0.0,18.4,0,0.0,2.0,0,0
V02944,R002,VOYAGE,2022-08-24,19,20.6,15.6,7.3,26.0,7.7,0.61,0.0,15.3,0,0.0,19.0,0,0
V01584,R002,VOYAGE,2022-08-25,19,25.8,19.8,6.0,25.3,10.7,1.24,0.0,16.4,0,0.0,19.0,0,0
V01763,R002,VOYAGE,2022-08-26,18,55.2,20.3,9.2,24.5,9.4,1.91,0.0,16.3,0,0.0,18.0,0,0
V01255,R002,VOYAGE,2022-08-27,17,14.5,11.3,4.2,25.2,14.9,1.81,0.0,16.1,0,0.0,17.0,0,0
V00669,R002,VOYAGE,2022-08-27,19,33.4,11.7,8.1,25.2,14.9,1.81,0.0,16.1,0,0.0,19.0,0,0
V02704,R001,VOYAGE,2022-08-31,2,31.8,12.9,2.4,20.9,16.5,1.97,0.0,13.7,0,0.0,2.0,0,0
V02499,R001,VOYAGE,2022-09-01,2,37.0,17.9,2.1,23.1,18.0,1.56,0.0,13.4,0,0.0,2.0,0,0
V01108,R001,VOYAGE,2022-09-02,2,40.9,26.6,12.5,25.6,11.5,1.27,0.0,15.2,0,0.0,2.0,0,0
V02404,R001,VOYAGE,2022-09-02,2,53.0,7.5,10.2,25.6,11.5,1.27,0.0,15.2,0,0.0,2.0,0,0
V02623,R001,VOYAGE,2022-09-04,2,45.0,26.8,5.3,25.2,10.5,0.77,0.0,15.2,0,0.0,2.0,0,0
V00871,R001,VOYAGE,2022-09-04,2,49.0,4.7,10.2,25.2,10.5,0.77,0.0,15.2,0,0.0,2.0,0,0
V00279,R001,VOYAGE,2022-09-07,2,41.4,22.1,7.1,26.9,10.2,1.14,0.0,16.0,0,0.0,2.0,0,0
V03002,R001,VOYAGE,2022-09-08,2,61.6,6.6,6.9,25.6,8.1,0.98,0.0,19.0,0,0.0,2.0,0,0
V00733,R001,VOYAGE,2022-09-09,2,66.8,28.8,5.2,24.7,4.6,0.83,0.0,18.6,0,0.0,2.0,0,0
V01441,R001,VOYAGE,2022-09-10,2,53.1,10.4,10.9,23.5,8.7,1.25,0.0,19.2,0,0.0,2.0,0,0
V01193,R001,VOYAGE,2022-09-13,2,54.3,12.9,9.0,25.6,15.2,1.75,0.0,14.9,0,0.0,2.0,0,0
V03080,R001,VOYAGE,2022-09-14,2,30.4,9.3,11.7,23.6,13.6,2.53,0.0,16.2,0,0.0,2.0,0,0
V00886,R001,VOYAGE,2022-09-15,2,46.7,11.1,10.0,22.2,13.9,2.16,0.0,17.2,0,0.04,2.04,0,0
V01581,R001,VOYAGE,2022-09-15,2,45.9,28.9,6.8,22.2,13.9,2.16,0.0,17.2,0,0.0,2.0,0,0
V00161,R002,VOYAGE,2022-09-15,17,46.6,4.6,8.3,22.2,13.9,2.16,0.0,17.2,0,0.0,17.0,0,0
V01340,R002,VOYAGE,2022-09-17,18,35.5,12.3,13.7,26.2,12.9,1.94,0.0,17.2,0,0.0,18.0,0,0
V01826,R001,VOYAGE,2022-09-17,2,55.8,16.9,6.4,26.2,12.9,1.94,0.0,17.2,0,0.0,2.0,0,0
V02196,R002,VOYAGE,2022-09-18,20,34.2,7.7,5.7,26.6,14.9,2.2,0.0,14.6,0,1.53,21.53,0,0
V01226,R001,VOYAGE,2022-09-19,2,46.9,12.2,10.5,25.8,13.0,1.74,0.0,17.5,0,0.0,2.0,0,0
V00523,R004,AIR,2022-09-20,2,45.1,3.2,10.6,-4.3,40.7,3.8,0.26,0.1,1,1.04,3.04,1,0
V00059,R003,VOYAGE,2022-09-20,12,30.0,9.5,3.9,-4.3,40.7,3.8,0.26,0.1,1,3.67,15.67,1,1
V02241,R001,VOYAGE,2022-09-20,2,53.1,19.4,8.2,26.9,11.8,1.44,0.0,15.8,0,0.07,2.07,0,0
V02906,R001,VOYAGE,2022-09-22,2,55.6,19.7,0.5,25.5,13.1,1.27,0.0,16.4,0,0.0,2.0,0,1
V01104,R002,VOYAGE,2022-09-24,18,48.1,1.0,7.0,26.4,12.0,1.13,0.0,14.9,0,0.53,18.53,0,0
V01014,R003,VOYAGE,2022-09-24,11,67.3,12.4,8.8,-2.7,32.4,3.1,0.281,10.2,0,2.62,13.62,1,0
V02432,R003,VOYAGE,2022-09-24,13,46.1,11.8,9.4,-2.7,32.4,3.1,0.281,10.2,0,0.0,13.0,0,0
V02546,R002,VOYAGE,2022-09-25,20,37.5,10.7,2.0,22.4,21.6,1.98,0.0,11.7,0,0.0,20.0,0,0
V01977,R004,AIR,2022-09-26,2,53.5,6.6,6.3,-0.8,29.5,3.43,0.324,9.7,0,0.59,2.59,1,0
V00138,R002,VOYAGE,2022-09-26,17,38.8,18.6,13.1,24.1,19.2,1.58,0.0,13.7,0,0.0,17.0,0,0
V00812,R002,VOYAGE,2022-09-26,18,30.2,10.7,9.8,24.1,19.2,1.58,0.0,13.7,0,0.0,18.0,0,0
V01527,R002,VOYAGE,2022-09-27,17,38.4,17.4,11.2,23.6,11.5,0.53,0.0,14.7,0,0.0,17.0,0,0
V00829,R002,VOYAGE,2022-09-28,19,33.0,14.6,11.0,23.2,10.9,0.2,0.0,14.9,0,0.0,19.0,0,0
V01470,R002,VOYAGE,2022-09-30,18,22.2,19.7,7.9,25.0,10.4,0.2,0.0,17.1,0,0.08,18.08,0,0
V01260,R002,VOYAGE,2022-10-01,17,34.9,8.1,4.1,24.0,7.1,0.2,0.0,17.3,0,0.0,17.0,0,0
V01075,R005,FIELD,2022-10-01,3,36.5,14.6,4.5,-13.6,23.3,0.0,0.804,13.2,0,0.88,3.88,1,0
V02086,R002,VOYAGE,2022-10-01,18,52.1,23.7,6.2,24.0,7.1,0.2,0.0,17.3,0,0.0,18.0,0,0
V01113,R001,VOYAGE,2022-10-02,2,57.2,15.6,2.8,24.1,10.3,0.2,0.0,16.5,0,0.0,2.0,0,0
V02653,R002,VOYAGE,2022-10-02,17,45.1,8.4,5.6,24.1,10.3,0.2,0.0,16.5,0,0.0,17.0,0,0
V03110,R005,FIELD,2022-10-03,3,49.9,11.4,2.0,-13.4,21.1,0.0,0.796,12.6,0,2.46,5.46,1,0
V00322,R001,VOYAGE,2022-10-04,2,33.6,15.7,10.0,24.4,7.7,0.2,0.0,20.3,0,0.0,2.0,0,0
V00740,R002,VOYAGE,2022-10-04,19,40.0,14.0,5.9,24.4,7.7,0.2,0.0,20.3,0,0.0,19.0,0,0
V00612,R002,VOYAGE,2022-10-04,20,47.7,21.7,6.1,24.4,7.7,0.2,0.0,20.3,0,0.0,20.0,0,0
V00522,R002,VOYAGE,2022-10-05,17,35.4,16.9,6.4,22.2,11.3,0.2,0.0,15.7,0,0.0,17.0,0,0
V00536,R001,VOYAGE,2022-10-06,2,49.3,16.4,11.5,21.5,19.2,0.98,0.0,12.6,0,0.0,2.0,0,0
V00572,R002,VOYAGE,2022-10-07,18,43.0,17.5,13.0,24.1,19.1,1.33,0.0,15.8,0,0.71,18.71,0,0
V02484,R001,VOYAGE,2022-10-08,2,54.1,21.4,4.2,24.5,17.2,1.29,0.0,14.9,0,0.0,2.0,0,0
V02126,R002,VOYAGE,2022-10-09,18,48.3,20.6,14.8,25.4,16.3,1.11,0.0,18.5,0,0.0,18.0,0,0
V01524,R001,VOYAGE,2022-10-10,2,64.1,1.4,5.3,25.1,18.2,1.11,0.0,14.1,0,0.0,2.0,0,0
V02886,R001,VOYAGE,2022-10-11,2,19.9,11.4,6.7,24.2,11.4,0.97,0.0,18.1,0,0.0,2.0,0,0
V00902,R003,VOYAGE,2022-10-11,13,38.3,10.2,1.2,2.3,19.4,3.06,0.419,16.4,0,3.22,16.22,1,0
V00112,R004,AIR,2022-10-12,2,36.0,13.6,15.7,-0.3,25.2,3.05,0.455,11.9,0,0.63,2.63,1,0
V01926,R002,VOYAGE,2022-10-14,19,71.5,16.9,15.1,25.9,18.5,1.31,0.0,13.7,0,0.0,19.0,0,0
V02734,R005,FIELD,2022-10-15,3,47.4,9.2,4.2,-7.0,16.8,0.0,0.795,15.0,0,0.0,3.0,0,0
V01336,R002,VOYAGE,2022-10-15,18,50.9,12.0,9.4,27.6,17.2,0.56,0.0,16.3,0,1.21,19.21,0,0
V02563,R002,VOYAGE,2022-10-20,18,48.1,12.6,10.2,26.2,15.7,1.4,0.0,16.5,0,0.0,18.0,0,0
V01330,R001,VOYAGE,2022-10-21,2,42.2,10.7,14.6,29.4,16.1,1.5,0.0,15.1,0,0.0,2.0,0,0
V02856,R003,VOYAGE,2022-10-22,12,49.8,19.2,9.0,-0.4,28.5,2.97,0.435,11.9,0,3.75,15.75,1,0
V02010,R001,VOYAGE,2022-10-22,2,65.7,16.3,0.5,29.4,20.2,1.67,0.0,14.1,0,0.1,2.1,0,0
V02368,R001,VOYAGE,2022-10-22,2,71.1,13.3,9.8,29.4,20.2,1.67,0.0,14.1,0,0.0,2.0,0,0
V00694,R004,AIR,2022-10-23,2,37.9,23.1,6.0,-0.1,26.6,2.38,0.457,13.0,0,0.68,2.68,1,0
V00899,R002,VOYAGE,2022-10-23,19,18.8,1.0,15.6,25.4,18.1,1.52,0.0,12.4,0,0.0,19.0,0,0
V02344,R001,VOYAGE,2022-10-26,2,44.8,7.5,2.8,26.4,8.9,1.36,0.0,16.5,0,0.0,2.0,0,0
V01085,R002,VOYAGE,2022-10-27,20,47.7,25.7,8.4,26.8,8.4,1.77,0.0,17.8,0,0.0,20.0,0,0
V01402,R002,VOYAGE,2022-10-27,18,46.6,12.5,8.5,26.8,8.4,1.77,0.0,17.8,0,0.48,18.48,0,0
V01813,R001,VOYAGE,2022-10-28,2,38.6,6.9,10.2,26.7,9.0,1.65,0.0,18.4,0,0.0,2.0,0,0
V02097,R001,VOYAGE,2022-10-28,2,30.5,17.5,6.2,26.7,9.0,1.65,0.0,18.4,0,0.0,2.0,0,0
V00878,R001,VOYAGE,2022-10-29,2,36.4,1.0,3.6,26.7,3.6,1.55,0.0,22.4,0,0.0,2.0,0,0
V00320,R002,VOYAGE,2022-10-30,17,25.9,5.0,8.5,27.6,2.0,1.07,0.0,19.4,0,0.0,17.0,0,0
V01115,R004,AIR,2022-11-01,2,17.4,15.0,5.4,2.1,20.3,2.18,0.205,17.1,0,0.27,2.27,1,0
V01060,R002,VOYAGE,2022-11-01,19,50.1,17.2,2.1,25.3,3.0,0.93,0.0,17.9,0,0.0,19.0,0,0
V03034,R002,VOYAGE,2022-11-01,17,47.4,11.4,5.1,25.3,3.0,0.93,0.0,17.9,0,0.0,17.0,0,0
V01706,R004,AIR,2022-11-01,2,48.1,15.2,8.2,2.1,20.3,2.18,0.205,17.1,0,0.0,2.0,0,0
V01555,R005,FIELD,2022-11-01,3,22.8,9.1,4.5,-8.7,24.6,0.0,0.886,15.0,0,0.51,3.51,1,1
V00456,R005,FIELD,2022-11-01,3,39.2,5.3,16.8,-8.7,24.6,0.0,0.886,15.0,0,0.58,3.58,1,0
V02899,R001,VOYAGE,2022-11-02,2,51.8,21.7,11.2,30.1,2.0,1.24,0.0,16.9,0,0.03,2.03,0,0
V02783,R003,VOYAGE,2022-11-03,13,60.3,21.2,5.5,-0.7,23.7,3.0,0.098,16.5,0,2.62,15.62,1,0
V00301,R005,FIELD,2022-11-03,3,38.9,10.6,11.7,-6.7,22.0,0.0,0.815,14.9,0,0.0,3.0,0,0
V00423,R001,VOYAGE,2022-11-03,2,13.9,4.9,9.8,28.6,2.0,1.93,0.0,18.9,0,0.01,2.01,0,0
V00009,R005,FIELD,2022-11-03,3,53.4,4.0,10.6,-6.7,22.0,0.0,0.815,14.9,0,1.32,4.32,1,0
V02575,R002,VOYAGE,2022-11-04,18,40.4,14.9,7.8,28.5,3.9,1.73,0.0,16.5,0,0.0,18.0,0,0
V02319,R001,VOYAGE,2022-11-05,2,33.3,10.6,9.1,26.0,2.8,0.7,0.0,19.2,0,0.0,2.0,0,0
V00180,R001,VOYAGE,2022-11-05,2,39.9,10.6,5.1,26.0,2.8,0.7,0.0,19.2,0,0.0,2.0,0,0
V00965,R004,AIR,2022-11-05,2,2.0,27.1,11.8,-0.5,29.1,3.31,0.0,12.1,0,0.0,2.0,0,0
V00995,R004,AIR,2022-11-05,2,46.2,12.2,13.1,-0.5,29.1,3.31,0.0,12.1,0,0.0,2.0,0,0
V01906,R004,AIR,2022-11-05,2,46.8,13.9,10.1,-0.5,29.1,3.31,0.0,12.1,0,0.23,2.23,1,0
V00102,R004,AIR,2022-11-06,2,17.0,15.0,4.0,0.4,31.4,3.14,0.029,11.5,0,0.64,2.64,1,0
V01663,R003,VOYAGE,2022-11-06,13,31.5,15.3,11.1,0.4,31.4,3.14,0.029,11.5,0,5.11,18.11,1,1
V01985,R001,VOYAGE,2022-11-07,2,34.4,15.0,9.8,25.1,4.9,1.1,0.0,15.7,0,0.0,2.0,0,0
V00820,R003,VOYAGE,2022-11-07,13,40.2,2.6,12.1,3.4,32.9,3.15,0.038,14.1,0,0.0,13.0,0,0
V02656,R004,AIR,2022-11-08,2,27.1,14.3,3.8,3.7,27.5,2.82,0.044,9.0,0,0.3,2.3,1,0
V02877,R003,VOYAGE,2022-11-09,11,25.9,1.0,13.0,1.5,33.4,2.74,0.006,11.0,0,0.0,11.0,0,0
V00553,R005,FIELD,2022-11-09,3,27.0,20.8,0.5,-5.0,15.9,0.0,0.826,16.0,0,0.0,3.0,0,0
V03078,R004,AIR,2022-11-11,2,35.2,3.5,6.6,0.6,35.2,2.41,0.032,9.8,0,1.29,3.29,1,0
V00030,R004,AIR,2022-11-12,2,57.2,14.8,3.5,0.5,41.1,3.44,0.044,8.7,0,0.6,2.6,1,0
V00908,R004,AIR,2022-11-12,2,47.9,1.0,3.4,0.5,41.1,3.44,0.044,8.7,0,0.42,2.42,1,0
V00890,R005,FIELD,2022-11-13,3,41.3,22.0,7.1,-7.0,28.1,0.0,0.712,13.2,0,0.64,3.64,1,0
V02324,R003,VOYAGE,2022-11-13,12,30.6,9.7,3.3,1.2,40.7,3.67,0.09,0.1,1,7.0,19.0,1,0
V01019,R004,AIR,2022-11-14,2,29.9,13.4,8.0,2.1,42.2,3.89,0.137,8.5,0,1.1,3.1,1,0
V00061,R001,VOYAGE,2022-11-14,2,24.4,11.1,7.0,26.6,21.1,3.12,0.0,13.0,0,0.0,2.0,0,0
V01596,R003,VOYAGE,2022-11-14,12,24.7,6.7,11.4,2.1,42.2,3.89,0.137,8.5,0,0.0,12.0,0,0
V01366,R001,VOYAGE,2022-11-14,2,60.3,17.2,14.1,26.6,21.1,3.12,0.0,13.0,0,0.0,2.0,0,0
V01374,R003,VOYAGE,2022-11-14,12,24.3,24.9,5.6,2.1,42.2,3.89,0.137,8.5,0,2.88,14.88,1,0
V02512,R003,VOYAGE,2022-11-15,12,39.6,7.5,1.1,5.0,28.7,2.47,0.13,11.9,0,0.0,12.0,0,0
V01811,R004,AIR,2022-11-15,2,34.2,26.8,13.6,5.0,28.7,2.47,0.13,11.9,0,0.37,2.37,1,0
V02911,R005,FIELD,2022-11-15,3,64.7,18.7,7.8,-8.0,31.1,0.0,0.672,10.9,0,0.69,3.69,1,0
V02311,R003,VOYAGE,2022-11-16,13,28.7,28.4,15.8,4.8,27.5,2.16,0.059,10.3,0,1.7,14.7,1,0
V03044,R003,VOYAGE,2022-11-16,11,35.3,16.9,10.1,4.8,27.5,2.16,0.059,10.3,0,0.0,11.0,0,0
V01429,R001,VOYAGE,2022-11-16,2,31.1,16.5,0.5,30.3,21.0,3.02,0.0,14.6,0,0.04,2.04,0,0
V00173,R004,AIR,2022-11-17,2,24.9,9.8,5.7,3.0,31.2,2.93,0.038,11.8,0,0.22,2.22,1,0
V02306,R004,AIR,2022-11-17,2,35.0,19.1,3.5,3.0,31.2,2.93,0.038,11.8,0,1.28,3.28,1,0
V02223,R003,VOYAGE,2022-11-18,11,53.4,8.0,6.5,4.9,33.7,4.52,0.045,11.6,0,5.22,16.22,1,0
V02683,R004,AIR,2022-11-18,2,68.8,15.9,4.5,4.9,33.7,4.52,0.045,11.6,0,1.48,3.48,1,0
V00315,R001,VOYAGE,2022-11-18,2,44.7,16.9,13.2,29.0,15.9,1.96,0.0,16.7,0,0.0,2.0,0,0
V02924,R003,VOYAGE,2022-11-19,13,65.7,3.2,10.6,6.7,28.1,4.34,0.025,11.3,0,3.16,16.16,1,0
V01077,R003,VOYAGE,2022-11-19,12,14.6,16.1,17.7,6.7,28.1,4.34,0.025,11.3,0,1.47,13.47,1,0
V02308,R005,FIELD,2022-11-19,3,42.0,11.8,3.9,-2.8,19.2,0.0,0.651,16.1,0,0.0,3.0,0,0
V00920,R003,VOYAGE,2022-11-19,11,39.2,15.2,7.5,6.7,28.1,4.34,0.025,11.3,0,1.87,12.87,1,1
V02023,R001,VOYAGE,2022-11-21,2,45.9,15.1,7.8,28.1,20.0,2.64,0.0,15.5,0,0.0,2.0,0,0
V00144,R005,FIELD,2022-11-21,3,31.3,19.8,7.6,-2.0,21.3,0.0,0.591,15.0,0,0.58,3.58,1,0
V02239,R001,VOYAGE,2022-11-21,2,29.0,13.1,14.8,28.1,20.0,2.64,0.0,15.5,0,0.0,2.0,0,0
V00101,R001,VOYAGE,2022-11-21,2,44.2,25.1,5.1,28.1,20.0,2.64,0.0,15.5,0,0.0,2.0,0,0
V01468,R005,FIELD,2022-11-22,3,56.0,3.6,8.8,-5.6,20.2,0.0,0.591,15.5,0,0.0,3.0,0,0
V00944,R003,VOYAGE,2022-11-23,13,54.5,12.4,4.8,6.0,14.1,3.04,0.102,17.3,0,4.48,17.48,1,0
V00517,R005,FIELD,2022-11-24,3,58.4,1.5,15.1,-5.1,22.4,0.0,0.554,14.9,0,0.0,3.0,0,0
V00687,R004,AIR,2022-11-24,2,36.9,18.9,7.6,2.7,19.9,2.71,0.104,14.5,0,0.0,2.0,0,0
V02270,R004,AIR,2022-11-24,2,39.6,2.5,4.5,2.7,19.9,2.71,0.104,14.5,0,0.0,2.0,0,0
V03174,R005,FIELD,2022-11-24,3,32.2,9.7,3.4,-5.1,22.4,0.0,0.554,14.9,0,0.0,3.0,0,0
V01588,R005,FIELD,2022-11-24,3,53.1,22.7,4.6,-5.1,22.4,0.0,0.554,14.9,0,0.0,3.0,0,0
V01158,R005,FIELD,2022-11-25,3,21.0,16.9,12.2,-6.6,19.3,0.0,0.573,14.6,0,0.0,3.0,0,0
V00446,R003,VOYAGE,2022-11-25,12,40.5,22.3,2.2,3.8,24.9,2.42,0.054,14.7,0,0.0,12.0,0,0
V01614,R005,FIELD,2022-11-25,3,52.2,10.6,1.4,-6.6,19.3,0.0,0.573,14.6,0,0.78,3.78,1,0
V02497,R002,VOYAGE,2022-11-26,18,38.2,7.4,12.7,26.2,10.4,1.99,0.0,17.2,0,0.0,18.0,0,0
V02171,R003,VOYAGE,2022-11-26,13,46.5,14.3,11.9,5.3,23.3,1.88,0.11,15.8,0,3.16,16.16,1,0
V00195,R001,VOYAGE,2022-11-26,2,38.5,12.0,5.2,26.2,10.4,1.99,0.0,17.2,0,0.02,2.02,0,0
V01482,R004,AIR,2022-11-27,2,30.0,8.2,2.8,7.3,25.4,2.44,0.145,14.1,0,0.0,2.0,0,0
V02144,R004,AIR,2022-11-27,2,54.2,11.1,7.0,7.3,25.4,2.44,0.145,14.1,0,0.21,2.21,1,0
V00671,R005,FIELD,2022-11-28,3,47.8,12.6,11.3,-2.9,19.0,0.0,0.683,16.1,0,0.44,3.44,1,0
V02429,R001,VOYAGE,2022-11-28,2,20.3,7.8,4.3,26.5,5.9,0.88,0.0,20.3,0,0.0,2.0,0,0
V01102,R002,VOYAGE,2022-11-29,20,39.2,14.7,8.3,25.4,2.0,1.33,0.0,17.3,0,0.0,20.0,0,0
V02125,R001,VOYAGE,2022-11-29,2,39.4,13.9,8.0,25.4,2.0,1.33,0.0,17.3,0,0.0,2.0,0,0
V00753,R005,FIELD,2022-11-29,3,47.8,5.3,11.2,-4.6,20.4,0.0,0.732,12.9,0,1.25,4.25,1,0
V02004,R001,VOYAGE,2022-11-30,2,17.4,24.5,4.9,22.4,2.0,1.13,0.0,21.9,0,0.0,2.0,0,0
V00125,R005,FIELD,2022-11-30,3,71.0,8.5,12.1,-5.5,20.6,0.0,0.689,14.6,0,0.0,3.0,0,0
V01856,R003,VOYAGE,2022-11-30,11,33.5,5.7,10.1,6.2,21.3,2.26,0.193,14.9,0,0.0,11.0,0,0
V02101,R002,VOYAGE,2022-12-01,17,49.7,16.0,16.1,23.8,2.0,0.39,0.0,19.4,0,0.0,17.0,0,0
V01033,R004,AIR,2022-12-01,2,15.1,12.1,4.8,6.2,24.1,2.0,0.171,14.5,0,0.37,2.37,1,1
V01144,R002,VOYAGE,2022-12-01,17,42.9,22.0,10.5,23.8,2.0,0.39,0.0,19.4,0,0.73,17.73,0,0
V02443,R003,VOYAGE,2022-12-01,13,71.5,12.2,3.1,6.2,24.1,2.0,0.171,14.5,0,1.28,14.28,0,0
V02590,R004,AIR,2022-12-01,2,23.0,16.2,9.9,6.2,24.1,2.0,0.171,14.5,0,0.0,2.0,0,0
V02786,R001,VOYAGE,2022-12-02,2,48.9,27.0,8.7,25.2,2.0,1.14,0.0,19.9,0,0.0,2.0,0,0
V02299,R003,VOYAGE,2022-12-02,11,39.8,8.4,7.9,6.2,18.3,1.55,0.232,14.8,0,0.0,11.0,0,0
V00006,R004,AIR,2022-12-02,2,52.5,1.9,6.8,6.2,18.3,1.55,0.232,14.8,0,0.2,2.2,0,1
V02937,R003,VOYAGE,2022-12-02,12,51.5,11.0,0.7,6.2,18.3,1.55,0.232,14.8,0,0.0,12.0,0,1
V03112,R005,FIELD,2022-12-03,3,38.7,13.8,6.8,-3.5,13.0,0.0,0.582,15.4,0,0.22,3.22,0,0
V00012,R003,VOYAGE,2022-12-03,12,55.6,13.9,14.7,6.0,12.7,1.16,0.244,15.6,0,0.0,12.0,0,0
V01887,R003,VOYAGE,2022-12-04,12,42.7,8.9,8.2,6.2,14.1,0.86,0.14,18.4,0,0.0,12.0,0,0
V02413,R001,VOYAGE,2022-12-04,2,62.6,22.1,12.3,24.0,5.0,1.3,0.0,16.1,0,0.0,2.0,0,0
V02392,R005,FIELD,2022-12-04,3,67.9,9.8,8.4,-4.8,14.9,0.0,0.591,15.1,0,0.24,3.24,0,0
V02988,R003,VOYAGE,2022-12-05,12,38.8,16.8,1.4,7.2,14.9,0.93,0.152,14.2,0,0.0,12.0,0,0
V00616,R003,VOYAGE,2022-12-06,13,33.5,14.3,8.6,8.7,17.4,0.86,0.122,13.7,0,0.0,13.0,0,0
V01713,R005,FIELD,2022-12-06,3,46.3,26.0,5.9,-4.8,16.8,0.0,0.561,15.3,0,0.0,3.0,0,0
V00918,R005,FIELD,2022-12-06,3,34.0,14.1,12.0,-4.8,16.8,0.0,0.561,15.3,0,0.46,3.46,1,0
V00408,R005,FIELD,2022-12-06,3,37.7,14.2,5.7,-4.8,16.8,0.0,0.561,15.3,0,0.24,3.24,0,0
V03151,R004,AIR,2022-12-06,2,38.4,15.2,5.8,8.7,17.4,0.86,0.122,13.7,0,0.0,2.0,0,0
V02052,R004,AIR,2022-12-06,2,63.9,3.1,14.8,8.7,17.4,0.86,0.122,13.7,0,0.0,2.0,0,0
V03132,R005,FIELD,2022-12-06,3,50.8,10.7,10.2,-4.8,16.8,0.0,0.561,15.3,0,0.14,3.14,0,0
V01434,R002,VOYAGE,2022-12-07,19,37.9,18.1,7.5,22.3,9.1,1.32,0.0,18.5,0,0.31,19.31,0,0
V02627,R003,VOYAGE,2022-12-07,13,43.1,12.9,11.3,7.0,16.2,1.25,0.154,13.5,0,1.59,14.59,1,0
V01975,R003,VOYAGE,2022-12-08,13,27.3,4.0,6.2,6.5,24.2,2.04,0.163,11.8,0,2.12,15.12,1,0
V02661,R004,AIR,2022-12-08,2,36.2,12.1,9.0,6.5,24.2,2.04,0.163,11.8,0,0.0,2.0,0,0
V01152,R003,VOYAGE,2022-12-09,12,33.7,17.5,2.5,5.7,24.9,1.68,0.084,14.9,0,0.0,12.0,0,0
V01023,R004,AIR,2022-12-09,2,43.7,15.7,6.1,5.7,24.9,1.68,0.084,14.9,0,0.24,2.24,1,0
V01704,R003,VOYAGE,2022-12-09,13,42.1,17.1,4.1,5.7,24.9,1.68,0.084,14.9,0,0.0,13.0,0,0
V02398,R005,FIELD,2022-12-10,3,43.2,1.9,4.4,-2.6,17.8,0.0,0.479,14.3,0,0.0,3.0,0,0
V00487,R003,VOYAGE,2022-12-10,12,51.2,14.7,2.5,4.8,25.7,1.77,0.094,14.7,0,4.86,16.86,1,0
V02351,R005,FIELD,2022-12-10,3,43.3,1.0,5.8,-2.6,17.8,0.0,0.479,14.3,0,0.31,3.31,1,0
V00813,R002,VOYAGE,2022-12-10,18,43.1,22.3,5.5,24.3,7.4,1.61,0.0,15.6,0,0.0,18.0,0,0
V01263,R003,VOYAGE,2022-12-10,11,26.2,8.6,7.2,4.8,25.7,1.77,0.094,14.7,0,0.0,11.0,0,0
V00688,R001,VOYAGE,2022-12-10,2,7.8,22.7,8.6,24.3,7.4,1.61,0.0,15.6,0,0.02,2.02,0,0
V00827,R004,AIR,2022-12-10,2,2.0,9.1,8.7,4.8,25.7,1.77,0.094,14.7,0,0.0,2.0,0,0
V00242,R002,VOYAGE,2022-12-10,19,46.8,18.2,4.4,24.3,7.4,1.61,0.0,15.6,0,1.34,20.34,0,0
V02257,R004,AIR,2022-12-11,2,57.6,14.5,3.2,2.5,26.2,2.61,0.1,12.6,0,0.28,2.28,1,0
V00673,R001,VOYAGE,2022-12-11,2,34.4,2.3,6.6,24.2,7.4,1.54,0.0,21.0,0,0.0,2.0,0,0
V02291,R001,VOYAGE,2022-12-11,2,31.0,13.7,0.5,24.2,7.4,1.54,0.0,21.0,0,0.0,2.0,0,0
V01341,R001,VOYAGE,2022-12-11,2,58.6,20.2,11.7,24.2,7.4,1.54,0.0,21.0,0,0.0,2.0,0,0
V00602,R004,AIR,2022-12-12,2,38.2,10.9,5.9,2.9,29.6,2.4,0.111,12.5,0,0.0,2.0,0,0
V01510,R003,VOYAGE,2022-12-12,12,42.5,22.9,11.1,2.9,29.6,2.4,0.111,12.5,0,2.12,14.12,1,0
V02842,R003,VOYAGE,2022-12-13,12,34.8,11.4,8.6,4.0,30.9,2.68,0.13,11.3,0,0.0,12.0,0,0
V01461,R005,FIELD,2022-12-13,3,42.1,15.8,7.5,-1.6,16.8,0.0,0.504,13.8,0,0.0,3.0,0,0
V01445,R004,AIR,2022-12-13,2,24.9,11.5,8.6,4.0,30.9,2.68,0.13,11.3,0,0.0,2.0,0,0
V01071,R005,FIELD,2022-12-14,3,33.7,10.8,8.3,-0.7,24.4,0.0,0.492,11.2,0,0.0,3.0,0,1
V00236,R003,VOYAGE,2022-12-14,13,29.4,15.9,11.3,4.0,31.5,2.76,0.183,9.4,0,2.08,15.08,1,0
V00192,R002,VOYAGE,2022-12-14,17,32.9,11.6,6.0,28.8,13.8,1.53,0.0,14.7,0,0.0,17.0,0,0
V02537,R005,FIELD,2022-12-14,3,51.9,18.8,6.3,-0.7,24.4,0.0,0.492,11.2,0,0.78,3.78,1,0
V00205,R002,VOYAGE,2022-12-15,18,47.0,16.0,8.2,28.2,10.0,0.71,0.0,16.9,0,0.0,18.0,0,0
V02437,R003,VOYAGE,2022-12-16,13,47.8,17.0,5.0,5.1,25.2,2.87,0.175,15.0,0,0.0,13.0,0,0
V02919,R005,FIELD,2022-12-16,3,38.1,15.3,4.8,1.6,15.8,0.0,0.492,15.4,0,0.0,3.0,0,0
V02848,R002,VOYAGE,2022-12-17,19,49.7,15.3,2.3,24.2,10.1,1.26,0.0,16.0,0,0.64,19.64,0,0
V00680,R004,AIR,2022-12-17,2,52.5,9.0,5.9,7.3,18.6,2.31,0.209,15.3,0,0.17,2.17,0,0
V00645,R003,VOYAGE,2022-12-18,12,23.7,8.7,5.3,6.4,19.2,2.32,0.283,13.3,0,0.0,12.0,0,0
V00647,R005,FIELD,2022-12-18,3,28.9,16.3,9.3,-2.2,16.0,0.0,0.555,14.1,0,0.0,3.0,0,0
V00634,R004,AIR,2022-12-18,2,51.6,12.9,10.5,6.4,19.2,2.32,0.283,13.3,0,0.26,2.26,1,0
V00880,R004,AIR,2022-12-18,2,49.3,10.0,8.6,6.4,19.2,2.32,0.283,13.3,0,0.0,2.0,0,0
V02180,R001,VOYAGE,2022-12-18,2,29.6,23.5,7.2,26.3,6.1,1.2,0.0,20.7,0,0.0,2.0,0,0
V00046,R004,AIR,2022-12-18,2,23.3,15.5,5.8,6.4,19.2,2.32,0.283,13.3,0,0.13,2.13,0,0
V03099,R003,VOYAGE,2022-12-18,11,41.2,25.6,12.1,6.4,19.2,2.32,0.283,13.3,0,0.89,11.89,0,0
V02840,R005,FIELD,2022-12-19,3,32.2,7.5,7.7,-1.8,16.8,0.0,0.584,15.5,0,0.3,3.3,0,0
V00809,R005,FIELD,2022-12-19,3,21.6,2.4,10.9,-1.8,16.8,0.0,0.584,15.5,0,0.0,3.0,0,0
V03146,R004,AIR,2022-12-20,2,30.9,11.2,0.5,4.6,22.1,2.4,0.28,12.8,0,0.26,2.26,1,0
V01460,R002,VOYAGE,2022-12-20,19,29.9,13.2,4.8,27.1,5.7,1.08,0.0,19.1,0,0.0,19.0,0,0
V00160,R004,AIR,2022-12-20,2,61.5,23.3,8.4,4.6,22.1,2.4,0.28,12.8,0,0.51,2.51,1,0
V00417,R004,AIR,2022-12-20,2,38.1,4.1,10.2,4.6,22.1,2.4,0.28,12.8,0,0.0,2.0,0,0
V01579,R004,AIR,2022-12-21,2,39.1,11.2,6.9,7.6,22.5,1.93,0.274,13.8,0,0.0,2.0,0,0
V02423,R005,FIELD,2022-12-21,3,34.4,3.3,0.5,-1.2,19.4,0.0,0.601,14.4,0,1.22,4.22,1,1
V01821,R005,FIELD,2022-12-21,3,44.1,16.4,6.4,-1.2,19.4,0.0,0.601,14.4,0,0.78,3.78,1,0
V02366,R003,VOYAGE,2022-12-21,13,18.7,4.6,5.1,7.6,22.5,1.93,0.274,13.8,0,1.04,14.04,0,0
V02077,R005,FIELD,2022-12-21,3,49.0,20.2,16.6,-1.2,19.4,0.0,0.601,14.4,0,0.0,3.0,0,0
V01657,R001,VOYAGE,2022-12-22,2,11.6,7.7,0.5,28.4,3.0,1.08,0.0,20.1,0,0.0,2.0,0,0
V01541,R001,VOYAGE,2022-12-22,2,38.7,15.7,16.0,28.4,3.0,1.08,0.0,20.1,0,0.0,2.0,0,0
V01416,R005,FIELD,2022-12-22,3,52.2,21.2,0.5,-5.8,16.4,0.0,0.554,16.7,0,1.06,4.06,1,0
V02372,R002,VOYAGE,2022-12-23,18,49.0,20.9,4.8,26.1,4.2,0.9,0.0,21.2,0,0.0,18.0,0,0
V00207,R003,VOYAGE,2022-12-23,13,69.3,9.0,8.6,6.6,20.3,2.7,0.241,13.8,0,3.26,16.26,1,0
V01744,R001,VOYAGE,2022-12-23,2,31.2,4.8,13.5,26.1,4.2,0.9,0.0,21.2,0,0.0,2.0,0,0
V00629,R004,AIR,2022-12-24,2,65.4,8.1,12.8,8.2,20.8,2.25,0.308,12.0,0,0.32,2.32,1,0
V01031,R005,FIELD,2022-12-24,3,43.1,7.1,4.9,-5.1,14.6,0.0,0.513,16.6,0,0.26,3.26,0,0
V02075,R004,AIR,2022-12-25,2,43.6,8.0,8.9,4.3,16.5,1.93,0.251,18.6,0,0.0,2.0,0,0
V01857,R003,VOYAGE,2022-12-25,13,38.4,15.0,9.4,4.3,16.5,1.93,0.251,18.6,0,0.0,13.0,0,0
V00196,R005,FIELD,2022-12-25,3,87.5,12.0,9.8,-3.5,14.2,0.0,0.554,13.1,0,0.84,3.84,1,0
V01386,R004,AIR,2022-12-25,2,37.5,13.5,8.8,4.3,16.5,1.93,0.251,18.6,0,0.48,2.48,1,0
V02870,R005,FIELD,2022-12-26,3,39.8,12.0,6.5,-0.6,9.2,0.0,0.502,14.4,0,0.0,3.0,0,0
V00568,R004,AIR,2022-12-26,2,31.4,5.6,7.4,5.2,19.0,1.99,0.277,15.0,0,0.31,2.31,1,0
V00387,R004,AIR,2022-12-27,2,61.3,17.5,2.5,6.2,13.0,1.31,0.248,17.0,0,0.52,2.52,1,0
V01539,R001,VOYAGE,2022-12-27,2,2.0,9.5,8.5,29.0,2.0,0.83,0.0,20.6,0,0.0,2.0,0,0
V02157,R001,VOYAGE,2022-12-27,2,30.4,13.8,6.3,29.0,2.0,0.83,0.0,20.6,0,0.0,2.0,0,0
V01841,R003,VOYAGE,2022-12-28,12,75.4,9.6,7.3,5.7,15.9,0.89,0.168,14.9,0,0.72,12.72,0,0
V01642,R004,AIR,2022-12-28,2,33.9,11.0,8.9,5.7,15.9,0.89,0.168,14.9,0,0.0,2.0,0,0
V01846,R001,VOYAGE,2022-12-28,2,39.6,13.4,0.5,25.6,4.7,0.33,0.0,19.4,0,0.0,2.0,0,0
V01640,R004,AIR,2022-12-29,2,27.2,14.4,7.6,4.8,11.9,0.67,0.148,14.3,0,0.16,2.16,0,0
V01277,R005,FIELD,2022-12-29,3,34.2,7.4,5.1,-0.5,14.7,0.0,0.511,15.5,0,0.35,3.35,1,0
V02217,R005,FIELD,2022-12-29,3,48.8,18.0,12.8,-0.5,14.7,0.0,0.511,15.5,0,0.09,3.09,0,0
V02074,R004,AIR,2022-12-30,2,31.1,16.7,0.5,4.1,12.3,0.79,0.115,16.4,0,0.0,2.0,0,0
V00979,R004,AIR,2022-12-30,2,34.9,11.0,4.3,4.1,12.3,0.79,0.115,16.4,0,0.0,2.0,0,0
V01678,R005,FIELD,2022-12-30,3,35.4,9.0,3.6,0.2,15.6,0.0,0.553,18.8,0,0.15,3.15,0,0
V02838,R004,AIR,2022-12-30,2,47.4,16.5,11.4,4.1,12.3,0.79,0.115,16.4,0,0.0,2.0,0,0
V02850,R003,VOYAGE,2022-12-31,12,64.4,12.3,7.7,3.9,17.3,0.72,0.13,14.7,0,0.0,12.0,0,0
V00709,R002,VOYAGE,2022-12-31,18,51.7,24.8,7.9,24.2,6.9,0.2,0.0,18.1,0,0.0,18.0,0,0
V02535,R004,AIR,2022-12-31,2,28.4,11.9,10.3,3.9,17.3,0.72,0.13,14.7,0,0.0,2.0,0,0
V02045,R005,FIELD,2023-01-01,3,27.5,15.9,7.0,-0.8,17.7,0.0,0.605,14.0,0,0.85,3.85,1,0
V01125,R003,VOYAGE,2023-01-01,11,48.6,21.7,5.1,3.7,19.1,1.15,0.124,15.7,0,1.2,12.2,1,0
V01149,R003,VOYAGE,2023-01-02,12,35.0,11.0,5.1,3.3,13.9,1.51,0.075,17.5,0,1.38,13.38,1,0
V00390,R003,VOYAGE,2023-01-02,12,36.3,10.6,10.2,3.3,13.9,1.51,0.075,17.5,0,0.0,12.0,0,0
V00666,R001,VOYAGE,2023-01-02,2,42.7,2.4,5.7,26.6,6.8,0.2,0.0,18.6,0,0.0,2.0,0,0
V02821,R002,VOYAGE,2023-01-02,19,23.6,5.6,0.5,26.6,6.8,0.2,0.0,18.6,0,0.0,19.0,0,0
V01387,R005,FIELD,2023-01-03,3,35.3,15.7,14.6,0.4,5.2,0.0,0.585,19.2,0,0.0,3.0,0,0
V00016,R005,FIELD,2023-01-03,3,29.9,14.6,4.3,0.4,5.2,0.0,0.585,19.2,0,0.0,3.0,0,0
V00806,R005,FIELD,2023-01-03,3,34.1,12.2,16.7,0.4,5.2,0.0,0.585,19.2,0,0.0,3.0,0,0
V02939,R003,VOYAGE,2023-01-04,12,40.8,3.2,10.9,5.4,9.3,1.61,0.164,18.9,0,0.0,12.0,0,0
V01708,R005,FIELD,2023-01-04,3,28.9,8.7,6.5,0.8,6.6,0.0,0.638,17.3,0,0.0,3.0,0,0
V03085,R003,VOYAGE,2023-01-04,11,70.5,7.7,8.0,5.4,9.3,1.61,0.164,18.9,0,0.96,11.96,0,0
V00935,R002,VOYAGE,2023-01-05,17,57.6,10.9,11.2,27.3,10.3,1.0,0.0,17.0,0,0.54,17.54,0,0
V00672,R002,VOYAGE,2023-01-05,19,29.5,5.9,4.6,27.3,10.3,1.0,0.0,17.0,0,0.0,19.0,0,0
V01413,R003,VOYAGE,2023-01-06,13,40.5,15.0,7.5,1.4,8.6,1.32,0.206,18.2,0,1.97,14.97,1,0
V01855,R003,VOYAGE,2023-01-06,13,48.7,1.0,14.9,1.4,8.6,1.32,0.206,18.2,0,0.0,13.0,0,0
V00961,R005,FIELD,2023-01-07,3,62.1,12.4,6.1,3.0,9.4,0.0,0.57,17.6,0,0.76,3.76,1,0
V00250,R003,VOYAGE,2023-01-07,11,26.0,6.9,2.9,3.9,12.9,1.65,0.188,18.0,0,0.0,11.0,0,0
V00978,R004,AIR,2023-01-07,2,33.7,14.6,9.6,3.9,12.9,1.65,0.188,18.0,0,0.0,2.0,0,0
V02879,R004,AIR,2023-01-08,2,22.4,5.1,11.6,3.9,16.2,2.01,0.201,16.2,0,0.0,2.0,0,0
V01839,R002,VOYAGE,2023-01-09,18,38.3,8.2,13.0,28.7,17.9,2.3,0.0,14.0,0,0.0,18.0,0,0
V01361,R003,VOYAGE,2023-01-09,12,84.3,4.0,1.4,3.7,19.5,2.87,0.161,11.7,0,0.68,12.68,0,0
V00099,R003,VOYAGE,2023-01-09,13,28.1,2.9,15.4,3.7,19.5,2.87,0.161,11.7,0,0.0,13.0,0,0
V00772,R004,AIR,2023-01-10,2,81.7,12.7,1.3,3.9,20.1,2.47,0.154,14.1,0,1.9,3.9,1,0
V00887,R004,AIR,2023-01-10,2,47.6,13.5,4.5,3.9,20.1,2.47,0.154,14.1,0,0.22,2.22,1,0
V02547,R002,VOYAGE,2023-01-10,17,17.8,1.0,2.2,26.2,11.3,2.41,0.0,20.8,0,0.0,17.0,0,0
V00663,R003,VOYAGE,2023-01-11,13,59.6,17.8,13.9,4.5,19.7,1.36,0.135,13.2,0,0.0,13.0,0,0
V00132,R001,VOYAGE,2023-01-11,2,29.8,13.8,8.4,28.9,3.5,2.18,0.0,16.9,0,0.0,2.0,0,0
V02183,R003,VOYAGE,2023-01-11,13,39.7,14.6,7.3,4.5,19.7,1.36,0.135,13.2,0,0.0,13.0,0,0
V01087,R005,FIELD,2023-01-11,3,28.3,9.5,7.5,3.0,19.0,0.0,0.615,14.5,0,0.0,3.0,0,0
V00017,R003,VOYAGE,2023-01-11,12,29.7,9.8,6.7,4.5,19.7,1.36,0.135,13.2,0,1.08,13.08,0,0
V01209,R004,AIR,2023-01-12,2,59.4,7.4,13.9,3.9,16.5,0.98,0.067,15.7,0,0.09,2.09,0,0
V01333,R005,FIELD,2023-01-13,3,58.3,5.3,9.4,5.9,18.0,0.0,0.659,13.7,0,0.66,3.66,1,0
V01388,R005,FIELD,2023-01-13,3,14.1,6.1,7.7,5.9,18.0,0.0,0.659,13.7,0,0.0,3.0,0,0
V01893,R004,AIR,2023-01-13,2,58.1,16.8,7.3,5.0,16.0,1.34,0.069,14.3,0,0.14,2.14,0,0
V00063,R003,VOYAGE,2023-01-13,12,17.7,22.9,8.2,5.0,16.0,1.34,0.069,14.3,0,0.0,12.0,0,0
V01771,R001,VOYAGE,2023-01-14,2,36.8,3.0,12.0,29.0,9.7,1.81,0.0,20.3,0,0.0,2.0,0,0
V02450,R003,VOYAGE,2023-01-14,13,37.0,20.2,5.7,3.7,12.5,1.31,0.048,17.4,0,3.0,16.0,1,0
V01768,R002,VOYAGE,2023-01-14,18,28.5,14.0,6.9,29.0,9.7,1.81,0.0,20.3,0,0.2,18.2,0,0
V01107,R003,VOYAGE,2023-01-14,12,23.9,14.6,15.5,3.7,12.5,1.31,0.048,17.4,0,0.26,12.26,0,0
V01284,R002,VOYAGE,2023-01-14,19,40.0,2.6,6.0,29.0,9.7,1.81,0.0,20.3,0,0.0,19.0,0,0
V01697,R005,FIELD,2023-01-15,3,34.9,5.5,6.6,1.4,21.5,0.0,0.56,13.2,0,0.51,3.51,1,0
V00729,R005,FIELD,2023-01-15,3,43.2,12.6,4.1,1.4,21.5,0.0,0.56,13.2,0,0.2,3.2,0,0
V02278,R002,VOYAGE,2023-01-15,18,44.1,8.3,3.3,27.5,3.5,0.7,0.0,17.0,0,0.0,18.0,0,0
V02985,R005,FIELD,2023-01-15,3,26.2,6.9,1.2,1.4,21.5,0.0,0.56,13.2,0,0.4,3.4,1,0
V01303,R003,VOYAGE,2023-01-17,11,12.2,19.4,9.0,3.2,14.6,0.85,0.102,18.3,0,0.0,11.0,0,0
V02058,R004,AIR,2023-01-17,2,5.1,19.2,6.5,3.2,14.6,0.85,0.102,18.3,0,0.0,2.0,0,0
V01162,R005,FIELD,2023-01-18,3,36.9,8.8,2.0,-5.9,30.1,0.0,0.573,13.0,0,1.33,4.33,1,0
V01271,R004,AIR,2023-01-18,2,62.9,21.9,1.8,3.4,27.0,1.24,0.062,9.9,0,0.37,2.37,1,0
V01618,R005,FIELD,2023-01-18,3,37.3,21.2,8.7,-5.9,30.1,0.0,0.573,13.0,0,0.33,3.33,1,0
V00117,R003,VOYAGE,2023-01-18,11,32.3,20.5,12.6,3.4,27.0,1.24,0.062,9.9,0,3.13,14.13,1,0
V02186,R003,VOYAGE,2023-01-18,13,41.4,19.3,4.6,3.4,27.0,1.24,0.062,9.9,0,3.02,16.02,1,0
V01656,R004,AIR,2023-01-19,2,41.2,6.3,5.6,4.8,21.7,1.42,0.047,12.1,0,0.09,2.09,0,0
V01971,R004,AIR,2023-01-19,2,28.7,9.2,0.5,4.8,21.7,1.42,0.047,12.1,0,0.0,2.0,0,0
V02756,R005,FIELD,2023-01-19,3,23.1,6.7,0.5,-6.2,24.7,0.0,0.574,13.1,0,1.1,4.1,1,0
V02860,R004,AIR,2023-01-19,2,29.5,19.0,5.9,4.8,21.7,1.42,0.047,12.1,0,0.0,2.0,0,0
V02486,R005,FIELD,2023-01-19,3,21.7,10.2,6.0,-6.2,24.7,0.0,0.574,13.1,0,0.57,3.57,1,0
V00431,R005,FIELD,2023-01-20,3,52.4,15.0,4.2,-4.3,22.0,0.0,0.568,12.2,0,1.42,4.42,1,0
V01712,R005,FIELD,2023-01-20,3,43.5,17.5,6.4,-4.3,22.0,0.0,0.568,12.2,0,0.0,3.0,0,0
V02720,R001,VOYAGE,2023-01-20,2,54.7,8.5,9.2,25.3,16.0,2.5,0.0,17.4,0,0.06,2.06,0,0
V00624,R002,VOYAGE,2023-01-21,18,23.4,10.7,9.4,23.9,12.3,2.07,0.0,15.9,0,0.0,18.0,0,0
V02530,R003,VOYAGE,2023-01-21,11,30.4,21.9,10.5,6.5,16.9,1.15,0.0,16.8,0,0.0,11.0,0,0
V00214,R005,FIELD,2023-01-21,3,51.9,5.8,3.6,-3.8,14.3,0.0,0.518,18.4,0,0.16,3.16,0,0
V00166,R002,VOYAGE,2023-01-22,18,53.5,10.6,0.5,24.5,12.5,2.04,0.0,16.8,0,1.13,19.13,0,0
V01974,R005,FIELD,2023-01-22,3,37.7,12.6,0.5,-3.8,16.0,0.0,0.439,15.6,0,0.29,3.29,0,0
V00963,R001,VOYAGE,2023-01-22,2,29.5,11.2,6.0,24.5,12.5,2.04,0.0,16.8,0,0.0,2.0,0,0
V00744,R002,VOYAGE,2023-01-23,17,34.4,3.9,10.3,24.4,11.5,1.54,0.0,14.0,0,0.0,17.0,0,0
V01773,R005,FIELD,2023-01-23,3,21.5,9.7,9.7,-5.8,19.3,0.0,0.406,12.6,0,0.0,3.0,0,0
V01784,R003,VOYAGE,2023-01-24,12,25.1,9.4,3.7,5.3,20.6,1.69,0.001,14.1,0,0.0,12.0,0,0
V02790,R004,AIR,2023-01-24,2,45.2,23.2,5.6,5.3,20.6,1.69,0.001,14.1,0,0.47,2.47,1,0
V01989,R003,VOYAGE,2023-01-24,12,62.9,12.7,9.2,5.3,20.6,1.69,0.001,14.1,0,1.87,13.87,1,0
V02122,R003,VOYAGE,2023-01-24,12,64.9,19.9,1.1,5.3,20.6,1.69,0.001,14.1,0,0.0,12.0,0,0
V00720,R002,VOYAGE,2023-01-24,18,54.4,19.8,5.4,24.0,8.0,0.95,0.0,17.9,0,0.71,18.71,0,0
V02247,R001,VOYAGE,2023-01-25,2,16.9,8.7,8.1,27.0,16.2,1.82,0.0,14.3,0,0.0,2.0,0,0
V01411,R004,AIR,2023-01-25,2,52.9,15.5,4.2,3.6,19.5,1.82,0.019,11.6,0,0.38,2.38,1,0
V01287,R005,FIELD,2023-01-26,3,27.9,19.8,0.5,-2.3,16.5,0.0,0.373,14.0,0,0.0,3.0,0,0
V02527,R004,AIR,2023-01-26,2,33.8,8.4,13.3,3.8,19.5,1.95,0.0,13.4,0,0.0,2.0,0,0
V02504,R004,AIR,2023-01-26,2,58.4,7.8,8.4,3.8,19.5,1.95,0.0,13.4,0,0.0,2.0,0,1
V00071,R005,FIELD,2023-01-26,3,21.3,15.3,7.1,-2.3,16.5,0.0,0.373,14.0,0,0.0,3.0,0,0
V02857,R005,FIELD,2023-01-26,3,45.7,4.4,7.6,-2.3,16.5,0.0,0.373,14.0,0,0.58,3.58,1,0
V03156,R005,FIELD,2023-01-27,3,48.9,17.8,9.0,-5.5,19.3,0.0,0.404,14.1,0,0.0,3.0,0,0
V02887,R002,VOYAGE,2023-01-27,17,45.1,8.4,8.2,29.2,24.9,2.14,0.0,10.5,0,0.0,17.0,0,0
V00527,R003,VOYAGE,2023-01-28,13,44.0,27.0,7.7,5.6,14.5,1.39,0.079,14.9,0,4.0,17.0,1,0
V02050,R004,AIR,2023-01-28,2,38.2,17.4,5.4,5.6,14.5,1.39,0.079,14.9,0,0.0,2.0,0,0
V01522,R002,VOYAGE,2023-01-29,17,51.6,16.1,3.0,28.6,21.8,2.13,0.0,11.3,0,0.0,17.0,0,0
V01992,R002,VOYAGE,2023-01-29,19,36.8,11.0,11.9,28.6,21.8,2.13,0.0,11.3,0,2.45,21.45,1,0
V01874,R004,AIR,2023-01-30,2,83.0,8.0,2.0,5.1,13.8,1.2,0.093,20.0,0,0.37,2.37,1,0
V02377,R005,FIELD,2023-01-30,3,39.9,8.5,8.6,-4.0,19.7,0.0,0.384,15.0,0,0.35,3.35,1,0
V02174,R002,VOYAGE,2023-01-31,17,36.3,21.5,8.8,25.9,23.0,2.29,0.0,11.7,0,0.0,17.0,0,0
V03032,R004,AIR,2023-01-31,2,42.9,16.3,2.8,4.7,15.7,2.17,0.103,15.2,0,0.66,2.66,1,0
V02041,R005,FIELD,2023-01-31,3,63.9,12.8,3.8,-3.4,22.3,0.0,0.409,15.0,0,0.85,3.85,1,0
V02301,R003,VOYAGE,2023-01-31,12,2.0,10.1,8.1,4.7,15.7,2.17,0.103,15.2,0,0.0,12.0,0,0
V02248,R001,VOYAGE,2023-02-01,2,45.8,15.5,8.2,28.4,26.0,2.69,0.0,11.4,0,0.0,2.0,0,0
V00973,R003,VOYAGE,2023-02-01,12,39.7,15.2,9.5,5.1,19.0,1.81,0.094,15.1,0,0.0,12.0,0,0
V02914,R004,AIR,2023-02-01,2,44.7,6.4,5.4,5.1,19.0,1.81,0.094,15.1,0,0.0,2.0,0,0
V00598,R005,FIELD,2023-02-01,3,45.0,23.8,11.6,-2.1,21.8,0.0,0.378,14.9,0,0.0,3.0,0,0
V01409,R001,VOYAGE,2023-02-01,2,36.2,13.7,5.3,28.4,26.0,2.69,0.0,11.4,0,0.0,2.0,0,0
V00047,R005,FIELD,2023-02-02,3,46.5,12.2,6.1,-1.8,23.3,0.0,0.398,13.5,0,0.0,3.0,0,0
V00358,R004,AIR,2023-02-02,2,28.3,14.8,4.0,5.1,18.9,1.73,0.106,15.1,0,0.22,2.22,1,0
V00543,R005,FIELD,2023-02-02,3,67.5,11.8,6.2,-1.8,23.3,0.0,0.398,13.5,0,0.0,3.0,0,0
V00768,R004,AIR,2023-02-03,2,62.7,6.6,7.7,5.5,18.8,1.84,0.102,15.6,0,0.63,2.63,1,0
V03140,R003,VOYAGE,2023-02-03,11,34.5,20.3,3.8,5.5,18.8,1.84,0.102,15.6,0,2.8,13.8,1,0
V01578,R005,FIELD,2023-02-03,3,12.3,20.1,14.7,-0.9,27.1,0.0,0.426,13.8,0,0.31,3.31,1,0
V00397,R002,VOYAGE,2023-02-04,19,49.2,10.9,10.2,28.1,27.2,2.9,0.0,14.1,0,0.0,19.0,0,0
V01351,R004,AIR,2023-02-04,2,50.1,17.1,12.0,5.6,13.5,1.52,0.121,15.5,0,0.17,2.17,0,0
V00934,R003,VOYAGE,2023-02-04,12,46.9,4.6,9.8,5.6,13.5,1.52,0.121,15.5,0,0.89,12.89,0,0
V00867,R005,FIELD,2023-02-05,3,64.1,11.3,16.6,-4.1,26.2,0.0,0.408,15.4,0,0.0,3.0,0,0
V00283,R002,VOYAGE,2023-02-05,19,37.1,24.7,10.9,27.8,26.3,2.9,0.0,15.0,0,0.0,19.0,0,1
V00698,R002,VOYAGE,2023-02-05,19,73.9,14.4,3.4,27.8,26.3,2.9,0.0,15.0,0,2.32,21.32,1,0
V02323,R003,VOYAGE,2023-02-05,13,55.8,18.5,9.8,3.5,17.1,2.16,0.124,17.1,0,0.0,13.0,0,0
V03147,R003,VOYAGE,2023-02-05,13,22.6,12.3,4.9,3.5,17.1,2.16,0.124,17.1,0,0.0,13.0,0,0
V01900,R005,FIELD,2023-02-05,3,55.1,17.5,5.6,-4.1,26.2,0.0,0.408,15.4,0,0.0,3.0,0,0
V01430,R002,VOYAGE,2023-02-05,20,40.7,16.7,4.7,27.8,26.3,2.9,0.0,15.0,0,0.0,20.0,0,0
V02509,R003,VOYAGE,2023-02-05,12,27.9,13.6,11.0,3.5,17.1,2.16,0.124,17.1,0,4.98,16.98,1,0
V03074,R005,FIELD,2023-02-05,3,49.9,9.2,8.2,-4.1,26.2,0.0,0.408,15.4,0,0.0,3.0,0,0
V00077,R001,VOYAGE,2023-02-06,2,49.8,20.6,6.7,26.6,17.9,1.98,0.0,13.8,0,0.0,2.0,0,0
V02878,R005,FIELD,2023-02-06,3,46.5,10.7,0.5,-3.1,30.2,0.0,0.391,10.4,0,1.06,4.06,1,1
V02215,R001,VOYAGE,2023-02-06,2,6.8,14.2,3.8,26.6,17.9,1.98,0.0,13.8,0,0.0,2.0,0,0
V00787,R001,VOYAGE,2023-02-07,2,70.6,12.3,15.7,28.7,17.5,2.64,0.0,17.3,0,0.0,2.0,0,0
V01086,R004,AIR,2023-02-07,2,48.1,18.4,10.4,0.8,19.7,2.08,0.024,12.6,0,0.0,2.0,0,0
V01186,R003,VOYAGE,2023-02-07,11,37.3,11.7,12.5,0.8,19.7,2.08,0.024,12.6,0,0.96,11.96,0,0
V00079,R005,FIELD,2023-02-07,3,47.4,7.9,8.1,-1.9,28.6,0.0,0.41,11.0,0,0.77,3.77,1,0
V02585,R001,VOYAGE,2023-02-08,2,39.3,8.6,13.7,29.1,14.9,2.44,0.0,13.6,0,0.0,2.0,0,0
V00156,R004,AIR,2023-02-08,2,41.5,19.0,8.6,2.3,25.2,2.67,0.051,12.8,0,0.0,2.0,0,0
V00859,R005,FIELD,2023-02-08,3,31.6,11.6,9.1,-1.2,23.6,0.0,0.451,12.5,0,0.0,3.0,0,0
V01320,R005,FIELD,2023-02-08,3,54.1,27.5,7.9,-1.2,23.6,0.0,0.451,12.5,0,0.24,3.24,0,0
V03107,R005,FIELD,2023-02-09,3,51.9,10.7,14.5,-1.2,25.9,0.0,0.452,11.8,0,0.0,3.0,0,0
V02182,R005,FIELD,2023-02-09,3,37.5,11.9,0.5,-1.2,25.9,0.0,0.452,11.8,0,0.57,3.57,1,0
V02204,R004,AIR,2023-02-09,2,47.6,11.9,5.0,2.2,24.4,3.24,0.041,12.9,0,0.26,2.26,1,0
V02191,R005,FIELD,2023-02-09,3,41.6,17.5,14.9,-1.2,25.9,0.0,0.452,11.8,0,0.0,3.0,0,0
V00801,R005,FIELD,2023-02-09,3,43.9,20.2,5.3,-1.2,25.9,0.0,0.452,11.8,0,0.0,3.0,0,0
V02711,R001,VOYAGE,2023-02-10,2,13.9,21.1,8.3,31.3,16.6,1.76,0.0,14.6,0,0.0,2.0,0,0
V01899,R005,FIELD,2023-02-11,3,55.6,20.1,14.7,-1.7,34.1,0.0,0.533,10.1,0,0.36,3.36,1,0
V02102,R005,FIELD,2023-02-11,3,44.4,7.7,2.5,-1.7,34.1,0.0,0.533,10.1,0,1.12,4.12,1,0
V02543,R005,FIELD,2023-02-11,3,46.6,3.9,8.1,-1.7,34.1,0.0,0.533,10.1,0,1.46,4.46,1,0
V02551,R001,VOYAGE,2023-02-11,2,40.5,13.1,9.7,32.6,22.3,1.68,0.0,12.4,0,0.0,2.0,0,0
V02383,R005,FIELD,2023-02-11,3,30.7,14.6,11.0,-1.7,34.1,0.0,0.533,10.1,0,0.97,3.97,1,0
V02751,R001,VOYAGE,2023-02-12,2,44.6,10.2,11.9,33.1,25.8,2.31,0.0,13.7,0,0.0,2.0,0,0
V00838,R004,AIR,2023-02-12,2,45.7,18.8,7.0,6.7,23.0,3.04,0.085,14.5,0,0.0,2.0,0,0
V03104,R002,VOYAGE,2023-02-12,17,48.6,12.0,6.4,33.1,25.8,2.31,0.0,13.7,0,2.78,19.78,1,0
V02650,R005,FIELD,2023-02-12,3,72.2,23.8,6.1,-1.3,34.9,0.0,0.57,10.4,0,0.45,3.45,1,0
V00398,R005,FIELD,2023-02-12,3,30.5,6.7,11.7,-1.3,34.9,0.0,0.57,10.4,0,0.0,3.0,0,0
V02853,R003,VOYAGE,2023-02-13,12,37.5,13.1,7.1,8.2,22.2,2.87,0.128,14.6,0,1.83,13.83,1,0
V00430,R002,VOYAGE,2023-02-13,19,42.7,15.3,7.7,30.2,24.8,2.28,0.0,14.5,0,0.0,19.0,0,0
V00459,R002,VOYAGE,2023-02-13,18,2.0,11.3,13.0,30.2,24.8,2.28,0.0,14.5,0,0.0,18.0,0,0
V02560,R003,VOYAGE,2023-02-13,12,13.4,19.6,8.0,8.2,22.2,2.87,0.128,14.6,0,0.0,12.0,0,0
V01393,R005,FIELD,2023-02-14,3,21.6,8.7,6.7,2.7,22.1,0.0,0.624,14.1,0,0.16,3.16,0,0
V01300,R004,AIR,2023-02-14,2,29.9,7.0,6.4,9.3,20.5,2.73,0.135,14.8,0,0.0,2.0,0,0
V01907,R004,AIR,2023-02-14,2,54.8,8.3,6.9,9.3,20.5,2.73,0.135,14.8,0,0.16,2.16,0,0
V03152,R001,VOYAGE,2023-02-14,2,38.5,15.4,4.8,28.8,28.0,1.66,0.0,13.5,0,0.15,2.15,0,0
V00384,R001,VOYAGE,2023-02-15,2,24.3,11.2,12.2,27.2,25.8,1.99,0.0,13.1,0,0.04,2.04,0,0
V02861,R005,FIELD,2023-02-15,3,34.4,14.4,6.9,0.5,20.1,0.0,0.631,12.7,0,0.0,3.0,0,0
V01764,R005,FIELD,2023-02-15,3,27.2,16.8,8.7,0.5,20.1,0.0,0.631,12.7,0,0.33,3.33,1,0
V00120,R001,VOYAGE,2023-02-16,2,25.2,22.8,7.8,28.4,24.7,1.72,0.0,13.3,0,0.0,2.0,0,0
V02416,R003,VOYAGE,2023-02-16,12,29.5,8.1,9.7,6.6,25.3,2.88,0.131,9.7,0,2.51,14.51,1,0
V02795,R002,VOYAGE,2023-02-17,18,53.8,20.5,0.5,28.6,19.0,1.97,0.0,15.5,0,0.0,18.0,0,0
V00922,R001,VOYAGE,2023-02-17,2,24.2,29.5,4.7,28.6,19.0,1.97,0.0,15.5,0,0.0,2.0,0,0
V02018,R003,VOYAGE,2023-02-17,12,59.3,11.1,7.5,8.2,24.0,2.81,0.198,14.5,0,4.22,16.22,1,0
V02719,R001,VOYAGE,2023-02-17,2,48.2,13.3,4.7,28.6,19.0,1.97,0.0,15.5,0,0.06,2.06,0,0
V01134,R002,VOYAGE,2023-02-17,19,46.7,25.7,12.3,28.6,19.0,1.97,0.0,15.5,0,0.0,19.0,0,0
V01101,R003,VOYAGE,2023-02-18,12,33.9,11.7,12.7,8.1,18.2,2.42,0.162,15.6,0,1.81,13.81,1,0
V00771,R003,VOYAGE,2023-02-18,13,36.3,15.0,7.8,8.1,18.2,2.42,0.162,15.6,0,1.86,14.86,1,0
V02032,R004,AIR,2023-02-18,2,53.9,16.1,8.3,8.1,18.2,2.42,0.162,15.6,0,0.4,2.4,1,0
V01008,R005,FIELD,2023-02-18,3,37.7,13.5,4.2,1.5,22.7,0.0,0.519,13.6,0,0.0,3.0,0,0
V01715,R003,VOYAGE,2023-02-19,12,45.8,6.3,3.4,8.5,20.8,2.03,0.146,12.7,0,1.57,13.57,1,0
V02360,R005,FIELD,2023-02-19,3,42.1,12.9,9.8,-1.1,30.8,0.0,0.52,10.4,0,0.0,3.0,0,0
V01443,R005,FIELD,2023-02-19,3,25.9,11.3,0.5,-1.1,30.8,0.0,0.52,10.4,0,0.35,3.35,1,0
V03038,R003,VOYAGE,2023-02-19,12,34.6,10.2,14.8,8.5,20.8,2.03,0.146,12.7,0,0.71,12.71,0,0
V02017,R005,FIELD,2023-02-19,3,52.7,35.0,13.6,-1.1,30.8,0.0,0.52,10.4,0,0.85,3.85,1,0
V00058,R003,VOYAGE,2023-02-20,12,44.8,19.5,8.3,5.8,18.7,1.99,0.095,15.2,0,0.87,12.87,0,0
V02706,R005,FIELD,2023-02-20,3,39.0,15.0,0.5,-1.0,28.3,0.0,0.538,12.5,0,0.45,3.45,1,0
V02792,R001,VOYAGE,2023-02-20,2,62.6,11.0,7.0,24.3,13.4,1.95,0.0,16.6,0,0.14,2.14,0,0
V00341,R003,VOYAGE,2023-02-20,12,73.5,5.6,7.2,5.8,18.7,1.99,0.095,15.2,0,1.19,13.19,0,0
V00939,R003,VOYAGE,2023-02-20,13,46.5,17.2,5.6,5.8,18.7,1.99,0.095,15.2,0,2.59,15.59,1,0
V01175,R001,VOYAGE,2023-02-20,2,27.6,14.9,13.1,24.3,13.4,1.95,0.0,16.6,0,0.0,2.0,0,0
V01357,R005,FIELD,2023-02-21,3,43.9,11.5,8.5,0.1,24.8,0.0,0.508,11.7,0,0.69,3.69,1,0
V00819,R004,AIR,2023-02-21,2,42.5,7.9,13.5,8.5,20.4,1.42,0.128,15.2,0,0.18,2.18,0,0
V02103,R005,FIELD,2023-02-22,3,33.5,14.5,9.2,-0.5,27.6,0.0,0.594,12.3,0,0.5,3.5,1,0
V02092,R003,VOYAGE,2023-02-22,13,48.1,9.3,6.8,6.8,21.7,1.44,0.106,15.7,0,0.0,13.0,0,0
V01848,R003,VOYAGE,2023-02-22,11,51.5,12.7,5.7,6.8,21.7,1.44,0.106,15.7,0,0.0,11.0,0,1
V02787,R005,FIELD,2023-02-23,3,58.4,20.1,5.4,0.4,30.3,0.0,0.588,11.3,0,1.58,4.58,1,0
V01241,R004,AIR,2023-02-23,2,49.6,23.5,4.6,3.5,15.4,1.09,0.092,16.4,0,0.0,2.0,0,0
V01457,R005,FIELD,2023-02-23,3,17.7,13.5,5.3,0.4,30.3,0.0,0.588,11.3,0,0.0,3.0,0,0
V02765,R003,VOYAGE,2023-02-24,12,47.5,2.4,13.5,3.1,17.2,1.46,0.077,15.7,0,0.0,12.0,0,0
V03010,R003,VOYAGE,2023-02-24,11,39.3,17.1,7.8,3.1,17.2,1.46,0.077,15.7,0,3.39,14.39,1,0
V02139,R004,AIR,2023-02-25,2,24.4,22.7,0.5,-0.4,20.3,2.41,0.087,15.7,0,0.73,2.73,1,0
V01338,R001,VOYAGE,2023-02-25,2,27.4,20.8,7.9,28.6,20.6,1.25,0.0,14.7,0,0.0,2.0,0,0
V00488,R002,VOYAGE,2023-02-25,19,7.6,7.4,9.2,28.6,20.6,1.25,0.0,14.7,0,0.0,19.0,0,0
V01496,R004,AIR,2023-02-25,2,24.0,10.0,8.0,-0.4,20.3,2.41,0.087,15.7,0,0.07,2.07,0,0
V00919,R002,VOYAGE,2023-02-25,19,40.5,22.6,13.1,28.6,20.6,1.25,0.0,14.7,0,0.0,19.0,0,0
V01723,R005,FIELD,2023-02-26,3,66.4,3.2,13.1,-3.5,28.8,0.0,0.52,7.9,0,0.36,3.36,1,0
V02253,R003,VOYAGE,2023-02-26,11,21.0,12.9,0.5,-1.3,23.3,2.73,0.044,13.0,0,0.95,11.95,0,0
V02948,R001,VOYAGE,2023-02-26,2,41.9,6.0,11.8,29.8,20.4,0.72,0.0,16.7,0,0.0,2.0,0,0
V02488,R002,VOYAGE,2023-02-26,17,30.7,5.5,10.9,29.8,20.4,0.72,0.0,16.7,0,0.0,17.0,0,0
V03096,R005,FIELD,2023-02-27,3,14.0,21.3,5.7,-3.6,24.3,0.0,0.521,12.2,0,0.35,3.35,1,0
V01069,R003,VOYAGE,2023-02-28,11,48.8,17.1,1.2,3.0,17.2,2.94,0.005,14.3,0,4.14,15.14,1,0
V00463,R004,AIR,2023-02-28,2,34.4,14.7,7.5,3.0,17.2,2.94,0.005,14.3,0,0.0,2.0,0,0
V01484,R001,VOYAGE,2023-03-01,2,40.7,14.5,10.1,27.4,13.3,0.68,0.0,17.4,0,0.01,2.01,0,0
V02328,R004,AIR,2023-03-01,2,47.1,11.0,10.7,1.0,23.0,3.46,0.0,15.2,0,0.0,2.0,0,0
V01896,R004,AIR,2023-03-01,2,31.6,12.0,7.0,1.0,23.0,3.46,0.0,15.2,0,0.16,2.16,0,0
V02538,R003,VOYAGE,2023-03-01,13,46.8,11.3,14.4,1.0,23.0,3.46,0.0,15.2,0,0.0,13.0,0,0
V02375,R002,VOYAGE,2023-03-02,19,30.0,27.4,4.2,26.0,12.8,0.2,0.0,13.3,0,0.0,19.0,0,0
V01540,R001,VOYAGE,2023-03-02,2,27.3,17.0,9.8,26.0,12.8,0.2,0.0,13.3,0,0.0,2.0,0,0
V01903,R005,FIELD,2023-03-02,3,33.9,16.0,6.7,-4.6,18.8,0.0,0.602,12.8,0,0.0,3.0,0,1
V02358,R002,VOYAGE,2023-03-02,17,42.0,9.6,2.7,26.0,12.8,0.2,0.0,13.3,0,0.0,17.0,0,0
V02691,R004,AIR,2023-03-02,2,67.1,20.3,8.3,1.5,24.9,4.0,0.0,10.6,0,0.0,2.0,0,0
V03039,R002,VOYAGE,2023-03-02,17,34.2,8.3,11.9,26.0,12.8,0.2,0.0,13.3,0,0.0,17.0,0,0
V02605,R001,VOYAGE,2023-03-03,2,27.9,16.2,8.1,26.7,10.3,0.2,0.0,16.3,0,0.0,2.0,0,0
V02502,R005,FIELD,2023-03-03,3,47.7,26.8,2.3,-5.9,23.4,0.0,0.596,12.1,0,1.26,4.26,1,1
V01404,R005,FIELD,2023-03-03,3,34.7,19.1,9.6,-5.9,23.4,0.0,0.596,12.1,0,1.4,4.4,1,0
V00025,R004,AIR,2023-03-04,2,55.3,19.9,6.7,2.4,18.6,2.63,0.081,14.8,0,0.0,2.0,0,0
V02059,R003,VOYAGE,2023-03-04,12,50.5,9.8,8.3,2.4,18.6,2.63,0.081,14.8,0,0.0,12.0,0,0
V03060,R002,VOYAGE,2023-03-04,17,54.5,5.6,4.4,23.6,6.3,0.2,0.0,18.8,0,0.0,17.0,0,0
V02232,R002,VOYAGE,2023-03-04,18,53.7,6.4,7.2,23.6,6.3,0.2,0.0,18.8,0,0.0,18.0,0,0
V01368,R003,VOYAGE,2023-03-05,12,25.0,6.6,2.1,1.3,20.5,2.87,0.144,15.7,0,0.0,12.0,0,0
V00256,R003,VOYAGE,2023-03-05,13,62.1,23.1,7.5,1.3,20.5,2.87,0.144,15.7,0,0.0,13.0,0,0
V02454,R002,VOYAGE,2023-03-05,19,34.1,19.5,5.6,24.1,9.2,0.65,0.0,13.1,0,0.0,19.0,0,0
V02388,R004,AIR,2023-03-06,2,44.3,20.7,11.3,2.1,23.8,2.9,0.149,12.2,0,1.28,3.28,1,0
V01840,R005,FIELD,2023-03-06,3,41.9,10.0,7.8,-0.7,18.3,0.0,0.617,14.8,0,0.9,3.9,1,0
V01022,R003,VOYAGE,2023-03-06,13,22.9,14.1,12.1,2.1,23.8,2.9,0.149,12.2,0,0.0,13.0,0,0
V02920,R003,VOYAGE,2023-03-06,13,32.9,4.4,7.0,2.1,23.8,2.9,0.149,12.2,0,0.0,13.0,0,0
V02438,R004,AIR,2023-03-06,2,54.1,16.4,10.0,2.1,23.8,2.9,0.149,12.2,0,0.23,2.23,1,0
V02227,R002,VOYAGE,2023-03-07,18,50.1,15.8,5.0,23.9,5.2,0.97,0.0,20.2,0,0.0,18.0,0,0
V01352,R003,VOYAGE,2023-03-07,13,33.7,9.5,4.4,0.6,22.4,2.81,0.218,13.9,0,0.0,13.0,0,0
V02039,R004,AIR,2023-03-07,2,63.1,17.3,9.6,0.6,22.4,2.81,0.218,13.9,0,0.71,2.71,1,0
V01225,R003,VOYAGE,2023-03-08,13,47.7,14.0,10.9,5.0,25.9,2.79,0.199,12.8,0,1.96,14.96,1,0
V01239,R002,VOYAGE,2023-03-08,17,36.8,1.1,8.4,22.8,6.0,0.75,0.0,19.8,0,0.0,17.0,0,0
V02136,R003,VOYAGE,2023-03-08,12,18.0,12.8,6.4,5.0,25.9,2.79,0.199,12.8,0,0.0,12.0,0,0
V02587,R002,VOYAGE,2023-03-09,18,57.4,18.4,4.9,24.1,10.8,0.77,0.0,17.5,0,1.61,19.61,0,0
V02785,R001,VOYAGE,2023-03-09,2,33.2,16.7,8.1,24.1,10.8,0.77,0.0,17.5,0,0.0,2.0,0,0
V03171,R002,VOYAGE,2023-03-09,18,44.4,19.9,4.5,24.1,10.8,0.77,0.0,17.5,0,0.71,18.71,0,0
V02936,R004,AIR,2023-03-09,2,42.0,10.3,9.0,5.5,19.5,2.2,0.106,15.2,0,0.0,2.0,0,0
V03016,R004,AIR,2023-03-10,2,81.6,23.8,8.7,5.0,16.7,2.64,0.114,13.7,0,0.6,2.6,1,0
V01901,R005,FIELD,2023-03-10,3,46.5,20.5,3.0,-2.1,29.1,0.0,0.548,11.4,0,1.28,4.28,1,0
V01081,R004,AIR,2023-03-10,2,25.2,7.2,7.8,5.0,16.7,2.64,0.114,13.7,0,0.39,2.39,1,0
V00255,R004,AIR,2023-03-10,2,49.0,6.5,11.0,5.0,16.7,2.64,0.114,13.7,0,0.25,2.25,1,0
V03173,R001,VOYAGE,2023-03-14,2,54.5,9.8,11.7,25.8,10.3,1.58,0.0,17.3,0,0.1,2.1,0,0
V00466,R001,VOYAGE,2023-03-14,2,40.4,15.4,11.6,25.8,10.3,1.58,0.0,17.3,0,0.0,2.0,0,0
V03125,R002,VOYAGE,2023-03-14,20,49.3,19.8,11.8,25.8,10.3,1.58,0.0,17.3,0,0.71,20.71,0,0
V02149,R003,VOYAGE,2023-03-15,12,44.9,14.7,13.3,4.0,27.3,2.09,0.258,13.6,0,0.0,12.0,0,0
V01873,R002,VOYAGE,2023-03-15,18,34.9,12.9,9.1,24.0,12.1,2.1,0.0,15.7,0,0.0,18.0,0,0
V01372,R005,FIELD,2023-03-15,3,17.2,17.4,11.9,-5.6,25.6,0.0,0.534,12.9,0,0.0,3.0,0,0
V01567,R003,VOYAGE,2023-03-17,13,30.3,16.5,3.0,-0.1,24.4,2.13,0.359,13.9,0,1.74,14.74,1,0
V00323,R001,VOYAGE,2023-03-17,2,27.2,11.6,14.0,26.2,18.4,1.84,0.0,17.1,0,0.04,2.04,0,0
V02925,R005,FIELD,2023-03-17,3,28.6,16.1,4.7,-4.8,24.3,0.0,0.544,13.3,0,0.33,3.33,1,0
V01058,R005,FIELD,2023-03-18,3,21.5,12.5,7.7,-3.6,18.7,0.0,0.513,15.9,0,0.0,3.0,0,0
V03073,R004,AIR,2023-03-19,2,6.2,9.0,10.6,0.6,20.8,1.92,0.363,13.7,0,0.0,2.0,0,0
V02594,R003,VOYAGE,2023-03-19,13,45.3,8.4,6.0,0.6,20.8,1.92,0.363,13.7,0,0.0,13.0,0,0
V02613,R004,AIR,2023-03-19,2,22.7,10.1,10.7,0.6,20.8,1.92,0.363,13.7,0,0.0,2.0,0,0
V00334,R003,VOYAGE,2023-03-19,13,52.1,13.5,1.1,0.6,20.8,1.92,0.363,13.7,0,5.95,18.95,1,0
V01073,R005,FIELD,2023-03-20,3,53.8,22.9,15.8,-6.8,22.6,0.0,0.538,13.2,0,0.0,3.0,0,0
V02889,R001,VOYAGE,2023-03-20,2,41.5,19.8,14.1,28.0,14.6,1.21,0.0,14.5,0,0.0,2.0,0,0
V01695,R004,AIR,2023-03-20,2,53.2,21.5,9.0,0.6,19.7,1.4,0.384,15.4,0,0.37,2.37,1,0
V02707,R005,FIELD,2023-03-20,3,24.4,4.0,8.1,-6.8,22.6,0.0,0.538,13.2,0,0.0,3.0,0,0
V00699,R005,FIELD,2023-03-21,3,45.7,26.2,9.9,-5.0,23.5,0.0,0.549,14.4,0,0.0,3.0,0,0
V01314,R001,VOYAGE,2023-03-21,2,43.6,7.5,4.7,27.0,13.4,1.18,0.0,18.2,0,0.0,2.0,0,0
V01748,R003,VOYAGE,2023-03-21,12,31.7,10.3,10.3,0.7,25.9,2.71,0.346,12.8,0,1.1,13.1,0,0
V02559,R005,FIELD,2023-03-22,3,57.3,10.4,10.2,-6.5,27.2,0.0,0.541,12.8,0,0.0,3.0,0,0
V00460,R003,VOYAGE,2023-03-22,11,15.0,3.7,4.8,2.8,22.3,2.51,0.323,13.6,0,0.0,11.0,0,0
V00170,R001,VOYAGE,2023-03-22,2,25.8,11.8,5.5,27.3,14.3,1.65,0.0,16.8,0,0.0,2.0,0,0
V00447,R003,VOYAGE,2023-03-22,13,48.6,14.3,10.5,2.8,22.3,2.51,0.323,13.6,0,3.22,16.22,1,0
V00853,R003,VOYAGE,2023-03-22,11,35.8,17.9,6.4,2.8,22.3,2.51,0.323,13.6,0,2.12,13.12,1,0
V02435,R003,VOYAGE,2023-03-23,11,54.0,15.2,3.1,1.6,20.3,2.55,0.36,16.3,0,3.37,14.37,1,0
V00513,R003,VOYAGE,2023-03-23,12,45.3,2.0,13.4,1.6,20.3,2.55,0.36,16.3,0,0.0,12.0,0,0
V01120,R005,FIELD,2023-03-24,3,30.5,14.2,10.7,-10.6,23.9,0.0,0.491,9.8,0,0.0,3.0,0,0
V03055,R004,AIR,2023-03-24,2,33.0,3.1,3.7,2.7,21.4,2.34,0.359,17.1,0,0.0,2.0,0,0
V01467,R005,FIELD,2023-03-24,3,22.0,2.9,11.9,-10.6,23.9,0.0,0.491,9.8,0,0.0,3.0,0,0
V03185,R005,FIELD,2023-03-25,3,34.8,6.4,12.6,-9.1,20.1,0.0,0.504,16.9,0,0.0,3.0,0,0
V00439,R005,FIELD,2023-03-25,3,50.0,14.1,0.5,-9.1,20.1,0.0,0.504,16.9,0,0.45,3.45,1,0
V02841,R001,VOYAGE,2023-03-25,2,25.7,15.3,6.4,29.0,12.8,1.52,0.0,17.1,0,0.0,2.0,0,0
V01894,R005,FIELD,2023-03-25,3,48.4,10.6,4.2,-9.1,20.1,0.0,0.504,16.9,0,0.0,3.0,0,0
V01752,R002,VOYAGE,2023-03-26,17,35.0,11.5,3.3,27.8,11.2,1.62,0.0,15.2,0,0.73,17.73,0,0
V02048,R004,AIR,2023-03-26,2,69.8,13.1,9.0,2.6,21.7,2.83,0.296,15.2,0,0.39,2.39,1,0
V02361,R004,AIR,2023-03-26,2,33.9,12.1,10.9,2.6,21.7,2.83,0.296,15.2,0,0.32,2.32,1,0
V01547,R005,FIELD,2023-03-27,3,34.9,11.1,7.9,-9.3,27.5,0.0,0.632,14.6,0,0.0,3.0,0,0
V02461,R003,VOYAGE,2023-03-27,13,57.7,14.4,8.6,2.0,22.8,2.09,0.324,14.1,0,3.0,16.0,1,0
V03056,R003,VOYAGE,2023-03-27,13,46.1,13.9,1.4,2.0,22.8,2.09,0.324,14.1,0,0.0,13.0,0,0
V01466,R002,VOYAGE,2023-03-29,17,41.9,20.3,3.6,29.0,10.2,1.35,0.0,19.6,0,0.0,17.0,0,0
V01253,R003,VOYAGE,2023-03-29,12,70.4,23.2,7.0,2.9,33.0,2.33,0.331,11.1,0,9.27,21.27,1,0
V01780,R001,VOYAGE,2023-03-29,2,44.5,15.8,7.7,29.0,10.2,1.35,0.0,19.6,0,0.03,2.03,0,0
V02566,R005,FIELD,2023-03-29,3,30.9,10.1,11.6,-9.1,25.8,0.0,0.622,11.6,0,0.52,3.52,1,0
V02494,R005,FIELD,2023-03-30,3,54.8,8.2,13.9,-7.3,22.2,0.0,0.598,10.0,0,0.38,3.38,1,0
V00949,R001,VOYAGE,2023-03-30,2,27.7,8.0,11.3,28.2,11.7,1.03,0.0,17.8,0,0.0,2.0,0,0
V00762,R002,VOYAGE,2023-03-31,20,39.5,5.7,8.7,31.6,13.0,0.78,0.0,14.3,0,0.0,20.0,0,0
V01256,R001,VOYAGE,2023-03-31,2,20.1,12.5,8.3,31.6,13.0,0.78,0.0,14.3,0,0.0,2.0,0,0
V01562,R001,VOYAGE,2023-04-01,2,27.3,18.2,9.1,29.6,9.1,1.2,0.0,17.7,0,0.0,2.0,0,0
V00621,R001,VOYAGE,2023-04-01,2,59.1,18.1,0.5,29.6,9.1,1.2,0.0,17.7,0,0.06,2.06,0,0
V02921,R002,VOYAGE,2023-04-02,18,50.3,22.4,7.7,29.5,8.2,1.07,0.0,20.9,0,0.0,18.0,0,0
V02957,R002,VOYAGE,2023-04-03,19,57.4,19.8,13.9,27.9,14.3,1.95,0.0,14.7,0,0.76,19.76,0,0
V01564,R002,VOYAGE,2023-04-03,17,75.0,18.7,8.6,27.9,14.3,1.95,0.0,14.7,0,0.67,17.67,0,0
V03189,R001,VOYAGE,2023-04-03,2,29.0,9.6,6.8,27.9,14.3,1.95,0.0,14.7,0,0.0,2.0,0,0
V01777,R001,VOYAGE,2023-04-05,2,28.3,18.0,19.2,31.1,3.1,1.12,0.0,21.3,0,0.0,2.0,0,0
V01624,R005,FIELD,2023-04-09,3,43.6,5.7,6.4,-9.2,18.9,0.0,0.771,15.1,0,0.65,3.65,1,0
V00374,R002,VOYAGE,2023-04-09,18,46.9,13.3,9.8,28.2,4.1,1.07,0.0,17.4,0,0.34,18.34,0,0
V01161,R002,VOYAGE,2023-04-10,18,20.2,22.2,12.2,29.0,10.1,1.02,0.0,19.0,0,0.0,18.0,0,0
V00986,R001,VOYAGE,2023-04-11,2,67.4,11.7,10.7,29.1,2.0,0.62,0.0,17.6,0,0.0,2.0,0,0
V00849,R005,FIELD,2023-04-12,3,31.8,16.6,9.8,-10.0,36.8,0.0,0.866,5.1,0,0.53,3.53,1,0
V02819,R002,VOYAGE,2023-04-12,19,27.7,16.7,13.3,29.0,4.6,0.56,0.0,18.4,0,0.0,19.0,0,0
V01995,R002,VOYAGE,2023-04-13,17,46.3,19.7,3.8,28.5,11.7,1.06,0.0,16.6,0,0.39,17.39,0,0
V02037,R003,VOYAGE,2023-04-15,12,12.8,18.1,13.2,7.0,24.6,3.61,0.387,12.2,0,2.69,14.69,1,0
V02167,R002,VOYAGE,2023-04-15,18,32.3,13.5,6.0,28.6,7.7,0.57,0.0,18.8,0,0.0,18.0,0,0
V02124,R001,VOYAGE,2023-04-16,2,40.5,11.3,7.0,28.3,6.0,0.73,0.0,19.0,0,0.0,2.0,0,0
V01471,R004,AIR,2023-04-17,2,42.8,23.4,4.7,6.3,28.7,3.97,0.388,11.1,0,1.32,3.32,1,1
V02363,R001,VOYAGE,2023-04-18,2,43.4,13.3,5.5,29.3,4.5,0.2,0.0,20.6,0,0.0,2.0,0,0
V00104,R002,VOYAGE,2023-04-21,18,47.1,18.9,2.2,26.8,16.6,0.45,0.0,15.5,0,1.47,19.47,0,0
V01501,R001,VOYAGE,2023-04-22,2,15.0,15.7,9.2,29.2,23.2,1.02,0.0,11.6,0,0.0,2.0,0,0
V01295,R002,VOYAGE,2023-04-24,18,55.1,6.7,6.6,25.9,27.3,1.28,0.0,12.0,0,1.36,19.36,0,0
V00539,R005,FIELD,2023-04-25,3,36.2,9.1,5.5,-15.0,30.9,0.0,0.976,9.4,0,1.92,4.92,1,0
V01918,R002,VOYAGE,2023-04-25,18,38.7,16.9,14.2,24.4,25.1,1.3,0.0,12.2,0,0.0,18.0,0,1
V00346,R002,VOYAGE,2023-04-26,18,30.8,14.9,11.5,25.0,24.0,1.12,0.0,13.2,0,2.67,20.67,1,0
V00222,R001,VOYAGE,2023-04-30,2,28.5,16.0,11.3,21.0,28.8,2.26,0.0,10.1,0,0.0,2.0,0,0
V02472,R004,AIR,2023-05-02,2,46.6,8.8,14.1,-1.1,38.8,2.99,0.364,11.5,0,0.27,2.27,1,0
V02907,R002,VOYAGE,2023-05-02,18,47.7,7.1,4.4,19.2,26.7,2.14,0.0,12.5,0,0.83,18.83,0,0
V03162,R002,VOYAGE,2023-05-03,17,32.2,26.5,8.4,21.7,23.2,2.48,0.0,10.9,0,0.0,17.0,0,0
V02288,R005,FIELD,2023-05-05,3,31.0,12.1,10.2,-19.5,26.0,0.0,0.872,12.3,0,0.75,3.75,1,0
V02192,R001,VOYAGE,2023-05-06,2,62.9,9.5,7.9,21.5,23.5,1.92,0.0,9.8,0,0.0,2.0,0,0
V00411,R002,VOYAGE,2023-05-07,19,32.8,9.9,10.4,24.4,22.3,2.27,0.0,12.5,0,1.58,20.58,0,0
V01339,R003,VOYAGE,2023-05-10,11,40.7,21.3,12.7,-3.2,36.0,2.84,0.411,9.9,0,5.61,16.61,1,0
V02123,R001,VOYAGE,2023-05-10,2,39.7,10.3,7.0,22.7,14.8,1.61,0.0,15.1,0,0.06,2.06,0,0
V02142,R001,VOYAGE,2023-05-11,2,29.4,26.6,9.0,23.9,17.2,1.15,0.0,13.9,0,0.03,2.03,0,0
V03153,R001,VOYAGE,2023-05-11,2,31.2,13.3,7.2,23.9,17.2,1.15,0.0,13.9,0,0.0,2.0,0,0
V01127,R002,VOYAGE,2023-05-13,17,35.9,18.1,5.0,23.6,8.5,0.23,0.0,16.9,0,0.0,17.0,0,0
V01001,R001,VOYAGE,2023-05-14,2,23.8,17.6,3.9,25.6,9.3,0.34,0.0,18.2,0,0.0,2.0,0,0
V03012,R001,VOYAGE,2023-05-15,2,31.1,21.7,14.4,24.4,10.5,1.01,0.0,15.4,0,0.0,2.0,0,0
V00840,R002,VOYAGE,2023-05-16,19,36.7,18.6,8.5,24.5,8.8,0.26,0.0,15.5,0,0.0,19.0,0,0
V02513,R001,VOYAGE,2023-05-19,2,32.0,9.6,8.7,26.3,7.9,0.2,0.0,19.2,0,0.0,2.0,0,0
V01830,R003,VOYAGE,2023-05-19,12,40.0,27.9,6.6,-0.1,17.9,2.06,0.511,15.7,0,0.0,12.0,0,0
V02216,R001,VOYAGE,2023-05-19,2,54.5,8.0,7.0,26.3,7.9,0.2,0.0,19.2,0,0.0,2.0,0,0
V00826,R001,VOYAGE,2023-05-21,2,39.5,12.1,9.1,22.8,8.0,0.75,0.0,16.6,0,0.0,2.0,0,0
V01488,R002,VOYAGE,2023-05-21,17,30.0,11.5,10.9,22.8,8.0,0.75,0.0,16.6,0,0.9,17.9,0,0
V00268,R001,VOYAGE,2023-05-21,2,42.7,26.5,5.8,22.8,8.0,0.75,0.0,16.6,0,0.0,2.0,0,0
V01626,R001,VOYAGE,2023-05-21,2,30.5,17.0,9.6,22.8,8.0,0.75,0.0,16.6,0,0.0,2.0,0,0
V02482,R002,VOYAGE,2023-05-22,19,51.5,15.5,8.8,21.5,10.2,1.25,0.0,19.2,0,0.0,19.0,0,0
V01444,R002,VOYAGE,2023-05-22,17,43.6,14.8,11.0,21.5,10.2,1.25,0.0,19.2,0,0.0,17.0,0,0
V00208,R002,VOYAGE,2023-05-23,19,40.8,25.1,3.7,22.4,7.3,1.26,0.0,15.7,0,0.0,19.0,0,0
V01504,R001,VOYAGE,2023-05-24,2,26.9,18.7,2.3,22.5,11.2,1.45,0.0,18.7,0,0.0,2.0,0,0
V00043,R002,VOYAGE,2023-05-24,19,26.3,11.3,15.2,22.5,11.2,1.45,0.0,18.7,0,0.0,19.0,0,0
V00278,R002,VOYAGE,2023-05-25,18,48.1,13.4,7.6,22.8,12.1,1.57,0.0,18.6,0,0.0,18.0,0,0
V00066,R001,VOYAGE,2023-05-25,2,60.4,18.7,4.6,22.8,12.1,1.57,0.0,18.6,0,0.12,2.12,0,0
V02978,R002,VOYAGE,2023-05-27,18,40.5,10.6,11.9,22.8,2.0,1.0,0.0,18.4,0,0.0,18.0,0,0
V00480,R002,VOYAGE,2023-05-27,19,57.9,24.6,4.8,22.8,2.0,1.0,0.0,18.4,0,0.0,19.0,0,0
V00792,R001,VOYAGE,2023-05-27,2,29.5,9.4,7.3,22.8,2.0,1.0,0.0,18.4,0,0.0,2.0,0,0
V02054,R001,VOYAGE,2023-05-27,2,37.2,1.0,8.3,22.8,2.0,1.0,0.0,18.4,0,0.0,2.0,0,0
V01173,R001,VOYAGE,2023-05-30,2,57.1,18.2,5.5,22.2,5.1,1.42,0.0,16.6,0,0.0,2.0,0,0
V02710,R001,VOYAGE,2023-05-30,2,54.2,16.9,12.1,22.2,5.1,1.42,0.0,16.6,0,0.04,2.04,0,0
V01365,R001,VOYAGE,2023-06-02,2,31.0,24.4,5.8,26.1,13.2,1.69,0.0,17.3,0,0.0,2.0,0,0
V00155,R001,VOYAGE,2023-06-02,2,51.3,7.7,14.5,26.1,13.2,1.69,0.0,17.3,0,0.0,2.0,0,0
V00717,R001,VOYAGE,2023-06-02,2,62.6,1.0,8.2,26.1,13.2,1.69,0.0,17.3,0,0.03,2.03,0,0
V00295,R002,VOYAGE,2023-06-08,17,41.5,13.7,6.0,24.4,11.4,1.13,0.0,18.4,0,0.0,17.0,0,0
V03007,R002,VOYAGE,2023-06-08,19,52.2,8.8,7.5,24.4,11.4,1.13,0.0,18.4,0,0.0,19.0,0,0
V01050,R002,VOYAGE,2023-06-09,18,14.3,13.7,5.5,22.7,3.0,0.31,0.0,19.9,0,0.0,18.0,0,0
V02394,R003,VOYAGE,2023-06-09,13,32.2,31.8,11.9,-6.0,34.6,2.14,0.555,14.4,0,15.29,28.29,1,0
V02207,R002,VOYAGE,2023-06-10,20,37.7,8.9,1.3,23.9,2.0,0.3,0.0,20.9,0,0.0,20.0,0,0
V02317,R004,AIR,2023-06-11,2,36.0,21.4,11.4,-7.7,36.7,1.91,0.612,10.2,0,0.41,2.41,1,0
V00492,R002,VOYAGE,2023-06-12,17,49.2,18.7,7.4,25.6,2.0,0.5,0.0,19.3,0,0.0,17.0,0,0
V00495,R005,FIELD,2023-06-14,3,41.5,17.0,2.3,-21.0,37.6,0.0,0.94,7.9,0,0.68,3.68,1,0
V03067,R003,VOYAGE,2023-06-15,12,8.4,9.0,6.0,-7.1,32.1,2.66,0.681,9.0,0,4.34,16.34,1,0
V01129,R001,VOYAGE,2023-06-16,2,45.9,20.2,6.9,22.7,9.1,0.99,0.0,18.4,0,0.0,2.0,0,0
V00151,R002,VOYAGE,2023-06-16,19,37.5,10.4,6.4,22.7,9.1,0.99,0.0,18.4,0,0.39,19.39,0,0
V00608,R002,VOYAGE,2023-06-18,19,51.7,19.8,0.5,21.4,5.8,0.6,0.0,18.1,0,0.0,19.0,0,0
V01612,R003,VOYAGE,2023-06-19,12,25.6,3.8,15.0,-4.4,27.2,2.03,0.642,12.9,0,2.57,14.57,1,0
V02236,R002,VOYAGE,2023-06-19,18,49.5,18.5,8.6,22.0,9.0,0.88,0.0,16.4,0,0.0,18.0,0,0
V01412,R002,VOYAGE,2023-06-24,18,37.5,16.1,5.4,22.1,16.4,1.61,0.0,12.8,0,0.0,18.0,0,0
V00378,R004,AIR,2023-06-26,2,35.9,4.1,9.4,-4.2,30.6,2.5,0.649,13.2,0,0.0,2.0,0,0
V00172,R001,VOYAGE,2023-06-26,2,54.1,14.5,5.9,27.2,21.8,1.03,0.0,13.6,0,0.0,2.0,0,0
V01806,R002,VOYAGE,2023-06-27,18,44.2,17.1,10.4,27.2,20.1,0.61,0.0,13.5,0,0.0,18.0,0,0
V00686,R001,VOYAGE,2023-06-27,2,14.0,4.8,8.6,27.2,20.1,0.61,0.0,13.5,0,0.01,2.01,0,0
V01278,R001,VOYAGE,2023-06-30,2,45.6,18.5,5.1,25.4,11.5,0.92,0.0,17.8,0,0.0,2.0,0,0
V02745,R002,VOYAGE,2023-06-30,19,32.9,15.0,11.2,25.4,11.5,0.92,0.0,17.8,0,0.62,19.62,0,0
V01692,R002,VOYAGE,2023-06-30,18,16.5,4.5,4.4,25.4,11.5,0.92,0.0,17.8,0,0.21,18.21,0,0
V00541,R005,FIELD,2023-07-04,3,50.7,9.6,6.3,-19.7,38.0,0.0,0.973,1.6,1,2.48,5.48,1,1
V01045,R005,FIELD,2023-07-06,3,49.5,12.8,10.6,-16.7,36.1,0.0,1.0,9.6,0,1.42,4.42,1,0
V01508,R002,VOYAGE,2023-07-07,19,42.8,23.9,8.1,20.1,25.1,2.38,0.0,11.9,0,0.0,19.0,0,0
V01829,R001,VOYAGE,2023-07-08,2,20.1,17.5,0.5,20.9,25.7,2.0,0.0,11.7,0,0.0,2.0,0,0
V00109,R002,VOYAGE,2023-07-08,18,29.4,10.9,17.0,20.9,25.7,2.0,0.0,11.7,0,0.53,18.53,0,0
V00213,R004,AIR,2023-07-09,2,38.2,18.8,12.1,-3.6,37.2,2.57,0.697,10.2,0,0.9,2.9,1,0
V01176,R001,VOYAGE,2023-07-09,2,59.1,23.6,9.0,22.2,29.1,1.51,0.0,11.4,0,0.41,2.41,1,0
V01943,R002,VOYAGE,2023-07-11,19,45.7,9.8,12.0,23.0,18.6,1.89,0.0,15.5,0,1.7,20.7,0,0
V00035,R001,VOYAGE,2023-07-13,2,55.8,10.9,9.1,25.7,15.6,1.75,0.0,14.6,0,0.0,2.0,0,0
V01927,R001,VOYAGE,2023-07-15,2,26.6,7.7,16.9,27.2,13.4,1.73,0.0,16.0,0,0.0,2.0,0,0
V02615,R002,VOYAGE,2023-07-17,19,40.3,12.4,0.5,25.3,19.3,1.83,0.0,15.0,0,0.0,19.0,0,0
V00297,R001,VOYAGE,2023-07-18,2,47.3,9.7,9.0,21.4,20.3,1.24,0.0,11.9,0,0.04,2.04,0,0
V00868,R003,VOYAGE,2023-07-18,13,9.0,17.7,2.7,-5.2,40.8,2.79,0.656,7.1,0,6.86,19.86,1,0
V01515,R003,VOYAGE,2023-07-19,11,17.2,12.8,4.7,-2.1,33.9,2.79,0.588,10.0,0,3.44,14.44,1,0
V03181,R001,VOYAGE,2023-07-19,2,35.9,18.9,12.4,21.0,18.8,1.28,0.0,15.4,0,0.0,2.0,0,0
V00084,R001,VOYAGE,2023-07-19,2,31.2,17.5,4.3,21.0,18.8,1.28,0.0,15.4,0,0.0,2.0,0,0
V02529,R001,VOYAGE,2023-07-20,2,12.1,20.2,10.3,22.5,18.6,1.71,0.0,15.6,0,0.0,2.0,0,0
V00239,R001,VOYAGE,2023-07-21,2,49.1,14.8,6.7,22.1,18.3,1.23,0.0,14.7,0,0.0,2.0,0,0
V00937,R001,VOYAGE,2023-07-21,2,28.0,15.7,6.2,22.1,18.3,1.23,0.0,14.7,0,0.0,2.0,0,0
V00433,R002,VOYAGE,2023-07-22,18,42.8,19.6,8.4,23.5,19.5,1.58,0.0,12.7,0,0.0,18.0,0,0
V00950,R001,VOYAGE,2023-07-22,2,31.5,7.0,9.7,23.5,19.5,1.58,0.0,12.7,0,0.0,2.0,0,0
V00108,R005,FIELD,2023-07-23,3,21.9,20.2,2.8,-19.1,37.9,0.0,1.0,9.3,0,2.36,5.36,1,0
V01326,R002,VOYAGE,2023-07-26,18,57.4,5.2,1.6,25.4,27.8,2.22,0.0,12.5,0,0.0,18.0,0,0
V03090,R001,VOYAGE,2023-07-28,2,47.8,11.8,6.3,27.8,20.6,1.13,0.0,16.8,0,0.0,2.0,0,0
V02570,R002,VOYAGE,2023-07-28,17,35.7,13.9,8.9,27.8,20.6,1.13,0.0,16.8,0,0.0,17.0,0,0
V03158,R001,VOYAGE,2023-07-29,2,8.9,19.9,13.9,24.6,23.3,1.68,0.0,14.3,0,0.02,2.02,0,0
V02747,R001,VOYAGE,2023-07-30,2,28.4,14.1,6.3,23.8,25.3,1.6,0.0,12.1,0,0.0,2.0,0,0
V00307,R001,VOYAGE,2023-07-31,2,25.3,16.6,0.5,25.0,24.7,1.37,0.0,14.7,0,0.0,2.0,0,0
V01997,R002,VOYAGE,2023-08-01,17,55.5,16.5,0.5,27.1,26.6,0.9,0.0,11.6,0,0.76,17.76,0,0
V00644,R001,VOYAGE,2023-08-01,2,34.0,7.7,8.1,27.1,26.6,0.9,0.0,11.6,0,0.0,2.0,0,0
V01264,R001,VOYAGE,2023-08-02,2,41.2,16.5,8.3,27.0,26.7,1.75,0.0,12.8,0,0.0,2.0,0,0
V02743,R001,VOYAGE,2023-08-03,2,28.2,9.4,9.3,26.0,29.4,2.22,0.0,9.8,0,0.05,2.05,0,0
V02645,R003,VOYAGE,2023-08-04,13,46.6,12.9,10.8,-3.8,30.0,2.26,0.723,9.4,0,3.41,16.41,1,0
V00970,R003,VOYAGE,2023-08-07,12,27.1,11.5,6.9,-0.1,31.6,2.48,0.816,10.1,0,2.88,14.88,1,0
V03148,R002,VOYAGE,2023-08-07,19,31.6,34.7,6.3,26.6,13.1,1.76,0.0,13.8,0,0.71,19.71,0,0
V00312,R001,VOYAGE,2023-08-08,2,62.8,13.9,5.9,28.0,14.9,1.69,0.0,16.6,0,0.0,2.0,0,0
V01782,R001,VOYAGE,2023-08-08,2,31.9,7.4,6.1,28.0,14.9,1.69,0.0,16.6,0,0.03,2.03,0,0
V02285,R004,AIR,2023-08-09,2,19.6,11.1,3.5,0.9,24.4,2.06,0.767,16.1,0,0.0,2.0,0,0
V02732,R001,VOYAGE,2023-08-09,2,59.1,7.0,1.8,30.2,2.0,0.82,0.0,18.2,0,0.0,2.0,0,0
V03116,R002,VOYAGE,2023-08-10,17,56.6,19.1,7.4,30.3,2.0,1.75,0.0,21.4,0,0.0,17.0,0,0
V01730,R001,VOYAGE,2023-08-10,2,63.2,16.9,4.7,30.3,2.0,1.75,0.0,21.4,0,0.0,2.0,0,0
V00262,R002,VOYAGE,2023-08-10,19,30.3,15.6,3.8,30.3,2.0,1.75,0.0,21.4,0,0.0,19.0,0,0
V01511,R001,VOYAGE,2023-08-10,2,39.5,24.0,2.1,30.3,2.0,1.75,0.0,21.4,0,0.0,2.0,0,0
V01746,R002,VOYAGE,2023-08-11,19,37.3,13.2,10.5,29.4,2.1,1.74,0.0,18.9,0,0.0,19.0,0,0
V03036,R001,VOYAGE,2023-08-14,2,37.7,19.3,7.2,27.8,2.5,0.92,0.0,17.9,0,0.0,2.0,0,0
V02910,R001,VOYAGE,2023-08-14,2,52.9,11.5,5.5,27.8,2.5,0.92,0.0,17.9,0,0.0,2.0,0,0
V00349,R004,AIR,2023-08-15,2,33.4,18.3,7.1,0.5,37.2,3.2,0.72,10.6,0,1.46,3.46,1,0
V01883,R001,VOYAGE,2023-08-17,2,40.2,14.2,5.4,27.1,17.8,1.92,0.0,14.8,0,0.0,2.0,0,0
V01721,R002,VOYAGE,2023-08-19,18,38.6,9.6,7.0,24.1,18.7,2.26,0.0,13.3,0,0.0,18.0,0,0
V00668,R001,VOYAGE,2023-08-20,2,6.1,25.0,12.6,24.3,24.0,2.41,0.0,11.3,0,0.08,2.08,0,0
V02917,R002,VOYAGE,2023-08-20,19,34.9,10.2,8.7,24.3,24.0,2.41,0.0,11.3,0,0.0,19.0,0,0
V00557,R002,VOYAGE,2023-08-22,17,14.8,8.5,15.7,26.1,18.5,1.9,0.0,13.2,0,0.0,17.0,0,0
V03022,R004,AIR,2023-08-22,2,57.9,22.4,2.3,-4.9,35.9,3.55,0.698,9.4,0,1.92,3.92,1,0
V01105,R001,VOYAGE,2023-08-23,2,20.6,12.8,0.5,24.8,17.7,1.58,0.0,13.4,0,0.04,2.04,0,0
V01172,R003,VOYAGE,2023-08-23,12,31.1,17.5,7.0,-5.8,37.1,3.4,0.623,9.1,0,10.45,22.45,1,0
V01969,R002,VOYAGE,2023-08-23,18,50.0,22.7,6.0,24.8,17.7,1.58,0.0,13.4,0,1.72,19.72,0,0
V02399,R002,VOYAGE,2023-08-25,17,39.1,18.6,7.0,26.4,12.1,1.67,0.0,17.4,0,0.0,17.0,0,0
V00215,R002,VOYAGE,2023-08-27,17,46.2,20.7,4.3,20.7,9.6,1.06,0.0,16.4,0,0.53,17.53,0,0
V00954,R002,VOYAGE,2023-08-28,20,51.4,1.2,5.7,25.4,13.8,1.09,0.0,14.8,0,0.35,20.35,0,0
V01298,R001,VOYAGE,2023-08-31,2,41.6,21.2,6.5,24.2,13.3,1.81,0.0,15.6,0,0.0,2.0,0,0
V00164,R002,VOYAGE,2023-08-31,20,53.3,17.7,14.4,24.2,13.3,1.81,0.0,15.6,0,0.0,20.0,0,0
V02574,R001,VOYAGE,2023-09-01,2,34.0,19.1,5.9,24.3,14.4,1.67,0.0,16.8,0,0.0,2.0,0,0
V02403,R001,VOYAGE,2023-09-02,2,41.8,16.2,9.8,25.6,16.8,1.92,0.0,13.3,0,0.0,2.0,0,0
V03127,R001,VOYAGE,2023-09-05,2,36.7,12.0,3.8,26.9,14.4,1.69,0.0,16.6,0,0.0,2.0,0,0
V03051,R004,AIR,2023-09-05,2,41.0,24.1,7.2,-1.0,30.6,2.64,0.577,12.9,0,0.62,2.62,1,0
V01139,R002,VOYAGE,2023-09-06,17,23.9,21.2,5.0,27.7,13.1,1.87,0.0,16.2,0,0.78,17.78,0,0
V01669,R001,VOYAGE,2023-09-09,2,44.3,14.6,10.2,21.8,13.3,1.14,0.0,16.0,0,0.0,2.0,0,0
V02259,R001,VOYAGE,2023-09-17,2,35.5,21.5,8.7,15.7,12.7,0.48,0.0,17.0,0,0.0,2.0,0,0
V01616,R002,VOYAGE,2023-09-17,17,46.6,12.9,3.1,15.7,12.7,0.48,0.0,17.0,0,0.45,17.45,0,0
V02422,R005,FIELD,2023-09-17,3,51.8,21.7,1.8,-18.2,16.8,0.0,0.859,12.9,0,0.36,3.36,1,0
V01627,R001,VOYAGE,2023-09-18,2,37.3,3.8,1.8,16.2,11.3,0.57,0.0,19.0,0,0.0,2.0,0,0
V01761,R002,VOYAGE,2023-09-19,19,13.5,22.2,3.3,19.8,15.0,0.68,0.0,16.0,0,0.87,19.87,0,0
V00658,R002,VOYAGE,2023-09-20,19,43.4,16.2,10.9,19.7,20.4,0.55,0.0,13.7,0,1.5,20.5,0,0
V01356,R002,VOYAGE,2023-09-23,17,18.7,10.6,9.5,22.7,26.6,2.08,0.0,14.5,0,0.0,17.0,0,0
V00980,R001,VOYAGE,2023-09-29,2,69.1,18.8,1.1,21.6,24.2,1.56,0.0,12.9,0,0.0,2.0,0,0
V01754,R001,VOYAGE,2023-09-30,2,41.9,18.7,2.2,23.7,20.1,2.07,0.0,14.6,0,0.11,2.11,0,0
V00233,R001,VOYAGE,2023-10-03,2,31.4,10.5,12.2,24.5,18.9,2.65,0.0,15.0,0,0.09,2.09,0,0
V00931,R001,VOYAGE,2023-10-03,2,38.8,21.1,5.9,24.5,18.9,2.65,0.0,15.0,0,0.0,2.0,0,0
V00966,R005,FIELD,2023-10-03,3,38.1,19.4,5.2,-14.9,30.2,0.0,0.87,13.4,0,0.6,3.6,1,0
V02016,R005,FIELD,2023-10-03,3,42.2,18.3,8.7,-14.9,30.2,0.0,0.87,13.4,0,0.92,3.92,1,0
V02421,R002,VOYAGE,2023-10-03,17,42.1,9.5,15.9,24.5,18.9,2.65,0.0,15.0,0,0.0,17.0,0,0
V00038,R001,VOYAGE,2023-10-06,2,49.6,13.3,7.7,23.9,18.8,2.53,0.0,15.1,0,0.0,2.0,0,0
V00865,R003,VOYAGE,2023-10-10,12,14.4,10.4,7.1,-3.3,16.8,1.41,0.428,16.6,0,0.0,12.0,0,0
V00031,R004,AIR,2023-10-11,2,33.1,6.7,16.6,-4.0,18.0,1.45,0.448,14.0,0,0.0,2.0,0,0
V02181,R002,VOYAGE,2023-10-11,19,42.8,9.1,0.5,22.3,18.1,1.99,0.0,16.9,0,0.0,19.0,0,0
V01945,R004,AIR,2023-10-12,2,59.9,13.9,5.4,-4.8,20.3,1.66,0.445,14.7,0,0.37,2.37,1,0
V01595,R001,VOYAGE,2023-10-13,2,25.7,7.4,15.6,26.3,8.3,1.69,0.0,17.2,0,0.0,2.0,0,0
V00362,R002,VOYAGE,2023-10-17,18,29.7,19.1,8.2,32.3,7.0,1.88,0.0,22.2,0,0.31,18.31,0,0
V01575,R002,VOYAGE,2023-10-21,18,41.6,19.2,6.3,26.2,15.2,0.99,0.0,14.3,0,0.0,18.0,0,0
V00217,R001,VOYAGE,2023-10-22,2,18.8,1.0,4.0,26.5,17.2,1.45,0.0,14.7,0,0.0,2.0,0,0
V01680,R002,VOYAGE,2023-10-22,20,44.9,11.5,11.2,26.5,17.2,1.45,0.0,14.7,0,0.0,20.0,0,0
V00507,R001,VOYAGE,2023-10-23,2,36.9,10.1,11.6,26.9,9.2,1.4,0.0,18.5,0,0.02,2.02,0,0
V02061,R002,VOYAGE,2023-10-24,17,39.4,9.0,9.4,28.9,8.6,1.25,0.0,18.2,0,0.25,17.25,0,0
V02170,R001,VOYAGE,2023-10-25,2,41.6,20.7,5.5,29.1,2.0,1.39,0.0,20.0,0,0.01,2.01,0,0
V02718,R001,VOYAGE,2023-10-26,2,58.7,13.6,15.6,29.9,3.6,1.82,0.0,18.7,0,0.0,2.0,0,0
V03047,R001,VOYAGE,2023-10-26,2,51.6,20.2,10.3,29.9,3.6,1.82,0.0,18.7,0,0.0,2.0,0,0
V00854,R001,VOYAGE,2023-10-28,2,20.1,6.4,12.0,26.2,10.2,1.55,0.0,16.9,0,0.0,2.0,0,0
V01535,R001,VOYAGE,2023-10-30,2,53.7,11.0,3.0,28.6,15.7,2.1,0.0,16.9,0,0.0,2.0,0,0
V01230,R001,VOYAGE,2023-10-30,2,15.3,1.0,9.4,28.6,15.7,2.1,0.0,16.9,0,0.0,2.0,0,0
V02616,R001,VOYAGE,2023-10-30,2,24.6,1.3,8.5,28.6,15.7,2.1,0.0,16.9,0,0.0,2.0,0,0
V02863,R005,FIELD,2023-10-31,3,53.7,14.8,9.6,-8.2,27.5,0.0,0.799,14.8,0,1.74,4.74,1,0
V00344,R004,AIR,2023-11-01,2,39.8,22.2,0.7,2.7,24.3,1.8,0.365,12.9,0,0.68,2.68,1,0
V01796,R001,VOYAGE,2023-11-02,2,45.3,8.8,12.6,25.5,13.3,1.24,0.0,15.3,0,0.0,2.0,0,0
V02518,R003,VOYAGE,2023-11-02,11,30.0,3.6,11.5,1.5,22.1,1.89,0.412,15.5,0,2.04,13.04,1,0
V01765,R001,VOYAGE,2023-11-02,2,26.3,24.1,9.8,25.5,13.3,1.24,0.0,15.3,0,0.0,2.0,0,0
V00913,R004,AIR,2023-11-03,2,46.6,15.3,2.1,1.7,19.6,2.41,0.424,13.3,0,0.51,2.51,1,0
V02230,R004,AIR,2023-11-03,2,40.6,15.9,13.6,1.7,19.6,2.41,0.424,13.3,0,0.1,2.1,0,0
V00285,R003,VOYAGE,2023-11-03,11,55.4,15.6,6.3,1.7,19.6,2.41,0.424,13.3,0,0.0,11.0,0,0
V00767,R003,VOYAGE,2023-11-03,12,32.5,1.8,3.8,1.7,19.6,2.41,0.424,13.3,0,2.25,14.25,1,0
V00305,R001,VOYAGE,2023-11-04,2,39.0,10.5,6.5,23.1,17.0,1.24,0.0,15.0,0,0.0,2.0,0,0
V02690,R004,AIR,2023-11-04,2,39.0,10.8,5.2,-0.2,18.1,2.56,0.425,15.8,0,0.25,2.25,1,0
V01092,R003,VOYAGE,2023-11-04,12,27.1,16.8,8.3,-0.2,18.1,2.56,0.425,15.8,0,2.7,14.7,1,0
V00999,R004,AIR,2023-11-04,2,53.0,13.0,7.2,-0.2,18.1,2.56,0.425,15.8,0,0.0,2.0,0,0
V02255,R003,VOYAGE,2023-11-04,11,24.6,14.5,4.0,-0.2,18.1,2.56,0.425,15.8,0,0.84,11.84,0,0
V02519,R005,FIELD,2023-11-05,3,57.6,16.0,9.0,-9.1,22.0,0.0,0.554,12.1,0,0.66,3.66,1,0
V02115,R005,FIELD,2023-11-05,3,44.9,22.1,6.3,-9.1,22.0,0.0,0.554,12.1,0,1.18,4.18,1,1
V01986,R004,AIR,2023-11-06,2,30.9,17.9,7.5,-1.0,21.2,3.38,0.449,17.1,0,0.0,2.0,0,1
V01720,R003,VOYAGE,2023-11-06,12,48.2,12.3,8.8,-1.0,21.2,3.38,0.449,17.1,0,4.36,16.36,1,0
V00343,R004,AIR,2023-11-06,2,35.1,7.8,10.5,-1.0,21.2,3.38,0.449,17.1,0,0.21,2.21,1,0
V03091,R003,VOYAGE,2023-11-06,12,48.8,6.8,3.9,-1.0,21.2,3.38,0.449,17.1,0,10.55,22.55,1,0
V02341,R001,VOYAGE,2023-11-06,2,34.3,4.3,10.9,22.0,17.3,2.21,0.0,14.5,0,0.03,2.03,0,0
V01063,R001,VOYAGE,2023-11-07,2,30.9,25.3,4.4,21.9,19.2,1.76,0.0,14.9,0,0.0,2.0,0,0
V00925,R003,VOYAGE,2023-11-07,13,29.1,6.2,6.5,-2.1,30.1,3.56,0.465,12.2,0,3.77,16.77,1,0
V00451,R002,VOYAGE,2023-11-07,19,29.3,7.5,5.0,21.9,19.2,1.76,0.0,14.9,0,0.0,19.0,0,0
V00728,R004,AIR,2023-11-07,2,30.5,11.9,10.0,-2.1,30.1,3.56,0.465,12.2,0,0.65,2.65,1,0
V00186,R005,FIELD,2023-11-07,3,53.4,11.6,8.8,-11.9,17.8,0.0,0.564,13.9,0,1.16,4.16,1,0
V00073,R001,VOYAGE,2023-11-08,2,27.9,17.7,8.4,24.3,15.0,1.06,0.0,16.7,0,0.0,2.0,0,0
V01685,R004,AIR,2023-11-08,2,37.7,20.7,15.6,-1.4,31.0,3.46,0.434,10.3,0,0.73,2.73,1,0
V02520,R002,VOYAGE,2023-11-11,19,57.5,5.8,7.9,25.0,19.5,2.01,0.0,14.1,0,0.0,19.0,0,0
V00596,R002,VOYAGE,2023-11-11,19,9.4,12.0,1.4,25.0,19.5,2.01,0.0,14.1,0,0.0,19.0,0,0
V02178,R001,VOYAGE,2023-11-11,2,51.6,13.9,10.6,25.0,19.5,2.01,0.0,14.1,0,0.0,2.0,0,0
V02753,R003,VOYAGE,2023-11-11,11,31.3,14.4,9.1,3.0,22.5,3.13,0.483,13.1,0,2.42,13.42,1,0
V01865,R004,AIR,2023-11-11,2,63.2,7.6,5.1,3.0,22.5,3.13,0.483,13.1,0,1.54,3.54,1,0
V00520,R005,FIELD,2023-11-11,3,60.2,21.8,17.7,-9.3,14.0,0.0,0.603,14.7,0,1.63,4.63,1,0
V01852,R004,AIR,2023-11-11,2,63.2,6.6,10.5,3.0,22.5,3.13,0.483,13.1,0,0.37,2.37,1,0
V01628,R004,AIR,2023-11-11,2,43.4,1.0,5.3,3.0,22.5,3.13,0.483,13.1,0,0.17,2.17,0,0
V01819,R002,VOYAGE,2023-11-12,18,28.4,19.9,8.3,25.2,15.9,1.95,0.0,14.8,0,0.0,18.0,0,0
V02834,R005,FIELD,2023-11-12,3,36.2,19.5,12.1,-11.2,16.5,0.0,0.641,15.5,0,0.0,3.0,0,0
V01435,R002,VOYAGE,2023-11-12,19,31.7,18.5,2.3,25.2,15.9,1.95,0.0,14.8,0,0.38,19.38,0,0
V00715,R001,VOYAGE,2023-11-13,2,54.6,17.1,10.7,26.1,12.5,1.0,0.0,15.8,0,0.0,2.0,0,0
V02973,R003,VOYAGE,2023-11-13,12,33.4,7.3,17.6,2.5,20.0,2.74,0.439,15.2,0,1.84,13.84,1,0
V01842,R004,AIR,2023-11-14,2,42.3,15.1,6.8,3.9,16.1,2.14,0.505,15.6,0,0.2,2.2,1,0
V03160,R003,VOYAGE,2023-11-15,12,32.3,16.6,6.6,3.1,15.4,2.28,0.387,13.4,0,0.0,12.0,0,0
V00219,R003,VOYAGE,2023-11-15,11,62.9,14.0,5.3,3.1,15.4,2.28,0.387,13.4,0,3.78,14.78,1,0
V01317,R004,AIR,2023-11-15,2,40.0,21.1,6.3,3.1,15.4,2.28,0.387,13.4,0,0.52,2.52,1,0
V02904,R004,AIR,2023-11-15,2,44.0,17.4,5.3,3.1,15.4,2.28,0.387,13.4,0,0.76,2.76,1,0
V00794,R005,FIELD,2023-11-15,3,57.4,11.0,9.8,-12.8,20.2,0.0,0.561,14.3,0,0.15,3.15,0,0
V01917,R001,VOYAGE,2023-11-15,2,55.9,19.3,5.5,27.2,13.1,0.53,0.0,15.4,0,0.0,2.0,0,0
V00707,R003,VOYAGE,2023-11-15,13,57.1,20.1,13.1,3.1,15.4,2.28,0.387,13.4,0,2.35,15.35,1,0
V00825,R003,VOYAGE,2023-11-16,13,23.0,19.0,7.8,4.4,19.5,2.56,0.39,14.9,0,1.83,14.83,1,0
V00713,R004,AIR,2023-11-16,2,54.0,16.3,15.6,4.4,19.5,2.56,0.39,14.9,0,0.32,2.32,1,0
V01057,R004,AIR,2023-11-16,2,46.6,18.3,6.7,4.4,19.5,2.56,0.39,14.9,0,0.56,2.56,1,1
V00309,R001,VOYAGE,2023-11-17,2,44.0,7.5,8.8,28.7,11.9,0.23,0.0,17.1,0,0.0,2.0,0,0
V02666,R005,FIELD,2023-11-17,3,51.3,13.0,14.7,-9.5,23.9,0.0,0.532,12.2,0,0.23,3.23,0,0
V02871,R003,VOYAGE,2023-11-17,13,43.2,20.6,5.8,6.2,24.8,2.69,0.339,12.1,0,8.05,21.05,1,1
V01716,R002,VOYAGE,2023-11-18,18,15.3,7.6,9.9,29.7,7.7,0.2,0.0,15.8,0,0.0,18.0,0,0
V02202,R002,VOYAGE,2023-11-18,19,45.1,12.3,6.9,29.7,7.7,0.2,0.0,15.8,0,0.0,19.0,0,0
V03081,R003,VOYAGE,2023-11-18,12,47.0,14.1,14.0,4.7,29.9,3.1,0.395,9.3,0,3.78,15.78,1,1
V00501,R003,VOYAGE,2023-11-19,13,37.3,14.2,6.9,3.5,31.2,2.54,0.38,10.7,0,1.64,14.64,1,0
V02456,R004,AIR,2023-11-19,2,53.3,10.7,3.7,3.5,31.2,2.54,0.38,10.7,0,0.86,2.86,1,0
V00745,R003,VOYAGE,2023-11-20,12,55.8,14.6,7.7,2.8,30.1,2.59,0.325,13.5,0,2.05,14.05,1,0
V02749,R003,VOYAGE,2023-11-20,11,22.2,20.5,6.3,2.8,30.1,2.59,0.325,13.5,0,3.85,14.85,1,0
V00678,R003,VOYAGE,2023-11-20,13,51.2,24.8,4.3,2.8,30.1,2.59,0.325,13.5,0,2.76,15.76,1,0
V00481,R005,FIELD,2023-11-20,3,71.6,20.6,0.5,-10.8,19.5,0.0,0.503,15.2,0,0.78,3.78,1,0
V02302,R003,VOYAGE,2023-11-21,12,78.2,14.5,8.9,0.9,32.2,2.55,0.296,12.8,0,3.09,15.09,1,1
V00894,R001,VOYAGE,2023-11-22,2,43.8,13.6,6.4,27.7,12.8,0.2,0.0,15.6,0,0.0,2.0,0,0
V01942,R003,VOYAGE,2023-11-23,12,18.3,31.5,0.9,3.2,20.2,2.93,0.227,14.7,0,2.41,14.41,1,0
V01931,R002,VOYAGE,2023-11-23,19,2.0,24.4,10.4,28.6,18.2,0.73,0.0,14.9,0,0.38,19.38,0,0
V02733,R001,VOYAGE,2023-11-23,2,27.7,12.3,8.1,28.6,18.2,0.73,0.0,14.9,0,0.0,2.0,0,0
V00586,R001,VOYAGE,2023-11-23,2,53.9,5.1,12.1,28.6,18.2,0.73,0.0,14.9,0,0.0,2.0,0,0
V01620,R005,FIELD,2023-11-24,3,55.4,9.8,2.7,-8.2,18.0,0.0,0.549,15.4,0,0.0,3.0,0,0
V02335,R004,AIR,2023-11-24,2,24.6,17.6,8.9,1.8,22.5,2.68,0.203,14.6,0,0.26,2.26,1,0
V00183,R004,AIR,2023-11-24,2,41.6,20.7,14.4,1.8,22.5,2.68,0.203,14.6,0,0.0,2.0,0,0
V01913,R004,AIR,2023-11-25,2,25.9,11.5,8.9,4.2,19.3,1.96,0.165,14.7,0,0.13,2.13,0,0
V00093,R003,VOYAGE,2023-11-25,11,2.0,24.5,10.2,4.2,19.3,1.96,0.165,14.7,0,0.0,11.0,0,0
V00475,R003,VOYAGE,2023-11-26,12,42.6,20.2,8.4,3.6,20.0,2.5,0.171,12.7,0,3.01,15.01,1,0
V01100,R004,AIR,2023-11-26,2,35.4,14.8,0.5,3.6,20.0,2.5,0.171,12.7,0,0.16,2.16,0,0
V02716,R004,AIR,2023-11-26,2,41.7,9.0,13.2,3.6,20.0,2.5,0.171,12.7,0,0.0,2.0,0,0
V00637,R002,VOYAGE,2023-11-27,18,49.2,11.6,3.7,28.0,19.3,1.91,0.0,13.4,0,2.54,20.54,1,0
V02208,R004,AIR,2023-11-28,2,15.7,7.2,11.7,5.6,22.7,2.14,0.134,12.7,0,0.0,2.0,0,0
V01234,R002,VOYAGE,2023-11-28,19,35.6,18.7,9.8,28.6,17.8,1.88,0.0,14.1,0,0.0,19.0,0,0
V01851,R004,AIR,2023-11-29,2,79.5,18.9,4.3,5.3,26.4,2.49,0.065,14.7,0,0.94,2.94,1,0
V02038,R005,FIELD,2023-11-30,3,37.1,10.7,8.7,-3.4,17.2,0.0,0.555,14.3,0,0.0,3.0,0,0
V02446,R002,VOYAGE,2023-11-30,17,44.6,13.4,10.8,29.4,19.4,2.02,0.0,15.3,0,0.0,17.0,0,0
V01289,R005,FIELD,2023-11-30,3,35.8,17.2,4.1,-3.4,17.2,0.0,0.555,14.3,0,0.0,3.0,0,0
V00056,R005,FIELD,2023-11-30,3,28.8,12.5,7.0,-3.4,17.2,0.0,0.555,14.3,0,0.0,3.0,0,0
V01094,R002,VOYAGE,2023-12-01,20,46.9,12.8,6.6,27.9,22.6,1.94,0.0,10.0,0,0.0,20.0,0,0
V01505,R004,AIR,2023-12-02,2,35.2,13.6,8.5,5.3,27.0,2.87,0.133,12.5,0,0.0,2.0,0,0
V02612,R004,AIR,2023-12-02,2,41.0,13.7,0.5,5.3,27.0,2.87,0.133,12.5,0,0.33,2.33,1,1
V00592,R002,VOYAGE,2023-12-02,18,29.5,10.5,3.8,27.0,18.9,1.59,0.0,17.7,0,0.0,18.0,0,0
V03084,R004,AIR,2023-12-03,2,52.9,21.6,10.5,6.0,27.1,2.87,0.151,11.8,0,0.0,2.0,0,0
V01864,R003,VOYAGE,2023-12-03,11,5.4,8.9,10.0,6.0,27.1,2.87,0.151,11.8,0,0.0,11.0,0,0
V01059,R002,VOYAGE,2023-12-03,17,7.7,21.8,5.5,29.6,17.8,1.24,0.0,15.8,0,0.0,17.0,0,0
V03163,R005,FIELD,2023-12-04,3,56.6,12.3,11.0,-0.7,20.0,0.0,0.548,16.1,0,0.83,3.83,1,0
V00682,R004,AIR,2023-12-04,2,42.7,17.5,9.4,7.4,24.6,2.77,0.208,12.9,0,0.0,2.0,0,0
V01083,R005,FIELD,2023-12-05,3,30.2,22.3,5.1,-2.6,20.4,0.0,0.468,14.3,0,0.0,3.0,0,0
V01459,R002,VOYAGE,2023-12-05,19,10.6,8.3,14.0,29.7,14.9,1.27,0.0,15.6,0,0.0,19.0,0,1
V01292,R005,FIELD,2023-12-05,3,42.0,17.1,7.8,-2.6,20.4,0.0,0.468,14.3,0,0.0,3.0,0,0
V01897,R003,VOYAGE,2023-12-05,13,52.3,15.8,8.5,5.1,23.9,2.79,0.236,12.5,0,3.54,16.54,1,0
V01880,R005,FIELD,2023-12-05,3,54.3,9.2,9.2,-2.6,20.4,0.0,0.468,14.3,0,0.48,3.48,1,0
V02510,R002,VOYAGE,2023-12-05,17,14.3,19.5,10.8,29.7,14.9,1.27,0.0,15.6,0,0.46,17.46,0,0
V00380,R003,VOYAGE,2023-12-06,11,33.5,12.2,7.1,6.1,33.5,3.34,0.328,12.7,0,6.21,17.21,1,0
V01401,R003,VOYAGE,2023-12-06,12,47.0,15.7,16.9,6.1,33.5,3.34,0.328,12.7,0,4.12,16.12,1,0
V03176,R005,FIELD,2023-12-07,3,38.7,12.9,4.0,-3.2,24.9,0.0,0.585,10.0,0,0.0,3.0,0,0
V02096,R003,VOYAGE,2023-12-07,11,25.3,10.3,7.9,4.5,32.8,3.61,0.427,10.8,0,5.55,16.55,1,0
V00643,R004,AIR,2023-12-08,2,42.1,11.0,13.8,2.6,33.2,3.49,0.322,11.0,0,0.51,2.51,1,0
V00328,R004,AIR,2023-12-08,2,22.7,15.6,10.3,2.6,33.2,3.49,0.322,11.0,0,0.55,2.55,1,0
V00366,R002,VOYAGE,2023-12-08,19,29.9,5.4,8.6,25.5,17.1,0.64,0.0,14.4,0,0.0,19.0,0,0
V00364,R002,VOYAGE,2023-12-08,19,44.5,10.5,11.5,25.5,17.1,0.64,0.0,14.4,0,0.0,19.0,0,0
V03193,R001,VOYAGE,2023-12-09,2,56.4,19.3,9.8,24.5,12.5,0.92,0.0,17.3,0,0.0,2.0,0,0
V00593,R004,AIR,2023-12-09,2,59.3,9.7,0.5,3.4,29.4,2.88,0.209,12.1,0,0.45,2.45,1,0
V01745,R003,VOYAGE,2023-12-09,12,39.8,24.2,6.9,3.4,29.4,2.88,0.209,12.1,0,0.0,12.0,0,0
V01719,R005,FIELD,2023-12-09,3,60.8,8.4,9.6,-3.7,32.0,0.0,0.59,8.9,0,0.31,3.31,1,0
V00750,R003,VOYAGE,2023-12-09,12,34.4,14.2,7.5,3.4,29.4,2.88,0.209,12.1,0,3.08,15.08,1,0
V00731,R004,AIR,2023-12-11,2,46.5,3.6,12.6,4.3,33.9,3.26,0.203,10.7,0,0.0,2.0,0,0
V00577,R005,FIELD,2023-12-12,3,13.5,15.4,9.6,1.4,33.4,0.0,0.685,8.7,0,0.0,3.0,0,0
V00630,R004,AIR,2023-12-12,2,22.7,7.7,8.5,5.5,35.3,2.61,0.186,11.7,0,0.23,2.23,1,0
V00659,R002,VOYAGE,2023-12-12,18,49.0,18.1,2.9,25.8,4.0,0.71,0.0,17.7,0,0.31,18.31,0,0
V00992,R005,FIELD,2023-12-12,3,51.6,7.5,9.0,1.4,33.4,0.0,0.685,8.7,0,0.87,3.87,1,0
V02847,R002,VOYAGE,2023-12-13,18,29.0,10.2,8.6,27.9,6.2,0.63,0.0,19.6,0,0.0,18.0,0,0
V01424,R004,AIR,2023-12-13,2,36.7,1.0,7.6,6.8,34.4,2.0,0.202,12.6,0,0.37,2.37,1,0
V01219,R003,VOYAGE,2023-12-13,13,30.9,5.8,9.0,6.8,34.4,2.0,0.202,12.6,0,0.0,13.0,0,0
V00983,R005,FIELD,2023-12-13,3,15.8,16.5,15.2,3.2,26.1,0.0,0.634,14.5,0,0.0,3.0,0,0
V00361,R004,AIR,2023-12-14,2,49.5,12.9,7.7,8.8,36.6,2.63,0.177,8.0,0,0.58,2.58,1,0
V01967,R005,FIELD,2023-12-14,3,34.0,16.6,6.2,2.6,25.0,0.0,0.583,13.0,0,0.77,3.77,1,0
V02131,R005,FIELD,2023-12-14,3,53.6,8.6,3.0,2.6,25.0,0.0,0.583,13.0,0,0.0,3.0,0,0
V03194,R003,VOYAGE,2023-12-14,13,38.3,13.8,3.7,8.8,36.6,2.63,0.177,8.0,0,2.48,15.48,1,0
V01362,R003,VOYAGE,2023-12-15,12,41.3,11.3,6.9,6.6,39.4,3.39,0.138,0.1,1,10.5,22.5,1,0
V00395,R003,VOYAGE,2023-12-15,11,40.3,14.2,5.0,6.6,39.4,3.39,0.138,0.1,1,4.37,15.37,1,0
V01645,R005,FIELD,2023-12-15,3,17.8,23.1,0.8,3.4,23.8,0.0,0.563,10.2,0,0.36,3.36,1,0
V02670,R005,FIELD,2023-12-16,3,37.8,21.3,0.8,2.5,28.9,0.0,0.628,10.1,0,0.0,3.0,0,0
V00907,R005,FIELD,2023-12-18,3,22.7,2.2,17.0,2.1,23.3,0.0,0.602,14.1,0,0.23,3.23,0,0
V01132,R005,FIELD,2023-12-18,3,41.2,4.8,12.0,2.1,23.3,0.0,0.602,14.1,0,0.0,3.0,0,0
V02237,R005,FIELD,2023-12-18,3,62.3,13.9,2.7,2.1,23.3,0.0,0.602,14.1,0,0.59,3.59,1,0
V02844,R004,AIR,2023-12-18,2,64.0,9.8,6.5,9.7,37.2,2.77,0.125,10.1,0,1.23,3.23,1,1
V01664,R003,VOYAGE,2023-12-18,12,49.8,19.1,5.9,9.7,37.2,2.77,0.125,10.1,0,3.98,15.98,1,0
V02220,R002,VOYAGE,2023-12-19,17,65.7,12.1,6.6,26.4,20.5,1.77,0.0,14.1,0,0.0,17.0,0,0
V01757,R004,AIR,2023-12-19,2,52.4,1.3,9.6,6.6,32.0,2.47,0.098,12.1,0,0.53,2.53,1,0
V01611,R003,VOYAGE,2023-12-19,13,23.8,9.8,2.0,6.6,32.0,2.47,0.098,12.1,0,1.96,14.96,1,0
V00774,R003,VOYAGE,2023-12-20,12,49.6,7.4,9.0,4.4,28.2,2.46,0.082,10.1,0,1.48,13.48,1,0
V01870,R001,VOYAGE,2023-12-20,2,53.2,14.8,6.1,30.1,21.0,1.77,0.0,15.9,0,0.1,2.1,0,0
V01607,R004,AIR,2023-12-20,2,39.3,22.8,11.3,4.4,28.2,2.46,0.082,10.1,0,0.0,2.0,0,0
V02961,R004,AIR,2023-12-21,2,18.3,3.9,11.4,3.9,27.4,1.98,0.101,11.5,0,0.0,2.0,0,0
V02654,R005,FIELD,2023-12-21,3,35.5,7.4,10.9,1.3,23.7,0.0,0.679,14.6,0,0.0,3.0,0,1
V00975,R004,AIR,2023-12-21,2,61.1,1.0,3.0,3.9,27.4,1.98,0.101,11.5,0,0.38,2.38,1,0
V01207,R004,AIR,2023-12-21,2,12.1,5.9,5.0,3.9,27.4,1.98,0.101,11.5,0,0.0,2.0,0,0
V00497,R001,VOYAGE,2023-12-22,2,46.5,13.3,0.5,26.2,19.4,1.5,0.0,12.2,0,0.0,2.0,0,0
V02028,R001,VOYAGE,2023-12-22,2,52.2,7.6,7.0,26.2,19.4,1.5,0.0,12.2,0,0.0,2.0,0,0
V01191,R002,VOYAGE,2023-12-22,19,49.5,14.4,8.2,26.2,19.4,1.5,0.0,12.2,0,0.0,19.0,0,0
V00869,R005,FIELD,2023-12-22,3,35.9,13.1,2.0,0.2,24.7,0.0,0.719,14.6,0,0.0,3.0,0,0
V02444,R003,VOYAGE,2023-12-23,11,55.0,18.4,10.5,7.0,24.2,1.61,0.128,13.0,0,0.0,11.0,0,0
V00003,R003,VOYAGE,2023-12-23,12,45.5,8.3,6.0,7.0,24.2,1.61,0.128,13.0,0,0.0,12.0,0,0
V03064,R003,VOYAGE,2023-12-24,11,8.0,8.5,7.9,5.9,20.7,1.54,0.083,11.0,0,0.0,11.0,0,0
V00159,R003,VOYAGE,2023-12-24,12,2.0,21.6,4.6,5.9,20.7,1.54,0.083,11.0,0,2.37,14.37,1,0
V02555,R005,FIELD,2023-12-24,3,39.6,22.4,1.1,-0.6,32.9,0.0,0.67,11.5,0,1.17,4.17,1,0
V02658,R005,FIELD,2023-12-24,3,39.7,13.9,2.1,-0.6,32.9,0.0,0.67,11.5,0,1.22,4.22,1,0
V00947,R003,VOYAGE,2023-12-25,12,40.8,21.9,6.7,4.9,19.5,1.22,0.034,16.5,0,0.0,12.0,0,0
V01728,R004,AIR,2023-12-25,2,20.3,6.3,11.9,4.9,19.5,1.22,0.034,16.5,0,0.0,2.0,0,0
V01251,R003,VOYAGE,2023-12-25,12,39.5,22.5,12.9,4.9,19.5,1.22,0.034,16.5,0,0.0,12.0,0,0
V02652,R002,VOYAGE,2023-12-26,17,34.9,12.1,13.2,28.8,9.4,0.58,0.0,15.5,0,0.0,17.0,0,0
V02251,R004,AIR,2023-12-26,2,28.2,18.8,6.4,3.0,19.5,1.69,0.047,16.9,0,0.26,2.26,1,0
V02946,R005,FIELD,2023-12-26,3,38.6,20.3,11.6,-0.9,27.0,0.0,0.63,13.7,0,0.61,3.61,1,1
V01020,R005,FIELD,2023-12-27,3,36.3,14.8,5.7,0.2,31.8,0.0,0.718,12.4,0,0.71,3.71,1,0
V02813,R005,FIELD,2023-12-28,3,45.7,9.1,5.6,2.3,26.5,0.0,0.675,12.8,0,0.85,3.85,1,0
V01472,R003,VOYAGE,2023-12-28,12,47.5,19.9,10.3,4.8,19.6,1.6,0.025,12.2,0,4.58,16.58,1,0
V00157,R005,FIELD,2023-12-28,3,31.5,17.6,13.0,2.3,26.5,0.0,0.675,12.8,0,0.9,3.9,1,0
V01854,R005,FIELD,2023-12-28,3,35.6,22.8,8.5,2.3,26.5,0.0,0.675,12.8,0,0.38,3.38,1,0
V01231,R003,VOYAGE,2023-12-29,12,48.3,19.4,4.9,8.1,20.0,1.84,0.08,15.0,0,1.32,13.32,1,0
V01653,R005,FIELD,2023-12-29,3,44.9,19.4,0.9,1.9,32.3,0.0,0.677,10.8,0,1.89,4.89,1,0
V02595,R001,VOYAGE,2023-12-31,2,38.5,14.8,8.2,27.9,12.7,2.01,0.0,16.9,0,0.0,2.0,0,0
V01002,R003,VOYAGE,2023-12-31,12,44.9,19.1,10.4,9.6,19.4,2.2,0.116,15.3,0,1.52,13.52,1,0
V00790,R001,VOYAGE,2024-01-01,2,16.6,6.9,7.2,27.7,10.4,2.07,0.0,15.8,0,0.0,2.0,0,0
V01279,R003,VOYAGE,2024-01-01,12,39.9,10.2,10.7,8.7,17.3,1.75,0.168,16.9,0,0.0,12.0,0,0
V00704,R003,VOYAGE,2024-01-01,12,60.6,19.1,6.1,8.7,17.3,1.75,0.168,16.9,0,2.64,14.64,1,0
V00860,R001,VOYAGE,2024-01-01,2,61.1,14.4,6.7,27.7,10.4,2.07,0.0,15.8,0,0.0,2.0,0,0
V00989,R002,VOYAGE,2024-01-01,19,38.0,6.7,4.9,27.7,10.4,2.07,0.0,15.8,0,0.0,19.0,0,0
V01028,R002,VOYAGE,2024-01-02,18,12.4,17.8,1.0,28.2,15.2,1.86,0.0,13.6,0,0.0,18.0,0,0
V01495,R004,AIR,2024-01-02,2,37.1,17.0,5.5,6.6,22.2,1.56,0.06,13.1,0,0.17,2.17,0,0
V00885,R003,VOYAGE,2024-01-03,11,47.8,9.3,1.9,5.2,14.9,1.23,0.1,14.5,0,1.93,12.93,1,0
V02997,R003,VOYAGE,2024-01-03,13,39.7,12.1,4.4,5.2,14.9,1.23,0.1,14.5,0,0.0,13.0,0,0
V01513,R003,VOYAGE,2024-01-03,11,17.0,9.6,14.9,5.2,14.9,1.23,0.1,14.5,0,0.0,11.0,0,0
V02309,R005,FIELD,2024-01-04,3,49.7,15.8,11.4,1.2,24.8,0.0,0.656,13.0,0,1.54,4.54,1,0
V01778,R002,VOYAGE,2024-01-04,19,28.7,16.1,13.4,27.4,21.2,1.58,0.0,13.6,0,0.0,19.0,0,0
V00777,R003,VOYAGE,2024-01-04,12,48.7,5.1,8.3,3.3,15.5,1.43,0.059,15.6,0,0.0,12.0,0,0
V01582,R004,AIR,2024-01-04,2,33.4,10.1,9.3,3.3,15.5,1.43,0.059,15.6,0,0.0,2.0,0,0
V02015,R003,VOYAGE,2024-01-04,12,51.2,6.2,11.1,3.3,15.5,1.43,0.059,15.6,0,0.0,12.0,0,0
V00897,R005,FIELD,2024-01-05,3,30.2,4.5,10.6,-0.1,21.9,0.0,0.694,14.6,0,0.2,3.2,0,0
V02550,R005,FIELD,2024-01-06,3,61.3,19.3,14.9,-1.6,20.8,0.0,0.672,15.2,0,0.71,3.71,1,0
V00076,R005,FIELD,2024-01-06,3,53.9,9.8,11.9,-1.6,20.8,0.0,0.672,15.2,0,0.0,3.0,0,0
V02218,R005,FIELD,2024-01-07,3,56.4,15.8,10.1,-4.8,23.2,0.0,0.616,15.7,0,0.24,3.24,0,0
V00837,R002,VOYAGE,2024-01-07,19,43.8,6.9,11.0,25.8,28.4,1.96,0.0,10.9,0,0.0,19.0,0,0
V01187,R003,VOYAGE,2024-01-07,12,40.7,1.9,8.1,6.3,13.6,0.98,0.047,16.4,0,0.0,12.0,0,0
V01571,R002,VOYAGE,2024-01-07,20,27.8,4.9,5.5,25.8,28.4,1.96,0.0,10.9,0,1.3,21.3,0,0
V02536,R004,AIR,2024-01-07,2,21.1,8.9,5.5,6.3,13.6,0.98,0.047,16.4,0,0.29,2.29,1,0
V01751,R003,VOYAGE,2024-01-08,12,59.6,1.0,12.4,6.4,13.4,0.87,0.014,17.6,0,0.0,12.0,0,0
V01882,R005,FIELD,2024-01-08,3,34.6,7.9,6.5,-2.7,22.4,0.0,0.571,13.8,0,0.29,3.29,0,0
V02084,R005,FIELD,2024-01-09,3,45.9,17.5,2.4,-5.2,17.9,0.0,0.576,13.9,0,0.0,3.0,0,0
V02463,R004,AIR,2024-01-09,2,31.2,8.0,5.9,5.9,14.6,0.61,0.007,15.2,0,0.02,2.02,0,0
V01658,R001,VOYAGE,2024-01-09,2,28.4,14.4,10.0,27.6,28.2,2.3,0.0,8.8,0,0.14,2.14,0,0
V02874,R005,FIELD,2024-01-10,3,27.3,14.3,12.2,-3.2,21.7,0.0,0.575,13.7,0,0.15,3.15,0,0
V00288,R004,AIR,2024-01-10,2,32.2,21.6,7.6,4.2,19.8,1.49,0.083,12.1,0,0.0,2.0,0,0
V02788,R005,FIELD,2024-01-10,3,13.3,13.0,2.4,-3.2,21.7,0.0,0.575,13.7,0,0.0,3.0,0,0
V02831,R005,FIELD,2024-01-10,3,37.2,16.2,10.3,-3.2,21.7,0.0,0.575,13.7,0,0.35,3.35,1,0
V01694,R005,FIELD,2024-01-11,3,22.6,7.7,7.6,0.4,23.6,0.0,0.577,12.9,0,0.0,3.0,0,0
V01211,R004,AIR,2024-01-11,2,34.3,15.9,6.1,4.9,21.7,1.49,0.074,16.1,0,0.0,2.0,0,0
V01958,R004,AIR,2024-01-12,2,33.5,16.9,5.9,4.8,17.7,1.87,0.155,13.3,0,0.0,2.0,0,0
V02342,R005,FIELD,2024-01-13,3,43.2,21.1,7.7,-0.4,25.0,0.0,0.6,11.4,0,0.64,3.64,1,0
V01030,R002,VOYAGE,2024-01-13,20,46.3,1.0,5.0,28.1,16.5,1.32,0.0,14.2,0,0.22,20.22,0,0
V00472,R003,VOYAGE,2024-01-13,12,34.6,4.9,10.6,6.3,16.9,1.88,0.128,15.8,0,1.98,13.98,1,0
V00314,R001,VOYAGE,2024-01-13,2,59.3,14.1,12.6,28.1,16.5,1.32,0.0,14.2,0,0.0,2.0,0,0
V00356,R001,VOYAGE,2024-01-14,2,34.2,5.5,13.7,29.5,13.1,1.6,0.0,15.9,0,0.0,2.0,0,0
V01868,R001,VOYAGE,2024-01-14,2,46.0,11.9,6.6,29.5,13.1,1.6,0.0,15.9,0,0.0,2.0,0,0
V00479,R001,VOYAGE,2024-01-15,2,40.2,7.8,15.5,27.8,17.8,2.14,0.0,16.3,0,0.0,2.0,0,0
V00958,R001,VOYAGE,2024-01-16,2,46.2,18.0,17.1,27.1,20.1,1.86,0.0,13.6,0,0.0,2.0,0,0
V00167,R005,FIELD,2024-01-16,3,44.1,13.8,7.0,-1.8,28.7,0.0,0.461,12.2,0,0.0,3.0,0,0
V02628,R003,VOYAGE,2024-01-17,12,16.6,27.4,7.5,8.7,18.9,0.91,0.057,14.5,0,0.0,12.0,0,0
V01580,R003,VOYAGE,2024-01-17,11,10.2,17.3,5.4,8.7,18.9,0.91,0.057,14.5,0,0.0,11.0,0,0
V03190,R004,AIR,2024-01-17,2,38.5,4.6,8.5,8.7,18.9,0.91,0.057,14.5,0,0.0,2.0,0,0
V01247,R004,AIR,2024-01-18,2,25.5,18.1,4.1,9.4,18.3,1.08,0.117,13.5,0,0.11,2.11,0,0
V01920,R003,VOYAGE,2024-01-18,13,27.4,14.1,10.5,9.4,18.3,1.08,0.117,13.5,0,0.0,13.0,0,0
V01249,R001,VOYAGE,2024-01-19,2,41.8,14.0,5.0,31.9,16.2,0.91,0.0,14.6,0,0.0,2.0,0,0
V00154,R005,FIELD,2024-01-19,3,35.7,22.0,9.0,-0.3,25.5,0.0,0.499,9.5,0,0.67,3.67,1,0
V00960,R002,VOYAGE,2024-01-19,19,37.7,13.4,12.5,31.9,16.2,0.91,0.0,14.6,0,0.0,19.0,0,0
V01659,R003,VOYAGE,2024-01-19,13,53.1,20.3,7.9,9.8,28.8,1.95,0.117,13.1,0,3.47,16.47,1,0
V01229,R003,VOYAGE,2024-01-19,13,54.7,5.2,12.2,9.8,28.8,1.95,0.117,13.1,0,1.7,14.7,1,0
V02673,R004,AIR,2024-01-19,2,48.3,17.4,7.3,9.8,28.8,1.95,0.117,13.1,0,0.73,2.73,1,0
V00855,R003,VOYAGE,2024-01-20,12,44.3,6.3,6.7,12.0,26.6,1.33,0.026,13.4,0,0.0,12.0,0,0
V01280,R002,VOYAGE,2024-01-20,19,41.4,15.9,3.5,33.8,14.9,0.8,0.0,15.0,0,1.45,20.45,0,0
V01328,R005,FIELD,2024-01-21,3,44.5,11.8,10.2,-0.7,20.2,0.0,0.53,16.8,0,0.17,3.17,0,0
V00858,R003,VOYAGE,2024-01-22,12,50.3,7.5,10.6,11.9,24.5,1.24,0.0,12.3,0,0.38,12.38,0,0
V01486,R005,FIELD,2024-01-23,3,41.2,13.5,7.2,-2.4,27.5,0.0,0.529,10.1,0,0.42,3.42,1,0
V02584,R005,FIELD,2024-01-23,3,25.1,11.0,5.9,-2.4,27.5,0.0,0.529,10.1,0,0.0,3.0,0,0
V02224,R004,AIR,2024-01-24,2,32.6,6.3,5.6,9.0,29.2,1.96,0.029,9.9,0,0.0,2.0,0,0
V01391,R003,VOYAGE,2024-01-24,11,47.4,11.1,2.5,9.0,29.2,1.96,0.029,9.9,0,1.96,12.96,1,0
V02042,R004,AIR,2024-01-24,2,49.6,9.9,10.6,9.0,29.2,1.96,0.029,9.9,0,0.0,2.0,0,0
V00985,R005,FIELD,2024-01-24,3,55.3,12.0,16.6,-1.4,19.5,0.0,0.537,13.6,0,0.0,3.0,0,0
V00216,R003,VOYAGE,2024-01-24,12,65.2,13.1,12.1,9.0,29.2,1.96,0.029,9.9,0,7.17,19.17,1,0
V01774,R004,AIR,2024-01-24,2,63.8,19.8,14.5,9.0,29.2,1.96,0.029,9.9,0,0.19,2.19,0,0
V01560,R001,VOYAGE,2024-01-24,2,66.0,8.8,8.6,33.1,16.6,1.82,0.0,14.6,0,0.0,2.0,0,0
V02655,R002,VOYAGE,2024-01-25,19,56.8,24.9,10.6,30.1,17.3,1.67,0.0,15.3,0,2.29,21.29,1,0
V00376,R005,FIELD,2024-01-25,3,57.8,15.5,8.2,-1.2,22.4,0.0,0.489,15.1,0,0.19,3.19,0,0
V00560,R001,VOYAGE,2024-01-25,2,43.1,9.4,3.5,30.1,17.3,1.67,0.0,15.3,0,0.0,2.0,0,0
V01891,R004,AIR,2024-01-26,2,35.0,24.1,2.4,8.5,25.8,2.64,0.001,12.7,0,0.38,2.38,1,1
V02280,R005,FIELD,2024-01-27,3,42.9,18.0,11.0,3.1,21.6,0.0,0.49,14.6,0,0.23,3.23,0,0
V00967,R004,AIR,2024-01-27,2,27.8,10.1,7.3,6.6,22.3,2.6,0.036,13.4,0,0.22,2.22,1,0
V02478,R004,AIR,2024-01-27,2,50.9,15.5,14.3,6.6,22.3,2.6,0.036,13.4,0,0.0,2.0,0,0
V02869,R005,FIELD,2024-01-27,3,35.4,14.8,14.2,3.1,21.6,0.0,0.49,14.6,0,0.0,3.0,0,0
V01544,R002,VOYAGE,2024-01-27,17,46.0,11.1,14.1,32.0,14.7,1.51,0.0,15.6,0,0.0,17.0,0,0
V00675,R003,VOYAGE,2024-01-28,12,59.5,24.9,12.1,7.6,18.5,2.66,0.0,16.5,0,8.59,20.59,1,0
V02348,R004,AIR,2024-01-28,2,2.0,16.5,8.9,7.6,18.5,2.66,0.0,16.5,0,0.25,2.25,1,0
V01405,R005,FIELD,2024-01-28,3,25.3,16.3,8.6,2.1,18.7,0.0,0.544,12.8,0,0.51,3.51,1,0
V01799,R001,VOYAGE,2024-01-28,2,57.8,5.6,9.2,27.5,14.5,2.04,0.0,17.3,0,0.0,2.0,0,0
V00321,R004,AIR,2024-01-29,2,24.4,10.8,16.0,7.9,23.1,2.66,0.018,14.5,0,0.0,2.0,0,0
V00521,R003,VOYAGE,2024-01-29,13,23.9,14.7,9.4,7.9,23.1,2.66,0.018,14.5,0,0.0,13.0,0,0
V02644,R001,VOYAGE,2024-01-29,2,59.6,15.8,0.5,27.1,11.6,1.91,0.0,14.1,0,0.13,2.13,0,0
V02680,R003,VOYAGE,2024-01-29,12,28.4,23.2,15.0,7.9,23.1,2.66,0.018,14.5,0,0.0,12.0,0,0
V02150,R003,VOYAGE,2024-01-29,11,42.4,16.5,3.4,7.9,23.1,2.66,0.018,14.5,0,2.96,13.96,1,0
V02849,R005,FIELD,2024-01-29,3,62.9,7.9,1.3,2.5,13.5,0.0,0.592,16.2,0,0.53,3.53,1,0
V02453,R004,AIR,2024-01-30,2,46.3,12.6,0.7,9.0,21.3,3.52,0.038,14.1,0,0.59,2.59,1,0
V02318,R001,VOYAGE,2024-01-30,2,45.6,14.4,5.3,28.3,11.0,1.99,0.0,16.2,0,0.0,2.0,0,0
V01978,R002,VOYAGE,2024-01-30,18,64.9,4.6,3.2,28.3,11.0,1.99,0.0,16.2,0,0.7,18.7,0,0
V01758,R005,FIELD,2024-01-30,3,36.8,16.5,12.8,2.2,13.6,0.0,0.668,18.9,0,0.0,3.0,0,0
V00649,R004,AIR,2024-01-31,2,62.4,14.7,7.1,7.7,13.0,2.42,0.029,17.1,0,0.29,2.29,1,0
V02571,R001,VOYAGE,2024-01-31,2,41.9,13.8,11.4,27.9,10.6,2.23,0.0,17.1,0,0.0,2.0,0,0
V01843,R005,FIELD,2024-01-31,3,24.5,23.6,8.4,1.6,14.3,0.0,0.673,15.5,0,0.54,3.54,1,0
V01098,R005,FIELD,2024-01-31,3,33.3,13.3,8.0,1.6,14.3,0.0,0.673,15.5,0,0.0,3.0,0,0
V00921,R005,FIELD,2024-01-31,3,53.7,15.5,5.9,1.6,14.3,0.0,0.673,15.5,0,0.51,3.51,1,0
V02724,R004,AIR,2024-02-02,2,34.2,20.5,9.2,6.7,18.7,2.67,0.056,17.9,0,0.1,2.1,0,0
V03131,R001,VOYAGE,2024-02-02,2,39.9,23.2,6.3,27.7,16.9,2.08,0.0,12.3,0,0.0,2.0,0,0
V02072,R005,FIELD,2024-02-02,3,57.2,14.1,4.9,0.3,19.9,0.0,0.626,14.8,0,0.71,3.71,1,0
V00014,R003,VOYAGE,2024-02-02,13,43.5,9.7,9.8,6.7,18.7,2.67,0.056,17.9,0,0.0,13.0,0,0
V02777,R001,VOYAGE,2024-02-02,2,57.3,1.2,11.2,27.7,16.9,2.08,0.0,12.3,0,0.0,2.0,0,0
V02804,R003,VOYAGE,2024-02-03,13,39.4,16.4,7.2,6.1,18.6,2.83,0.077,15.2,0,0.0,13.0,0,0
V01056,R003,VOYAGE,2024-02-03,11,36.7,4.8,1.0,6.1,18.6,2.83,0.077,15.2,0,0.0,11.0,0,0
V02962,R005,FIELD,2024-02-03,3,41.7,25.4,21.5,0.3,16.5,0.0,0.611,13.1,0,0.25,3.25,0,0
V01673,R004,AIR,2024-02-03,2,55.1,22.0,7.3,6.1,18.6,2.83,0.077,15.2,0,0.2,2.2,0,0
V01847,R003,VOYAGE,2024-02-03,11,51.1,12.3,6.1,6.1,18.6,2.83,0.077,15.2,0,1.82,12.82,1,0
V02809,R004,AIR,2024-02-04,2,56.0,13.0,6.3,4.2,25.4,3.21,0.024,11.9,0,0.0,2.0,0,1
V02114,R005,FIELD,2024-02-04,3,29.4,16.8,1.9,-0.8,18.2,0.0,0.586,16.4,0,0.65,3.65,1,0
V02294,R005,FIELD,2024-02-04,3,35.8,5.0,4.7,-0.8,18.2,0.0,0.586,16.4,0,0.0,3.0,0,0
V01981,R005,FIELD,2024-02-04,3,28.3,22.3,9.2,-0.8,18.2,0.0,0.586,16.4,0,0.0,3.0,0,0
V01065,R004,AIR,2024-02-04,2,49.9,24.6,8.9,4.2,25.4,3.21,0.024,11.9,0,0.37,2.37,1,0
V00761,R002,VOYAGE,2024-02-05,19,35.9,14.5,14.3,26.4,6.9,0.2,0.0,16.9,0,0.0,19.0,0,0
V02345,R001,VOYAGE,2024-02-05,2,50.3,4.5,5.3,26.4,6.9,0.2,0.0,16.9,0,0.0,2.0,0,0
V00494,R005,FIELD,2024-02-06,3,35.4,21.0,2.2,-1.9,15.3,0.0,0.606,12.7,0,0.0,3.0,0,0
V00381,R005,FIELD,2024-02-06,3,48.4,14.8,11.8,-1.9,15.3,0.0,0.606,12.7,0,0.0,3.0,0,0
V02828,R004,AIR,2024-02-06,2,42.9,14.8,2.4,5.8,24.1,2.32,0.098,9.3,0,0.0,2.0,0,0
V01310,R004,AIR,2024-02-06,2,29.5,13.9,4.9,5.8,24.1,2.32,0.098,9.3,0,0.0,2.0,0,0
V02369,R005,FIELD,2024-02-07,3,45.7,12.0,5.8,-2.8,10.7,0.0,0.551,15.0,0,0.0,3.0,0,0
V01396,R002,VOYAGE,2024-02-08,19,38.3,7.8,1.3,27.0,3.7,0.2,0.0,19.2,0,0.0,19.0,0,0
V00458,R001,VOYAGE,2024-02-08,2,50.8,6.8,3.4,27.0,3.7,0.2,0.0,19.2,0,0.0,2.0,0,0
V00532,R002,VOYAGE,2024-02-09,20,49.1,17.8,10.4,27.7,10.1,0.63,0.0,19.5,0,0.0,20.0,0,0
V01154,R002,VOYAGE,2024-02-09,19,31.1,8.3,10.4,27.7,10.1,0.63,0.0,19.5,0,0.0,19.0,0,0
V01433,R005,FIELD,2024-02-09,3,33.0,9.2,1.2,-3.6,17.5,0.0,0.514,16.2,0,0.0,3.0,0,0
V02316,R003,VOYAGE,2024-02-10,11,56.4,9.7,7.5,2.8,18.2,1.95,0.156,15.4,0,6.74,17.74,1,1
V02695,R005,FIELD,2024-02-10,3,16.0,12.6,4.8,-4.6,20.3,0.0,0.507,13.2,0,0.0,3.0,0,0
V01701,R004,AIR,2024-02-10,2,36.2,11.8,8.5,2.8,18.2,1.95,0.156,15.4,0,0.1,2.1,0,0
V00972,R004,AIR,2024-02-12,2,38.5,16.1,12.1,3.6,19.2,1.93,0.102,16.3,0,0.22,2.22,1,0
V02053,R005,FIELD,2024-02-12,3,42.6,20.7,10.6,-3.9,19.4,0.0,0.579,14.3,0,0.23,3.23,0,0
V00797,R003,VOYAGE,2024-02-13,12,46.6,1.1,1.7,4.2,20.1,2.22,0.136,16.5,0,2.18,14.18,1,0
V02902,R002,VOYAGE,2024-02-14,19,27.1,6.8,0.8,28.1,14.3,1.03,0.0,15.6,0,0.7,19.7,0,0
V00136,R001,VOYAGE,2024-02-14,2,37.5,22.8,10.0,28.1,14.3,1.03,0.0,15.6,0,0.0,2.0,0,0
V00182,R002,VOYAGE,2024-02-14,17,63.1,17.6,6.3,28.1,14.3,1.03,0.0,15.6,0,3.1,20.1,1,0
V02930,R003,VOYAGE,2024-02-15,13,48.2,12.0,10.2,6.6,17.4,2.31,0.084,14.6,0,0.96,13.96,0,0
V02155,R001,VOYAGE,2024-02-16,2,38.6,4.4,7.0,26.2,20.2,0.86,0.0,15.1,0,0.0,2.0,0,0
V00036,R005,FIELD,2024-02-16,3,24.0,21.3,10.1,-5.6,16.5,0.0,0.525,15.4,0,0.0,3.0,0,0
V01478,R003,VOYAGE,2024-02-16,12,27.9,16.9,13.5,6.5,19.1,1.96,0.072,11.2,0,0.0,12.0,0,0
V00814,R003,VOYAGE,2024-02-17,12,41.9,11.9,11.9,5.2,27.1,2.38,0.059,13.9,0,0.0,12.0,0,0
V00103,R005,FIELD,2024-02-17,3,57.9,15.8,12.0,-4.1,11.6,0.0,0.546,17.2,0,0.2,3.2,0,0
V01518,R001,VOYAGE,2024-02-17,2,25.7,8.5,8.4,21.8,10.9,1.05,0.0,16.4,0,0.0,2.0,0,0
V02374,R004,AIR,2024-02-17,2,28.5,1.0,3.7,5.2,27.1,2.38,0.059,13.9,0,0.0,2.0,0,0
V02717,R003,VOYAGE,2024-02-18,12,39.8,16.7,1.9,4.7,26.8,2.34,0.072,13.3,0,3.98,15.98,1,0
V00710,R003,VOYAGE,2024-02-18,13,39.5,14.5,6.2,4.7,26.8,2.34,0.072,13.3,0,3.27,16.27,1,0
V02671,R004,AIR,2024-02-19,2,53.1,14.5,0.5,4.9,23.2,2.37,0.05,13.7,0,0.32,2.32,1,0
V01385,R005,FIELD,2024-02-19,3,22.3,26.9,14.0,-6.4,10.3,0.0,0.451,16.8,0,0.32,3.32,1,0
V00163,R003,VOYAGE,2024-02-20,13,31.4,11.3,9.9,5.1,23.3,2.73,0.078,12.5,0,0.57,13.57,0,0
V00234,R003,VOYAGE,2024-02-20,12,41.4,7.4,5.2,5.1,23.3,2.73,0.078,12.5,0,1.47,13.47,1,0
V02200,R003,VOYAGE,2024-02-21,11,34.3,12.7,15.0,5.7,22.4,2.67,0.087,15.2,0,0.0,11.0,0,0
V00005,R005,FIELD,2024-02-21,3,40.2,1.8,2.3,-6.2,13.9,0.0,0.476,18.9,0,0.13,3.13,0,0
V02548,R003,VOYAGE,2024-02-21,12,35.5,16.5,2.9,5.7,22.4,2.67,0.087,15.2,0,3.09,15.09,1,0
V01475,R004,AIR,2024-02-22,2,30.4,13.8,11.9,5.6,24.4,2.24,0.067,12.8,0,0.0,2.0,0,0
V00896,R005,FIELD,2024-02-22,3,41.9,1.0,6.9,-8.1,15.8,0.0,0.508,14.9,0,0.0,3.0,0,0
V00318,R004,AIR,2024-02-22,2,33.3,5.5,10.3,5.6,24.4,2.24,0.067,12.8,0,0.0,2.0,0,0
V02689,R003,VOYAGE,2024-02-22,11,63.9,7.7,4.4,5.6,24.4,2.24,0.067,12.8,0,3.02,14.02,1,1
V02389,R005,FIELD,2024-02-23,3,53.2,12.6,4.1,-9.6,17.8,0.0,0.468,17.1,0,0.29,3.29,0,0
V02464,R004,AIR,2024-02-23,2,24.1,11.5,11.0,3.4,24.6,2.32,0.129,13.1,0,0.0,2.0,0,0
V02231,R001,VOYAGE,2024-02-23,2,47.8,18.7,13.1,27.8,10.1,1.5,0.0,18.9,0,0.0,2.0,0,0
V00636,R003,VOYAGE,2024-02-24,12,30.6,12.2,8.6,3.0,20.2,3.06,0.139,14.3,0,3.2,15.2,1,0
V02915,R003,VOYAGE,2024-02-24,13,49.8,21.3,5.8,3.0,20.2,3.06,0.139,14.3,0,2.2,15.2,1,0
V01718,R003,VOYAGE,2024-02-25,12,12.4,10.1,4.0,4.2,15.0,3.23,0.166,16.5,0,1.07,13.07,0,0
V00083,R004,AIR,2024-02-26,2,60.6,10.5,4.1,3.2,17.6,2.03,0.222,13.4,0,0.65,2.65,1,0
V00916,R004,AIR,2024-02-26,2,33.9,21.3,14.8,3.2,17.6,2.03,0.222,13.4,0,0.0,2.0,0,0
V02287,R003,VOYAGE,2024-02-26,12,45.4,1.0,10.5,3.2,17.6,2.03,0.222,13.4,0,0.0,12.0,0,0
V01787,R003,VOYAGE,2024-02-26,13,21.5,12.2,8.9,3.2,17.6,2.03,0.222,13.4,0,0.0,13.0,0,0
V00272,R003,VOYAGE,2024-02-26,12,26.6,8.1,8.7,3.2,17.6,2.03,0.222,13.4,0,0.0,12.0,0,0
V00023,R005,FIELD,2024-02-26,3,45.2,16.6,10.3,-7.2,15.3,0.0,0.516,18.4,0,0.7,3.7,1,0
V02738,R003,VOYAGE,2024-02-27,13,23.5,16.2,6.1,4.4,23.7,2.37,0.272,14.2,0,2.23,15.23,1,0
V00609,R005,FIELD,2024-02-27,3,35.3,11.4,7.9,-6.6,14.2,0.0,0.504,15.5,0,0.33,3.33,1,0
V00653,R003,VOYAGE,2024-02-27,12,44.2,6.5,15.9,4.4,23.7,2.37,0.272,14.2,0,0.0,12.0,0,0
V02063,R003,VOYAGE,2024-02-27,12,57.3,9.3,12.1,4.4,23.7,2.37,0.272,14.2,0,0.0,12.0,0,0
V00585,R001,VOYAGE,2024-02-27,2,64.4,6.4,6.2,27.7,20.7,1.53,0.0,15.3,0,0.0,2.0,0,0
V00945,R002,VOYAGE,2024-02-27,19,23.4,6.5,12.8,27.7,20.7,1.53,0.0,15.3,0,0.0,19.0,0,0
V02451,R003,VOYAGE,2024-02-27,12,43.6,18.5,5.7,4.4,23.7,2.37,0.272,14.2,0,1.02,13.02,0,1
V00752,R003,VOYAGE,2024-02-27,12,27.7,13.1,9.6,4.4,23.7,2.37,0.272,14.2,0,0.66,12.66,0,0
V00097,R003,VOYAGE,2024-02-28,12,60.5,1.5,3.6,4.4,24.3,2.74,0.285,12.1,0,2.18,14.18,1,0
V01727,R005,FIELD,2024-02-28,3,40.1,12.3,5.4,-4.8,20.8,0.0,0.573,13.2,0,0.4,3.4,1,0
V01270,R003,VOYAGE,2024-02-29,11,42.7,16.7,1.2,4.1,27.4,2.76,0.262,11.3,0,2.37,13.37,1,0
V02151,R004,AIR,2024-03-01,2,16.5,16.7,3.7,5.9,30.8,2.73,0.196,12.7,0,0.32,2.32,1,0
V01376,R001,VOYAGE,2024-03-02,2,40.5,13.2,1.8,26.1,18.9,1.97,0.0,14.6,0,0.08,2.08,0,0
V03031,R003,VOYAGE,2024-03-02,13,78.1,31.0,7.3,3.0,31.0,2.64,0.203,9.8,0,7.83,20.83,1,0
V01674,R003,VOYAGE,2024-03-02,11,38.2,10.9,5.2,3.0,31.0,2.64,0.203,9.8,0,7.45,18.45,1,0
V02505,R001,VOYAGE,2024-03-03,2,37.6,24.3,14.3,29.3,18.1,2.4,0.0,16.1,0,0.0,2.0,0,0
V01534,R001,VOYAGE,2024-03-03,2,43.4,13.1,5.2,29.3,18.1,2.4,0.0,16.1,0,0.0,2.0,0,0
V00273,R004,AIR,2024-03-03,2,34.4,15.3,3.5,2.1,27.3,2.68,0.246,13.7,0,0.4,2.4,1,0
V00324,R005,FIELD,2024-03-03,3,20.6,4.3,14.8,-5.6,24.6,0.0,0.511,13.1,0,0.0,3.0,0,0
V00691,R003,VOYAGE,2024-03-04,13,34.8,1.0,3.1,4.3,27.8,2.27,0.254,12.4,0,1.49,14.49,1,0
V00414,R004,AIR,2024-03-04,2,52.5,30.5,7.1,4.3,27.8,2.27,0.254,12.4,0,0.6,2.6,1,0
V02397,R004,AIR,2024-03-05,2,38.9,9.3,13.7,7.0,31.8,2.96,0.111,8.6,0,0.44,2.44,1,0
V00620,R004,AIR,2024-03-05,2,58.6,22.3,10.1,7.0,31.8,2.96,0.111,8.6,0,0.76,2.76,1,1
V00289,R002,VOYAGE,2024-03-05,17,16.5,21.3,7.6,27.2,12.6,1.84,0.0,15.3,0,0.0,17.0,0,0
V00105,R004,AIR,2024-03-06,2,17.5,8.3,6.9,9.9,32.9,2.96,0.155,12.8,0,0.35,2.35,1,0
V01392,R004,AIR,2024-03-07,2,53.6,1.0,8.9,9.1,34.5,2.68,0.198,10.8,0,0.0,2.0,0,0
V03043,R004,AIR,2024-03-07,2,32.9,10.8,11.4,9.1,34.5,2.68,0.198,10.8,0,0.21,2.21,1,0
V00296,R005,FIELD,2024-03-07,3,41.4,24.6,3.6,-10.0,27.7,0.0,0.659,11.3,0,0.81,3.81,1,0
V02758,R003,VOYAGE,2024-03-08,11,47.5,22.2,9.2,8.9,31.6,2.99,0.187,11.7,0,2.8,13.8,1,0
V00526,R003,VOYAGE,2024-03-08,12,87.9,25.6,8.6,8.9,31.6,2.99,0.187,11.7,0,5.88,17.88,1,0
V02960,R002,VOYAGE,2024-03-08,19,23.6,9.2,11.4,26.7,4.4,0.77,0.0,18.3,0,0.0,19.0,0,0
V00758,R005,FIELD,2024-03-09,3,37.4,3.0,0.5,-10.2,30.4,0.0,0.647,12.7,0,0.71,3.71,1,0
V01306,R001,VOYAGE,2024-03-10,2,23.0,3.5,11.9,26.8,2.0,1.21,0.0,19.2,0,0.0,2.0,0,0
V02329,R003,VOYAGE,2024-03-10,11,56.1,19.4,4.7,10.4,29.0,2.14,0.254,14.1,0,1.71,12.71,1,0
V02540,R003,VOYAGE,2024-03-10,12,37.0,17.6,8.1,10.4,29.0,2.14,0.254,14.1,0,2.64,14.64,1,0
V03134,R004,AIR,2024-03-11,2,14.7,9.2,12.7,9.8,28.4,2.01,0.224,12.3,0,0.42,2.42,1,0
V03129,R004,AIR,2024-03-11,2,46.8,15.9,6.8,9.8,28.4,2.01,0.224,12.3,0,0.42,2.42,1,0
V01016,R002,VOYAGE,2024-03-11,18,55.7,14.9,8.5,27.1,2.0,1.6,0.0,21.0,0,0.0,18.0,0,0
V02179,R005,FIELD,2024-03-11,3,23.1,16.6,8.9,-8.3,29.8,0.0,0.673,14.5,0,0.0,3.0,0,0
V00679,R005,FIELD,2024-03-11,3,22.0,16.1,12.9,-8.3,29.8,0.0,0.673,14.5,0,0.0,3.0,0,0
V01804,R003,VOYAGE,2024-03-11,13,61.5,20.5,5.7,9.8,28.4,2.01,0.224,12.3,0,3.02,16.02,1,0
V01802,R005,FIELD,2024-03-11,3,65.9,25.4,6.9,-8.3,29.8,0.0,0.673,14.5,0,0.3,3.3,1,0
V01703,R001,VOYAGE,2024-03-12,2,48.5,21.9,8.8,23.6,2.0,1.65,0.0,20.1,0,0.03,2.03,0,0
V00191,R003,VOYAGE,2024-03-12,13,46.3,12.0,9.3,10.3,32.3,3.1,0.276,11.9,0,4.62,17.62,1,1
V01647,R003,VOYAGE,2024-03-13,11,35.9,13.4,5.2,9.9,23.0,2.33,0.222,14.1,0,0.0,11.0,0,0
V00293,R005,FIELD,2024-03-13,3,53.5,19.9,9.1,-11.0,15.0,0.0,0.646,15.4,0,1.42,4.42,1,0
V01153,R001,VOYAGE,2024-03-13,2,60.5,16.0,11.0,26.9,9.4,2.42,0.0,17.8,0,0.06,2.06,0,0
V01970,R005,FIELD,2024-03-14,3,46.0,15.0,21.0,-12.2,21.1,0.0,0.643,11.2,0,0.5,3.5,1,1
V01769,R003,VOYAGE,2024-03-14,12,57.0,20.4,8.0,9.7,23.6,1.59,0.222,12.9,0,1.73,13.73,1,0
V02489,R002,VOYAGE,2024-03-14,19,2.0,16.5,7.7,26.7,16.6,2.49,0.0,14.8,0,0.0,19.0,0,0
V00552,R001,VOYAGE,2024-03-14,2,42.3,2.7,13.1,26.7,16.6,2.49,0.0,14.8,0,0.0,2.0,0,0
V01792,R002,VOYAGE,2024-03-15,17,43.1,11.6,9.6,27.7,14.7,3.04,0.0,16.2,0,0.0,17.0,0,0
V00628,R003,VOYAGE,2024-03-15,13,46.8,10.8,8.6,7.3,23.8,1.55,0.219,11.0,0,0.0,13.0,0,0
V02703,R004,AIR,2024-03-15,2,40.5,14.8,0.9,7.3,23.8,1.55,0.219,11.0,0,0.0,2.0,0,0
V00127,R004,AIR,2024-03-15,2,31.6,15.7,4.2,7.3,23.8,1.55,0.219,11.0,0,0.0,2.0,0,0
V01557,R004,AIR,2024-03-17,2,50.3,17.9,10.3,4.9,22.8,2.21,0.209,15.7,0,0.21,2.21,1,0
V00110,R004,AIR,2024-03-17,2,55.8,5.5,6.7,4.9,22.8,2.21,0.209,15.7,0,0.0,2.0,0,0
V03191,R005,FIELD,2024-03-17,3,49.2,8.6,9.3,-9.6,16.8,0.0,0.647,13.5,0,0.41,3.41,1,0
V00263,R004,AIR,2024-03-17,2,23.5,18.0,4.2,4.9,22.8,2.21,0.209,15.7,0,0.0,2.0,0,0
V00603,R004,AIR,2024-03-17,2,50.9,16.6,9.0,4.9,22.8,2.21,0.209,15.7,0,0.0,2.0,0,0
V02867,R001,VOYAGE,2024-03-17,2,68.1,8.3,9.3,25.0,9.2,1.74,0.0,17.3,0,0.0,2.0,0,0
V01693,R004,AIR,2024-03-18,2,27.1,16.5,6.0,2.8,20.8,2.96,0.267,15.1,0,0.34,2.34,1,0
V03046,R001,VOYAGE,2024-03-18,2,31.9,11.9,1.9,24.3,3.1,0.86,0.0,19.9,0,0.0,2.0,0,0
V02603,R005,FIELD,2024-03-18,3,45.6,14.6,14.2,-7.5,19.6,0.0,0.619,12.1,0,0.0,3.0,0,0
V02736,R005,FIELD,2024-03-19,3,53.3,14.7,10.3,-9.0,23.2,0.0,0.698,13.6,0,0.49,3.49,1,0
V02542,R004,AIR,2024-03-19,2,29.3,13.5,8.3,0.4,20.4,3.3,0.318,12.7,0,0.0,2.0,0,0
V02051,R001,VOYAGE,2024-03-20,2,45.4,5.6,0.5,26.0,2.1,1.74,0.0,19.6,0,0.0,2.0,0,0
V01079,R002,VOYAGE,2024-03-20,17,47.9,11.6,8.7,26.0,2.1,1.74,0.0,19.6,0,0.0,17.0,0,0
V02676,R004,AIR,2024-03-20,2,23.2,17.2,14.5,0.1,28.1,3.54,0.343,13.8,0,0.21,2.21,1,0
V01213,R004,AIR,2024-03-20,2,13.3,8.3,6.5,0.1,28.1,3.54,0.343,13.8,0,0.0,2.0,0,0
V00034,R003,VOYAGE,2024-03-22,11,16.7,15.2,2.4,0.6,32.9,3.77,0.218,7.6,0,2.16,13.16,1,0
V02699,R004,AIR,2024-03-22,2,33.1,22.9,9.6,0.6,32.9,3.77,0.218,7.6,0,0.72,2.72,1,0
V01619,R003,VOYAGE,2024-03-22,13,23.8,12.8,5.7,0.6,32.9,3.77,0.218,7.6,0,5.54,18.54,1,0
V02298,R004,AIR,2024-03-23,2,47.9,8.9,0.5,1.7,33.4,3.48,0.232,12.2,0,0.31,2.31,1,0
V02620,R005,FIELD,2024-03-24,3,36.8,10.8,4.9,-10.2,24.2,0.0,0.7,14.9,0,0.0,3.0,0,0
V00779,R003,VOYAGE,2024-03-25,12,39.8,11.0,2.6,1.8,38.4,3.17,0.225,11.9,0,3.71,15.71,1,0
V00409,R005,FIELD,2024-03-25,3,44.1,6.6,11.2,-8.6,16.9,0.0,0.746,18.5,0,0.0,3.0,0,0
V01999,R004,AIR,2024-03-25,2,47.0,23.5,16.4,1.8,38.4,3.17,0.225,11.9,0,0.56,2.56,1,0
V03088,R004,AIR,2024-03-25,2,25.4,8.5,3.9,1.8,38.4,3.17,0.225,11.9,0,0.97,2.97,1,0
V01709,R003,VOYAGE,2024-03-25,11,50.5,18.3,5.0,1.8,38.4,3.17,0.225,11.9,0,6.0,17.0,1,0
V02729,R005,FIELD,2024-03-25,3,41.3,19.8,1.9,-8.6,16.9,0.0,0.746,18.5,0,0.48,3.48,1,0
V00340,R004,AIR,2024-03-25,2,31.7,18.1,15.0,1.8,38.4,3.17,0.225,11.9,0,0.33,2.33,1,0
V02525,R004,AIR,2024-03-25,2,38.1,3.9,13.7,1.8,38.4,3.17,0.225,11.9,0,0.45,2.45,1,0
V00177,R003,VOYAGE,2024-03-26,12,27.9,16.2,1.0,0.5,39.6,2.77,0.31,0.6,1,6.68,18.68,1,0
V02205,R005,FIELD,2024-03-26,3,45.4,2.0,10.2,-5.9,18.7,0.0,0.783,18.7,0,0.0,3.0,0,0
V00555,R003,VOYAGE,2024-03-26,11,18.2,10.5,14.0,0.5,39.6,2.77,0.31,0.6,1,5.1,16.1,1,0
V02271,R002,VOYAGE,2024-03-26,18,52.2,13.0,7.7,24.6,7.8,1.44,0.0,17.6,0,0.0,18.0,0,0
V01095,R004,AIR,2024-03-26,2,23.8,13.5,12.0,0.5,39.6,2.77,0.31,0.6,1,1.29,3.29,1,0
V03139,R002,VOYAGE,2024-03-27,18,86.4,11.7,11.5,22.9,4.0,0.99,0.0,19.4,0,0.0,18.0,0,0
V02760,R001,VOYAGE,2024-03-28,2,44.3,8.8,14.3,20.5,8.6,0.48,0.0,18.9,0,0.0,2.0,0,0
V01133,R003,VOYAGE,2024-03-29,12,36.1,22.9,16.5,1.3,30.8,2.62,0.376,15.0,0,1.27,13.27,1,0
V02029,R003,VOYAGE,2024-03-29,12,46.9,21.8,14.3,1.3,30.8,2.62,0.376,15.0,0,2.52,14.52,1,1
V00306,R005,FIELD,2024-03-29,3,72.1,10.3,6.9,-7.5,29.2,0.0,0.805,11.9,0,0.59,3.59,1,0
V01106,R003,VOYAGE,2024-03-29,13,28.8,13.3,9.9,1.3,30.8,2.62,0.376,15.0,0,5.62,18.62,1,1
V00994,R003,VOYAGE,2024-03-29,13,37.8,1.0,8.8,1.3,30.8,2.62,0.376,15.0,0,3.15,16.15,1,0
V02474,R001,VOYAGE,2024-03-30,2,35.3,11.0,6.2,19.6,10.0,0.95,0.0,15.5,0,0.0,2.0,0,0
V02276,R002,VOYAGE,2024-04-01,19,60.8,19.9,5.6,18.3,6.2,1.88,0.0,18.1,0,0.0,19.0,0,0
V02686,R002,VOYAGE,2024-04-01,17,52.9,21.5,4.2,18.3,6.2,1.88,0.0,18.1,0,0.0,17.0,0,0
V02470,R002,VOYAGE,2024-04-01,19,37.2,25.4,12.4,18.3,6.2,1.88,0.0,18.1,0,0.0,19.0,0,0
V01024,R001,VOYAGE,2024-04-01,2,59.0,12.0,4.8,18.3,6.2,1.88,0.0,18.1,0,0.0,2.0,0,0
V02657,R004,AIR,2024-04-06,2,44.2,6.1,13.3,3.5,29.7,2.25,0.416,11.3,0,0.16,2.16,0,0
V02514,R001,VOYAGE,2024-04-07,2,32.1,16.0,7.6,21.4,20.8,1.65,0.0,15.3,0,0.0,2.0,0,0
V00594,R001,VOYAGE,2024-04-07,2,36.0,20.1,9.8,21.4,20.8,1.65,0.0,15.3,0,0.04,2.04,0,0
V00212,R002,VOYAGE,2024-04-07,17,35.3,8.8,13.7,21.4,20.8,1.65,0.0,15.3,0,0.16,17.16,0,0
V00259,R004,AIR,2024-04-08,2,12.3,13.6,8.1,7.3,26.2,2.35,0.435,13.2,0,0.21,2.21,1,0
V01432,R001,VOYAGE,2024-04-11,2,34.6,10.6,8.5,22.2,32.1,1.46,0.0,14.0,0,0.0,2.0,0,0
V00302,R002,VOYAGE,2024-04-12,18,38.6,5.4,9.0,24.1,25.1,1.8,0.0,14.6,0,0.0,18.0,0,0
V00689,R002,VOYAGE,2024-04-12,17,19.3,24.9,6.6,24.1,25.1,1.8,0.0,14.6,0,0.0,17.0,0,0
V01305,R005,FIELD,2024-04-13,3,41.5,10.2,7.0,-11.1,28.3,0.0,0.791,13.1,0,0.57,3.57,1,0
V01453,R001,VOYAGE,2024-04-14,2,27.2,11.7,7.6,24.3,24.7,1.64,0.0,11.5,0,0.0,2.0,0,0
V01679,R001,VOYAGE,2024-04-15,2,50.0,11.8,10.6,24.5,19.4,1.35,0.0,15.3,0,0.0,2.0,0,0
V00231,R005,FIELD,2024-04-16,3,15.8,9.4,15.8,-12.1,25.5,0.0,0.779,15.3,0,0.0,3.0,0,0
V02940,R002,VOYAGE,2024-04-17,19,18.4,14.0,8.8,24.1,12.3,1.34,0.0,17.1,0,0.0,19.0,0,0
V00123,R001,VOYAGE,2024-04-17,2,48.5,14.7,7.3,24.1,12.3,1.34,0.0,17.1,0,0.0,2.0,0,0
V01592,R002,VOYAGE,2024-04-18,17,22.4,17.8,10.7,27.4,14.1,0.92,0.0,17.2,0,0.0,17.0,0,0
V02219,R001,VOYAGE,2024-04-18,2,68.7,20.6,12.4,27.4,14.1,0.92,0.0,17.2,0,0.0,2.0,0,0
V02269,R002,VOYAGE,2024-04-18,19,16.2,3.5,11.1,27.4,14.1,0.92,0.0,17.2,0,0.12,19.12,0,0
V01807,R002,VOYAGE,2024-04-20,18,20.9,9.5,2.4,24.3,11.7,0.79,0.0,15.1,0,0.0,18.0,0,0
V00403,R005,FIELD,2024-04-21,3,71.2,8.1,3.5,-11.7,27.3,0.0,0.728,11.7,0,0.52,3.52,1,0
V02209,R001,VOYAGE,2024-04-21,2,30.0,9.9,7.7,26.3,9.7,0.74,0.0,17.9,0,0.0,2.0,0,0
V02333,R001,VOYAGE,2024-04-22,2,15.5,4.8,11.8,24.0,7.9,0.92,0.0,17.0,0,0.0,2.0,0,0
V02164,R001,VOYAGE,2024-04-22,2,12.5,23.9,10.6,24.0,7.9,0.92,0.0,17.0,0,0.0,2.0,0,0
V03172,R005,FIELD,2024-04-23,3,36.4,29.2,11.7,-10.5,28.9,0.0,0.725,13.5,0,1.98,4.98,1,0
V00962,R002,VOYAGE,2024-04-24,17,54.6,14.7,4.5,22.8,15.4,1.1,0.0,13.7,0,0.0,17.0,0,0
V01221,R002,VOYAGE,2024-04-25,18,65.3,9.5,4.1,22.8,16.4,1.59,0.0,15.0,0,0.0,18.0,0,0
V00569,R002,VOYAGE,2024-04-25,18,19.6,21.4,10.1,22.8,16.4,1.59,0.0,15.0,0,0.0,18.0,0,0
V02473,R001,VOYAGE,2024-05-01,2,50.2,18.0,8.9,23.9,2.0,1.05,0.0,20.3,0,0.0,2.0,0,0
V00223,R002,VOYAGE,2024-05-04,19,61.9,14.1,10.1,26.1,2.0,0.42,0.0,19.9,0,0.36,19.36,0,0
V02873,R002,VOYAGE,2024-05-05,17,32.0,16.8,7.4,26.1,2.0,0.55,0.0,21.7,0,0.0,17.0,0,0
V02265,R001,VOYAGE,2024-05-05,2,31.2,6.3,5.7,26.1,2.0,0.55,0.0,21.7,0,0.02,2.02,0,0
V02447,R001,VOYAGE,2024-05-05,2,59.5,12.2,11.1,26.1,2.0,0.55,0.0,21.7,0,0.0,2.0,0,0
V02468,R002,VOYAGE,2024-05-05,19,45.4,16.3,7.9,26.1,2.0,0.55,0.0,21.7,0,0.31,19.31,0,0
V01217,R002,VOYAGE,2024-05-05,19,53.8,12.0,14.6,26.1,2.0,0.55,0.0,21.7,0,0.0,19.0,0,0
V02156,R002,VOYAGE,2024-05-07,19,41.2,16.4,15.7,24.5,7.9,0.96,0.0,15.3,0,0.0,19.0,0,0
V00652,R001,VOYAGE,2024-05-10,2,47.4,3.4,3.6,20.1,10.9,2.02,0.0,15.0,0,0.07,2.07,0,0
V00179,R002,VOYAGE,2024-05-13,17,44.8,17.0,7.2,23.4,14.1,1.39,0.0,16.2,0,0.6,17.6,0,0
V02002,R001,VOYAGE,2024-05-13,2,45.7,15.0,3.7,23.4,14.1,1.39,0.0,16.2,0,0.0,2.0,0,0
V00418,R001,VOYAGE,2024-05-14,2,40.6,15.8,3.4,24.4,16.3,1.45,0.0,15.7,0,0.0,2.0,0,0
V01497,R003,VOYAGE,2024-05-18,12,35.3,25.1,5.5,0.2,24.3,2.16,0.603,11.7,0,3.69,15.69,1,0
V02885,R005,FIELD,2024-05-22,3,68.8,27.1,14.1,-17.6,27.3,0.0,1.0,14.2,0,1.22,4.22,1,1
V02572,R002,VOYAGE,2024-05-22,17,43.5,19.0,2.2,23.4,10.3,1.07,0.0,17.5,0,0.0,17.0,0,0
V03068,R001,VOYAGE,2024-05-23,2,54.2,3.3,10.5,25.9,13.1,2.11,0.0,19.4,0,0.02,2.02,0,0
V00253,R002,VOYAGE,2024-05-23,18,48.6,9.7,8.8,25.9,13.1,2.11,0.0,19.4,0,0.0,18.0,0,0
V02391,R001,VOYAGE,2024-05-23,2,34.0,22.6,10.0,25.9,13.1,2.11,0.0,19.4,0,0.0,2.0,0,0
V00442,R002,VOYAGE,2024-05-24,20,51.0,13.0,14.7,25.4,15.7,2.13,0.0,16.3,0,0.0,20.0,0,0
V01879,R003,VOYAGE,2024-05-25,12,28.5,6.3,10.4,-4.6,32.8,2.65,0.59,9.0,0,4.7,16.7,1,1
V00044,R001,VOYAGE,2024-05-27,2,32.2,9.9,5.8,24.7,20.0,2.01,0.0,14.0,0,0.0,2.0,0,0
V00651,R005,FIELD,2024-05-28,3,46.0,10.1,3.6,-18.1,41.7,0.0,0.786,0.1,1,1.28,4.28,1,0
V03197,R002,VOYAGE,2024-05-31,18,26.4,18.4,3.2,21.3,23.7,2.58,0.0,14.6,0,1.34,19.34,0,0
V02008,R001,VOYAGE,2024-05-31,2,31.0,14.1,9.8,21.3,23.7,2.58,0.0,14.6,0,0.0,2.0,0,0
V00782,R001,VOYAGE,2024-06-01,2,51.3,11.0,6.7,22.6,21.0,2.36,0.0,14.2,0,0.0,2.0,0,0
V02875,R002,VOYAGE,2024-06-01,17,31.8,15.0,6.6,22.6,21.0,2.36,0.0,14.2,0,2.39,19.39,1,0
V02624,R001,VOYAGE,2024-06-02,2,53.2,25.4,13.8,24.7,13.7,1.29,0.0,16.5,0,0.04,2.04,0,0
V01367,R002,VOYAGE,2024-06-03,19,41.7,20.4,3.6,25.1,13.4,1.55,0.0,15.1,0,0.0,19.0,0,0
V03175,R002,VOYAGE,2024-06-03,17,48.7,8.7,5.6,25.1,13.4,1.55,0.0,15.1,0,0.0,17.0,0,0
V00625,R002,VOYAGE,2024-06-04,17,60.0,14.5,5.1,24.2,8.1,1.69,0.0,15.6,0,0.0,17.0,0,0
V02805,R005,FIELD,2024-06-04,3,29.6,14.5,8.3,-19.7,34.7,0.0,0.95,9.8,0,1.26,4.26,1,0
V01617,R002,VOYAGE,2024-06-04,19,58.9,10.1,7.4,24.2,8.1,1.69,0.0,15.6,0,1.52,20.52,0,0
V02995,R002,VOYAGE,2024-06-04,19,55.3,19.3,8.3,24.2,8.1,1.69,0.0,15.6,0,0.65,19.65,0,0
V01815,R002,VOYAGE,2024-06-05,17,55.9,23.4,4.3,21.1,12.8,1.47,0.0,14.7,0,0.65,17.65,0,0
V01795,R002,VOYAGE,2024-06-07,18,27.5,13.9,6.2,22.0,15.4,0.89,0.0,15.3,0,0.0,18.0,0,0
V00850,R003,VOYAGE,2024-06-08,12,48.5,4.8,1.0,-6.2,35.8,2.29,0.626,9.5,0,5.25,17.25,1,0
V02289,R001,VOYAGE,2024-06-09,2,73.9,10.4,9.3,25.9,13.8,1.0,0.0,16.1,0,0.0,2.0,0,0
V01498,R001,VOYAGE,2024-06-11,2,53.6,3.1,1.2,28.1,15.2,0.64,0.0,14.0,0,0.0,2.0,0,0
V01121,R001,VOYAGE,2024-06-12,2,14.9,19.9,5.4,26.0,15.2,0.87,0.0,15.2,0,0.05,2.05,0,0
V00410,R002,VOYAGE,2024-06-17,17,56.7,15.0,7.3,24.6,23.5,0.96,0.0,10.4,0,0.0,17.0,0,0
V01150,R002,VOYAGE,2024-06-19,19,32.2,10.8,11.7,24.7,19.9,1.47,0.0,14.6,0,0.0,19.0,0,0
V01039,R002,VOYAGE,2024-06-19,18,52.8,17.8,5.5,24.7,19.9,1.47,0.0,14.6,0,2.64,20.64,1,0
V00524,R004,AIR,2024-06-20,2,43.0,22.0,4.7,-9.1,30.4,2.09,0.644,10.2,0,1.42,3.42,1,1
V02811,R001,VOYAGE,2024-06-22,2,49.0,23.2,6.2,22.1,17.9,1.86,0.0,13.6,0,0.0,2.0,0,0
V00835,R001,VOYAGE,2024-06-23,2,54.0,20.3,9.2,22.8,19.9,1.61,0.0,14.4,0,0.0,2.0,0,0
V01007,R002,VOYAGE,2024-06-24,18,50.1,12.1,6.8,24.3,21.5,2.34,0.0,13.3,0,2.56,20.56,1,0
V01084,R001,VOYAGE,2024-06-25,2,56.5,3.2,6.2,23.7,26.2,2.03,0.0,15.0,0,0.0,2.0,0,0
V00531,R001,VOYAGE,2024-06-25,2,24.7,3.3,11.6,23.7,26.2,2.03,0.0,15.0,0,0.0,2.0,0,0
V02608,R001,VOYAGE,2024-06-25,2,11.4,24.5,0.5,23.7,26.2,2.03,0.0,15.0,0,0.0,2.0,0,0
V02649,R005,FIELD,2024-06-26,3,19.4,29.3,9.0,-17.2,33.4,0.0,0.912,10.6,0,3.25,6.25,1,0
V00385,R004,AIR,2024-06-27,2,26.5,19.9,7.4,-5.2,23.9,1.61,0.742,15.1,0,0.32,2.32,1,0
V02905,R001,VOYAGE,2024-06-29,2,32.8,1.0,3.6,20.8,22.4,2.66,0.0,13.4,0,0.0,2.0,0,0
V02503,R001,VOYAGE,2024-06-30,2,67.5,3.3,8.8,22.9,21.5,2.06,0.0,14.8,0,0.07,2.07,0,0
V01558,R001,VOYAGE,2024-07-01,2,29.5,11.2,5.1,24.8,18.6,1.65,0.0,15.8,0,0.0,2.0,0,0
V02599,R001,VOYAGE,2024-07-01,2,46.1,8.5,10.7,24.8,18.6,1.65,0.0,15.8,0,0.0,2.0,0,0
V01735,R002,VOYAGE,2024-07-02,17,29.1,13.6,11.2,25.1,24.0,2.18,0.0,14.4,0,0.0,17.0,0,0
V02682,R004,AIR,2024-07-03,2,40.8,6.0,8.8,-5.3,16.5,1.39,0.805,18.1,0,0.54,2.54,1,1
V00736,R002,VOYAGE,2024-07-04,17,37.9,11.9,5.1,28.1,22.1,2.22,0.0,14.1,0,0.0,17.0,0,0
V01301,R002,VOYAGE,2024-07-04,18,26.5,21.3,9.6,28.1,22.1,2.22,0.0,14.1,0,0.0,18.0,0,0
V00448,R001,VOYAGE,2024-07-09,2,57.2,20.3,16.7,27.2,13.6,0.96,0.0,18.0,0,0.0,2.0,0,0
V01911,R002,VOYAGE,2024-07-09,19,22.0,12.3,10.5,27.2,13.6,0.96,0.0,18.0,0,0.0,19.0,0,0
V00537,R001,VOYAGE,2024-07-10,2,45.3,10.2,8.5,25.7,14.8,1.17,0.0,16.3,0,0.0,2.0,0,0
V01886,R001,VOYAGE,2024-07-12,2,38.9,9.0,8.9,22.9,11.0,1.97,0.0,15.6,0,0.04,2.04,0,0
V01633,R002,VOYAGE,2024-07-17,19,64.6,10.3,11.3,22.2,17.1,1.82,0.0,14.5,0,0.0,19.0,0,0
V02111,R001,VOYAGE,2024-07-17,2,36.0,29.4,4.0,22.2,17.1,1.82,0.0,14.5,0,0.0,2.0,0,0
V00290,R001,VOYAGE,2024-07-18,2,29.9,8.3,6.1,21.3,9.2,1.06,0.0,20.7,0,0.0,2.0,0,0
V02238,R001,VOYAGE,2024-07-19,2,64.4,28.3,9.0,21.4,11.2,0.7,0.0,17.0,0,0.0,2.0,0,0
V01608,R002,VOYAGE,2024-07-19,18,46.3,9.7,6.2,21.4,11.2,0.7,0.0,17.0,0,0.85,18.85,0,0
V00556,R001,VOYAGE,2024-07-20,2,30.5,24.4,5.7,24.5,14.9,1.1,0.0,18.6,0,0.0,2.0,0,0
V01110,R001,VOYAGE,2024-07-23,2,55.3,17.6,13.3,26.1,5.0,1.17,0.0,18.1,0,0.0,2.0,0,0
V01319,R003,VOYAGE,2024-07-24,13,53.8,10.4,8.3,-4.9,36.6,2.82,0.83,11.1,0,6.46,19.46,1,0
V00145,R001,VOYAGE,2024-07-24,2,64.3,10.0,5.0,27.0,3.2,1.1,0.0,20.5,0,0.0,2.0,0,0
V01904,R001,VOYAGE,2024-07-25,2,33.0,1.5,8.9,28.1,5.3,1.34,0.0,20.5,0,0.0,2.0,0,0
V02417,R001,VOYAGE,2024-07-26,2,29.9,19.2,15.5,26.2,2.0,1.06,0.0,17.9,0,0.0,2.0,0,0
V01347,R001,VOYAGE,2024-07-26,2,8.8,7.3,0.5,26.2,2.0,1.06,0.0,17.9,0,0.03,2.03,0,0
V01394,R002,VOYAGE,2024-07-29,19,18.7,14.4,0.5,24.5,8.8,1.24,0.0,17.3,0,0.0,19.0,0,0
V01437,R002,VOYAGE,2024-07-30,18,39.3,22.7,16.1,27.5,2.0,1.1,0.0,18.7,0,0.0,18.0,0,0
V00074,R001,VOYAGE,2024-07-31,2,42.1,19.0,6.9,27.0,2.0,0.78,0.0,21.0,0,0.0,2.0,0,0
V00004,R001,VOYAGE,2024-07-31,2,24.0,23.4,13.4,27.0,2.0,0.78,0.0,21.0,0,0.0,2.0,0,0
V02816,R001,VOYAGE,2024-08-02,2,19.7,16.1,6.7,24.3,2.0,0.54,0.0,18.8,0,0.0,2.0,0,0
V01553,R001,VOYAGE,2024-08-02,2,50.7,5.4,18.2,24.3,2.0,0.54,0.0,18.8,0,0.0,2.0,0,0
V01872,R002,VOYAGE,2024-08-05,17,42.6,7.3,7.6,23.2,3.2,0.69,0.0,17.8,0,0.0,17.0,0,0
V01621,R001,VOYAGE,2024-08-06,2,79.5,13.2,11.0,23.6,2.7,1.06,0.0,19.4,0,0.0,2.0,0,0
V02984,R001,VOYAGE,2024-08-07,2,29.1,19.0,15.1,22.9,6.1,1.36,0.0,18.3,0,0.0,2.0,0,0
V00271,R002,VOYAGE,2024-08-08,19,50.0,24.0,12.0,22.1,9.6,2.15,0.0,15.9,0,0.0,19.0,0,0
V02011,R002,VOYAGE,2024-08-09,19,22.8,27.2,2.3,22.5,17.1,2.25,0.0,14.1,0,0.0,19.0,0,0
V01355,R001,VOYAGE,2024-08-09,2,39.1,17.7,14.8,22.5,17.1,2.25,0.0,14.1,0,0.0,2.0,0,0
V01750,R001,VOYAGE,2024-08-11,2,33.0,12.5,5.2,20.7,17.5,2.77,0.0,15.8,0,0.0,2.0,0,0
V03166,R002,VOYAGE,2024-08-12,19,57.7,8.5,15.1,20.7,11.9,2.32,0.0,13.7,0,0.0,19.0,0,0
V00533,R002,VOYAGE,2024-08-15,19,42.6,12.0,12.1,20.0,12.1,2.1,0.0,17.2,0,0.37,19.37,0,0
V02471,R002,VOYAGE,2024-08-16,20,43.7,14.8,10.3,22.1,12.6,1.9,0.0,13.8,0,0.64,20.64,0,0
V01344,R001,VOYAGE,2024-08-17,2,27.2,15.2,2.8,18.2,7.4,2.15,0.0,18.0,0,0.0,2.0,0,0
V02969,R002,VOYAGE,2024-08-17,17,30.7,6.8,15.7,18.2,7.4,2.15,0.0,18.0,0,0.0,17.0,0,0
V02667,R002,VOYAGE,2024-08-17,19,60.0,10.8,6.4,18.2,7.4,2.15,0.0,18.0,0,0.0,19.0,0,0
V00241,R002,VOYAGE,2024-08-18,17,19.7,14.8,5.9,18.4,9.5,2.1,0.0,19.8,0,0.0,17.0,0,0
V01297,R002,VOYAGE,2024-08-19,19,45.6,23.6,3.9,18.4,13.9,2.22,0.0,18.6,0,0.0,19.0,0,0
V00126,R001,VOYAGE,2024-08-19,2,78.6,23.6,4.9,18.4,13.9,2.22,0.0,18.6,0,0.0,2.0,0,0
V03065,R005,FIELD,2024-08-19,3,23.3,17.3,4.0,-20.2,24.0,0.0,0.951,14.7,0,0.0,3.0,0,0
V00900,R002,VOYAGE,2024-08-19,18,29.2,17.7,5.1,18.4,13.9,2.22,0.0,18.6,0,1.73,19.73,0,0
V03020,R002,VOYAGE,2024-08-20,18,52.3,10.7,9.1,19.4,15.2,1.77,0.0,13.0,0,0.6,18.6,0,0
V01131,R002,VOYAGE,2024-08-20,18,49.0,15.7,6.4,19.4,15.2,1.77,0.0,13.0,0,0.61,18.61,0,0
V00550,R001,VOYAGE,2024-08-23,2,25.1,10.1,1.2,22.2,13.5,1.32,0.0,14.4,0,0.0,2.0,0,0
V01517,R002,VOYAGE,2024-08-23,20,30.1,11.3,1.7,22.2,13.5,1.32,0.0,14.4,0,1.27,21.27,0,0
V00889,R001,VOYAGE,2024-08-26,2,24.6,16.5,5.4,21.3,9.3,1.59,0.0,18.3,0,0.0,2.0,0,0
V02305,R001,VOYAGE,2024-08-28,2,12.5,11.5,0.5,22.4,13.3,0.93,0.0,17.3,0,0.06,2.06,0,0
V00695,R002,VOYAGE,2024-08-30,18,22.2,19.7,13.5,24.1,21.3,1.63,0.0,12.9,0,0.0,18.0,0,0
V00857,R001,VOYAGE,2024-08-31,2,34.8,11.4,9.4,24.6,22.8,1.91,0.0,12.4,0,0.0,2.0,0,0
V01274,R002,VOYAGE,2024-08-31,19,45.1,5.4,11.8,24.6,22.8,1.91,0.0,12.4,0,0.0,19.0,0,0
V00756,R002,VOYAGE,2024-09-02,19,22.5,11.5,14.0,25.1,28.3,2.09,0.0,11.8,0,0.73,19.73,0,0
V02281,R002,VOYAGE,2024-09-02,17,47.0,18.1,7.3,25.1,28.3,2.09,0.0,11.8,0,1.15,18.15,0,0
V02835,R004,AIR,2024-09-03,2,42.3,19.3,7.9,-2.9,25.5,2.37,0.496,13.5,0,0.69,2.69,1,0
V01268,R001,VOYAGE,2024-09-07,2,26.8,9.2,13.2,22.7,16.3,0.49,0.0,15.7,0,0.0,2.0,0,0
V02027,R004,AIR,2024-09-13,2,31.1,17.9,9.1,-2.5,30.8,2.6,0.309,12.6,0,0.51,2.51,1,0
V00119,R003,VOYAGE,2024-09-15,13,44.1,10.3,0.5,-0.5,33.8,2.58,0.343,9.3,0,3.83,16.83,1,0
V01603,R002,VOYAGE,2024-09-16,19,31.8,17.8,13.8,23.7,16.6,1.78,0.0,13.4,0,0.51,19.51,0,0
V02862,R001,VOYAGE,2024-09-19,2,76.0,17.8,14.7,20.0,21.0,1.1,0.0,17.4,0,0.0,2.0,0,0
V02662,R002,VOYAGE,2024-09-20,17,56.8,13.6,6.7,21.4,18.3,0.81,0.0,14.1,0,1.15,18.15,0,0
V00389,R001,VOYAGE,2024-09-20,2,59.2,14.1,5.8,21.4,18.3,0.81,0.0,14.1,0,0.0,2.0,0,0
V03136,R005,FIELD,2024-09-20,3,80.3,1.0,6.7,-15.1,26.9,0.0,0.866,13.0,0,1.16,4.16,1,0
V00455,R001,VOYAGE,2024-09-21,2,61.4,13.9,9.7,20.7,16.3,1.06,0.0,14.7,0,0.0,2.0,0,0
V02322,R002,VOYAGE,2024-09-22,18,32.0,20.0,6.4,21.9,15.2,1.32,0.0,15.2,0,0.0,18.0,0,0
V01940,R001,VOYAGE,2024-09-22,2,48.9,23.4,9.5,21.9,15.2,1.32,0.0,15.2,0,0.0,2.0,0,0
V01343,R002,VOYAGE,2024-09-22,19,44.3,12.0,6.7,21.9,15.2,1.32,0.0,15.2,0,0.48,19.48,0,0
V01946,R002,VOYAGE,2024-09-23,18,32.7,14.6,6.6,23.6,13.8,0.77,0.0,16.3,0,0.0,18.0,0,0
V00845,R002,VOYAGE,2024-09-23,19,28.1,10.2,13.6,23.6,13.8,0.77,0.0,16.3,0,0.0,19.0,0,0
V01809,R002,VOYAGE,2024-09-24,18,17.0,16.1,10.2,21.9,17.3,0.69,0.0,14.7,0,0.0,18.0,0,0
V01203,R001,VOYAGE,2024-09-24,2,41.5,12.7,11.1,21.9,17.3,0.69,0.0,14.7,0,0.0,2.0,0,0
V00338,R003,VOYAGE,2024-09-25,12,40.3,15.2,8.0,-0.3,30.1,2.59,0.495,12.4,0,7.27,19.27,1,0
V01866,R002,VOYAGE,2024-09-26,19,72.4,11.5,4.3,23.6,14.4,0.49,0.0,10.7,0,0.0,19.0,0,0
V00773,R005,FIELD,2024-09-28,3,55.3,13.6,9.8,-23.7,36.8,0.0,0.742,6.7,0,0.73,3.73,1,0
V00088,R002,VOYAGE,2024-09-29,20,32.7,1.0,3.3,22.8,10.6,0.2,0.0,18.6,0,0.0,20.0,0,0
V01537,R002,VOYAGE,2024-10-03,17,31.6,8.4,13.5,22.4,16.2,0.91,0.0,13.8,0,0.0,17.0,0,0
V02188,R001,VOYAGE,2024-10-06,2,23.9,26.1,20.1,22.8,13.2,1.01,0.0,14.5,0,0.0,2.0,0,0
V01650,R004,AIR,2024-10-07,2,39.0,15.8,9.0,-4.1,26.8,2.59,0.301,9.9,0,0.0,2.0,0,0
V00836,R002,VOYAGE,2024-10-07,18,68.6,24.6,6.7,22.6,13.3,0.92,0.0,16.0,0,0.0,18.0,0,0
V01283,R001,VOYAGE,2024-10-09,2,45.1,15.7,0.5,20.0,16.8,1.47,0.0,15.6,0,0.06,2.06,0,0
V00903,R002,VOYAGE,2024-10-09,18,47.6,19.4,14.0,20.0,16.8,1.47,0.0,15.6,0,0.0,18.0,0,0
V03133,R002,VOYAGE,2024-10-11,17,52.3,17.5,5.2,22.7,17.7,1.82,0.0,13.9,0,0.0,17.0,0,0
V01959,R002,VOYAGE,2024-10-11,18,34.8,6.1,3.6,22.7,17.7,1.82,0.0,13.9,0,0.0,18.0,0,0
V00107,R002,VOYAGE,2024-10-12,19,31.4,19.4,9.5,20.4,22.5,2.14,0.0,15.3,0,0.0,19.0,0,0
V00700,R001,VOYAGE,2024-10-14,2,42.1,1.0,7.2,24.7,13.7,1.63,0.0,16.5,0,0.0,2.0,0,0
V01222,R003,VOYAGE,2024-10-14,11,38.7,16.3,10.5,-1.8,37.4,3.22,0.341,7.2,0,4.44,15.44,1,0
V01991,R002,VOYAGE,2024-10-17,19,68.7,4.9,4.7,28.1,6.3,1.26,0.0,18.6,0,0.0,19.0,0,0
V00485,R001,VOYAGE,2024-10-18,2,46.2,19.3,12.9,25.7,7.8,1.28,0.0,16.7,0,0.0,2.0,0,0
V01569,R002,VOYAGE,2024-10-22,18,36.5,16.3,12.9,22.1,8.5,1.37,0.0,14.9,0,0.0,18.0,0,0
V02260,R003,VOYAGE,2024-10-22,12,21.4,22.8,4.1,7.3,39.8,3.57,0.309,10.6,0,2.25,14.25,1,0
V03011,R002,VOYAGE,2024-10-25,19,69.7,10.7,7.9,23.4,11.5,1.51,0.0,16.6,0,0.0,19.0,0,0
V00547,R002,VOYAGE,2024-10-26,17,45.7,15.8,5.5,21.2,13.6,2.35,0.0,17.0,0,0.0,17.0,0,0
V02884,R003,VOYAGE,2024-10-26,12,50.7,8.1,7.8,1.2,39.8,3.09,0.298,0.4,1,9.81,21.81,1,0
V02085,R001,VOYAGE,2024-10-26,2,19.1,3.3,7.2,21.2,13.6,2.35,0.0,17.0,0,0.0,2.0,0,0
V00434,R002,VOYAGE,2024-10-29,19,27.8,20.4,13.8,24.1,16.7,2.66,0.0,15.2,0,0.96,19.96,0,0
V00683,R002,VOYAGE,2024-11-01,17,25.6,16.8,5.1,25.6,11.9,1.0,0.0,14.8,0,0.0,17.0,0,0
V02279,R004,AIR,2024-11-01,2,31.2,6.9,9.6,3.8,30.4,3.74,0.289,10.4,0,0.33,2.33,1,0
V01156,R002,VOYAGE,2024-11-01,17,39.6,18.2,12.1,25.6,11.9,1.0,0.0,14.8,0,0.78,17.78,0,0
V03076,R004,AIR,2024-11-03,2,35.6,29.4,5.9,1.3,33.3,4.17,0.234,11.9,0,1.33,3.33,1,0
V00642,R002,VOYAGE,2024-11-03,17,77.1,13.3,8.2,26.8,14.9,0.72,0.0,16.0,0,0.86,17.86,0,0
V00667,R004,AIR,2024-11-03,2,31.3,8.4,4.4,1.3,33.3,4.17,0.234,11.9,0,0.44,2.44,1,0
V01823,R004,AIR,2024-11-03,2,33.4,7.8,10.0,1.3,33.3,4.17,0.234,11.9,0,0.69,2.69,1,0
V00781,R005,FIELD,2024-11-03,3,46.8,24.7,6.3,-8.6,31.5,0.0,0.573,11.4,0,1.57,4.57,1,0
V03023,R002,VOYAGE,2024-11-04,18,30.1,15.5,6.9,28.4,14.0,0.78,0.0,14.4,0,0.53,18.53,0,0
V01155,R003,VOYAGE,2024-11-04,13,28.8,10.2,3.1,2.5,33.4,3.47,0.225,10.6,0,4.15,17.15,1,0
V01762,R005,FIELD,2024-11-04,3,35.3,13.4,3.1,-5.2,29.0,0.0,0.509,13.3,0,0.0,3.0,0,0
V01212,R003,VOYAGE,2024-11-05,12,24.6,14.5,7.3,3.1,31.9,3.34,0.201,11.1,0,1.41,13.41,1,0
V02109,R004,AIR,2024-11-05,2,37.7,18.1,11.7,3.1,31.9,3.34,0.201,11.1,0,0.0,2.0,0,0
V02781,R001,VOYAGE,2024-11-06,2,49.6,19.7,7.5,27.2,10.3,0.44,0.0,18.1,0,0.0,2.0,0,0
V02014,R003,VOYAGE,2024-11-07,13,32.6,16.4,5.6,3.3,24.5,2.71,0.269,9.7,0,3.05,16.05,1,1
V01166,R005,FIELD,2024-11-07,3,60.8,13.2,4.7,-7.3,27.1,0.0,0.493,14.9,0,0.22,3.22,0,0
V01722,R003,VOYAGE,2024-11-07,13,62.4,26.8,5.6,3.3,24.5,2.71,0.269,9.7,0,4.38,17.38,1,0
V02459,R005,FIELD,2024-11-07,3,43.7,9.9,5.2,-7.3,27.1,0.0,0.493,14.9,0,0.0,3.0,0,0
V01597,R003,VOYAGE,2024-11-07,13,18.3,17.0,2.2,3.3,24.5,2.71,0.269,9.7,0,0.0,13.0,0,0
V02714,R004,AIR,2024-11-08,2,30.3,26.9,6.2,3.2,31.0,3.42,0.262,9.1,0,0.26,2.26,1,0
V00277,R003,VOYAGE,2024-11-08,12,23.9,10.0,13.5,3.2,31.0,3.42,0.262,9.1,0,4.18,16.18,1,0
V02193,R005,FIELD,2024-11-08,3,21.0,13.8,5.9,-7.2,22.5,0.0,0.551,14.0,0,0.79,3.79,1,0
V01082,R004,AIR,2024-11-09,2,29.1,4.4,8.5,0.0,30.7,3.41,0.217,10.8,0,0.42,2.42,1,0
V01966,R002,VOYAGE,2024-11-09,19,42.5,10.1,0.5,26.3,16.6,1.03,0.0,15.8,0,0.0,19.0,0,0
V01933,R002,VOYAGE,2024-11-10,18,27.6,11.0,4.9,26.5,16.1,1.4,0.0,15.8,0,0.0,18.0,0,0
V02500,R005,FIELD,2024-11-10,3,66.1,13.6,13.2,-6.8,22.6,0.0,0.493,12.4,0,0.0,3.0,0,0
V01889,R005,FIELD,2024-11-10,3,19.4,3.8,8.6,-6.8,22.6,0.0,0.493,12.4,0,0.0,3.0,0,0
V02646,R005,FIELD,2024-11-10,3,37.3,13.6,12.9,-6.8,22.6,0.0,0.493,12.4,0,0.0,3.0,0,0
V02277,R005,FIELD,2024-11-11,3,42.3,8.8,12.2,-10.5,25.1,0.0,0.516,13.2,0,0.19,3.19,0,0
V00391,R001,VOYAGE,2024-11-11,2,40.7,17.1,8.6,26.7,17.6,1.3,0.0,16.0,0,0.0,2.0,0,0
V02941,R004,AIR,2024-11-12,2,49.2,13.8,5.5,0.3,34.6,3.06,0.183,12.4,0,0.66,2.66,1,0
V01867,R004,AIR,2024-11-13,2,34.6,10.9,0.5,0.7,34.8,3.05,0.212,10.1,0,0.32,2.32,1,0
V02764,R005,FIELD,2024-11-13,3,31.2,22.8,9.9,-10.5,28.9,0.0,0.482,11.4,0,0.32,3.32,1,0
V00567,R004,AIR,2024-11-13,2,54.7,19.0,16.8,0.7,34.8,3.05,0.212,10.1,0,0.0,2.0,0,0
V00861,R003,VOYAGE,2024-11-13,13,48.1,15.4,15.7,0.7,34.8,3.05,0.212,10.1,0,3.42,16.42,1,0
V01953,R005,FIELD,2024-11-13,3,24.8,12.1,13.3,-10.5,28.9,0.0,0.482,11.4,0,0.0,3.0,0,0
V00345,R004,AIR,2024-11-14,2,39.0,11.2,16.1,0.8,33.6,2.96,0.223,8.6,0,0.39,2.39,1,0
V02746,R004,AIR,2024-11-14,2,45.3,21.5,2.5,0.8,33.6,2.96,0.223,8.6,0,0.33,2.33,1,0
V01408,R004,AIR,2024-11-14,2,58.4,20.1,6.8,0.8,33.6,2.96,0.223,8.6,0,1.28,3.28,1,0
V02211,R005,FIELD,2024-11-14,3,54.3,16.6,0.5,-8.5,21.0,0.0,0.54,14.8,0,0.78,3.78,1,0
V00741,R003,VOYAGE,2024-11-15,12,15.0,14.8,5.6,3.9,28.3,2.61,0.117,10.9,0,0.0,12.0,0,0
V01499,R004,AIR,2024-11-16,2,10.5,13.7,10.0,2.3,27.2,2.21,0.114,14.9,0,0.29,2.29,1,0
V00098,R004,AIR,2024-11-16,2,55.8,5.7,8.3,2.3,27.2,2.21,0.114,14.9,0,0.31,2.31,1,0
V00498,R003,VOYAGE,2024-11-17,13,53.2,6.3,12.6,3.1,29.1,2.81,0.123,14.1,0,0.75,13.75,0,0
V01171,R003,VOYAGE,2024-11-17,11,48.2,14.0,7.1,3.1,29.1,2.81,0.123,14.1,0,1.01,12.01,0,0
V02081,R003,VOYAGE,2024-11-17,12,54.4,14.9,5.6,3.1,29.1,2.81,0.123,14.1,0,2.16,14.16,1,0
V02928,R004,AIR,2024-11-18,2,27.4,13.6,8.3,1.6,26.8,2.53,0.112,13.4,0,0.32,2.32,1,0
V02568,R004,AIR,2024-11-18,2,49.3,12.4,5.2,1.6,26.8,2.53,0.112,13.4,0,0.46,2.46,1,0
V01687,R005,FIELD,2024-11-18,3,18.4,8.6,16.3,-0.4,22.7,0.0,0.684,13.5,0,0.52,3.52,1,0
V00064,R004,AIR,2024-11-18,2,29.8,9.6,7.5,1.6,26.8,2.53,0.112,13.4,0,0.0,2.0,0,0
V01928,R003,VOYAGE,2024-11-19,13,54.2,11.6,9.2,1.2,25.5,2.98,0.121,10.5,0,2.06,15.06,1,0
V02859,R005,FIELD,2024-11-19,3,55.7,5.7,7.2,-1.1,28.3,0.0,0.609,12.1,0,0.28,3.28,0,0
V02696,R005,FIELD,2024-11-19,3,36.2,17.9,7.0,-1.1,28.3,0.0,0.609,12.1,0,0.55,3.55,1,0
V00326,R003,VOYAGE,2024-11-19,12,24.6,7.0,12.4,1.2,25.5,2.98,0.121,10.5,0,0.0,12.0,0,0
V00383,R004,AIR,2024-11-19,2,42.6,3.9,6.0,1.2,25.5,2.98,0.121,10.5,0,0.64,2.64,1,0
V02744,R005,FIELD,2024-11-19,3,37.1,9.9,8.3,-1.1,28.3,0.0,0.609,12.1,0,0.0,3.0,0,0
V02526,R003,VOYAGE,2024-11-19,13,30.2,17.3,13.6,1.2,25.5,2.98,0.121,10.5,0,0.0,13.0,0,0
V01383,R002,VOYAGE,2024-11-20,19,42.0,14.5,3.8,24.5,29.6,2.35,0.0,14.0,0,3.57,22.57,1,0
V00660,R001,VOYAGE,2024-11-20,2,46.5,10.3,12.4,24.5,29.6,2.35,0.0,14.0,0,0.0,2.0,0,0
V01690,R003,VOYAGE,2024-11-20,13,22.6,23.5,0.5,2.1,24.8,2.85,0.051,13.5,0,0.0,13.0,0,0
V02643,R005,FIELD,2024-11-20,3,30.0,20.7,12.4,-0.9,28.1,0.0,0.602,12.4,0,0.0,3.0,0,0
V00040,R005,FIELD,2024-11-21,3,31.0,20.1,6.3,-3.3,27.0,0.0,0.63,12.4,0,1.04,4.04,1,0
V02005,R005,FIELD,2024-11-21,3,55.2,24.6,1.8,-3.3,27.0,0.0,0.63,12.4,0,1.14,4.14,1,0
V01259,R005,FIELD,2024-11-21,3,41.2,18.3,6.4,-3.3,27.0,0.0,0.63,12.4,0,0.0,3.0,0,0
V02073,R003,VOYAGE,2024-11-21,12,28.8,12.2,9.4,2.1,32.5,3.39,0.0,11.5,0,0.0,12.0,0,0
V00692,R002,VOYAGE,2024-11-21,19,50.5,7.3,6.0,26.8,27.3,2.36,0.0,14.1,0,0.0,19.0,0,0
V00198,R001,VOYAGE,2024-11-22,2,52.7,9.6,14.1,26.3,24.4,2.26,0.0,13.0,0,0.14,2.14,0,0
V01572,R005,FIELD,2024-11-22,3,68.3,19.5,13.1,-0.5,23.7,0.0,0.549,15.5,0,1.06,4.06,1,0
V02918,R004,AIR,2024-11-23,2,37.4,17.2,8.1,3.3,26.7,2.76,0.0,11.7,0,0.54,2.54,1,0
V01400,R005,FIELD,2024-11-23,3,73.0,11.9,10.9,-2.2,17.4,0.0,0.512,17.0,0,0.0,3.0,0,0
V02799,R005,FIELD,2024-11-23,3,12.2,15.9,11.1,-2.2,17.4,0.0,0.512,17.0,0,0.67,3.67,1,0
V01214,R005,FIELD,2024-11-24,3,36.6,11.6,10.8,-2.1,19.5,0.0,0.484,17.8,0,0.0,3.0,0,0
V00623,R004,AIR,2024-11-24,2,32.7,5.6,11.7,2.7,25.6,2.79,0.0,12.3,0,0.0,2.0,0,0
V00185,R003,VOYAGE,2024-11-24,12,53.8,13.6,9.1,2.7,25.6,2.79,0.0,12.3,0,4.97,16.97,1,0
V02068,R005,FIELD,2024-11-24,3,32.0,23.0,3.6,-2.1,19.5,0.0,0.484,17.8,0,0.0,3.0,0,0
V00022,R003,VOYAGE,2024-11-24,11,31.1,16.7,8.0,2.7,25.6,2.79,0.0,12.3,0,0.0,11.0,0,0
V01043,R005,FIELD,2024-11-25,3,39.7,8.6,5.2,-2.0,20.9,0.0,0.505,14.1,0,0.43,3.43,1,1
V01436,R004,AIR,2024-11-25,2,38.8,10.5,7.3,4.3,23.2,3.3,0.0,12.5,0,0.0,2.0,0,1
V02175,R004,AIR,2024-11-25,2,37.2,5.1,10.7,4.3,23.2,3.3,0.0,12.5,0,0.0,2.0,0,0
V00635,R001,VOYAGE,2024-11-25,2,35.6,1.0,9.9,28.8,25.9,1.85,0.0,12.3,0,0.0,2.0,0,0
V02541,R001,VOYAGE,2024-11-25,2,36.4,14.4,9.1,28.8,25.9,1.85,0.0,12.3,0,0.0,2.0,0,0
V02900,R005,FIELD,2024-11-26,3,38.0,19.7,11.3,-2.2,17.5,0.0,0.518,14.5,0,0.28,3.28,0,0
V01566,R003,VOYAGE,2024-11-26,12,25.3,26.0,3.1,3.9,22.5,3.17,0.0,12.0,0,0.0,12.0,0,0
V01996,R004,AIR,2024-11-27,2,35.6,16.5,9.6,3.9,25.3,3.47,0.0,15.0,0,0.0,2.0,0,0
V00864,R004,AIR,2024-11-27,2,40.0,8.4,6.0,3.9,25.3,3.47,0.0,15.0,0,0.0,2.0,0,0
V01766,R002,VOYAGE,2024-11-27,17,15.2,14.3,7.5,30.2,19.7,2.02,0.0,14.8,0,0.36,17.36,0,0
V01732,R003,VOYAGE,2024-11-27,12,43.4,14.3,0.5,3.9,25.3,3.47,0.0,15.0,0,0.0,12.0,0,0
V02664,R003,VOYAGE,2024-11-28,13,15.5,1.4,3.1,4.6,27.9,3.64,0.0,13.5,0,1.69,14.69,1,0
V00738,R005,FIELD,2024-11-28,3,28.6,3.7,12.4,-2.8,18.4,0.0,0.502,14.1,0,0.25,3.25,0,0
V01130,R001,VOYAGE,2024-11-28,2,22.9,16.0,8.2,30.5,21.7,2.02,0.0,14.2,0,0.0,2.0,0,0
V02184,R003,VOYAGE,2024-11-29,12,41.9,15.8,6.6,5.0,28.1,3.56,0.0,11.7,0,1.49,13.49,1,0
V02094,R004,AIR,2024-11-29,2,26.9,4.5,12.7,5.0,28.1,3.56,0.0,11.7,0,0.0,2.0,0,0
V02694,R005,FIELD,2024-11-30,3,45.3,13.2,12.8,2.7,15.0,0.0,0.451,17.1,0,0.0,3.0,0,0
V01552,R003,VOYAGE,2024-12-01,11,26.1,15.9,13.5,6.3,35.2,3.82,0.0,10.7,0,0.95,11.95,0,0
V00904,R002,VOYAGE,2024-12-02,17,61.6,15.1,7.8,27.9,22.7,1.85,0.0,17.1,0,0.0,17.0,0,0
V02427,R005,FIELD,2024-12-02,3,33.8,19.0,5.1,0.2,17.6,0.0,0.416,14.1,0,0.0,3.0,0,0
V01699,R003,VOYAGE,2024-12-02,12,49.0,17.0,7.1,6.8,36.6,3.99,0.002,13.3,0,3.18,15.18,1,0
V00518,R004,AIR,2024-12-03,2,42.9,3.7,5.9,6.0,32.8,3.12,0.002,12.1,0,0.57,2.57,1,0
V01285,R005,FIELD,2024-12-03,3,36.8,22.6,10.7,-1.5,16.3,0.0,0.395,14.5,0,0.0,3.0,0,0
V00230,R004,AIR,2024-12-04,2,46.2,19.1,1.8,4.3,33.4,3.19,0.047,11.9,0,0.6,2.6,1,0
V02481,R002,VOYAGE,2024-12-04,19,53.9,6.7,0.5,27.3,14.1,1.79,0.0,14.1,0,0.0,19.0,0,0
V00360,R004,AIR,2024-12-05,2,8.7,4.6,8.9,2.3,33.9,3.08,0.07,10.6,0,0.0,2.0,0,0
V00766,R005,FIELD,2024-12-05,3,35.4,10.1,8.7,1.7,15.0,0.0,0.445,14.6,0,0.0,3.0,0,0
V02065,R005,FIELD,2024-12-05,3,29.0,17.2,1.1,1.7,15.0,0.0,0.445,14.6,0,0.55,3.55,1,0
V02076,R002,VOYAGE,2024-12-05,19,36.3,7.7,10.2,27.1,8.1,1.07,0.0,16.9,0,0.0,19.0,0,0
V00245,R003,VOYAGE,2024-12-06,13,54.9,7.3,17.3,0.2,29.6,2.69,0.083,11.1,0,0.0,13.0,0,0
V01210,R005,FIELD,2024-12-06,3,35.2,8.7,15.5,2.7,19.5,0.0,0.444,16.7,0,0.15,3.15,0,0
V00873,R003,VOYAGE,2024-12-07,11,31.3,5.4,3.9,3.6,23.2,2.83,0.077,15.6,0,0.0,11.0,0,0
V00879,R004,AIR,2024-12-07,2,56.8,27.7,10.7,3.6,23.2,2.83,0.077,15.6,0,0.0,2.0,0,0
V03120,R005,FIELD,2024-12-09,3,59.5,18.7,0.5,3.9,21.6,0.0,0.521,12.2,0,0.0,3.0,0,0
V01238,R005,FIELD,2024-12-10,3,28.8,15.8,2.5,1.3,26.7,0.0,0.498,11.5,0,0.0,3.0,0,0
V01312,R003,VOYAGE,2024-12-10,11,36.1,16.3,9.4,2.2,19.8,2.15,0.084,15.1,0,0.57,11.57,0,0
V01011,R004,AIR,2024-12-10,2,38.5,14.5,4.2,2.2,19.8,2.15,0.084,15.1,0,0.0,2.0,0,0
V00911,R004,AIR,2024-12-10,2,51.0,14.5,15.8,2.2,19.8,2.15,0.084,15.1,0,0.22,2.22,1,0
V02145,R004,AIR,2024-12-11,2,66.8,1.5,7.5,4.5,16.2,1.47,0.131,16.7,0,0.31,2.31,1,0
V01822,R002,VOYAGE,2024-12-11,17,48.6,19.7,4.2,28.8,3.1,0.91,0.0,18.5,0,0.92,17.92,0,0
V02864,R004,AIR,2024-12-11,2,36.7,7.3,7.9,4.5,16.2,1.47,0.131,16.7,0,0.2,2.2,0,0
V02705,R003,VOYAGE,2024-12-11,11,74.0,18.5,9.8,4.5,16.2,1.47,0.131,16.7,0,3.36,14.36,1,0
V01384,R003,VOYAGE,2024-12-11,13,54.0,13.4,0.7,4.5,16.2,1.47,0.131,16.7,0,0.0,13.0,0,0
V02078,R004,AIR,2024-12-12,2,36.7,12.9,12.4,1.3,21.2,1.13,0.083,10.9,0,0.0,2.0,0,0
V02651,R002,VOYAGE,2024-12-13,19,51.0,18.1,7.7,29.7,5.1,0.2,0.0,19.5,0,0.0,19.0,0,0
V02929,R001,VOYAGE,2024-12-13,2,35.9,17.2,8.0,29.7,5.1,0.2,0.0,19.5,0,0.0,2.0,0,0
V00473,R005,FIELD,2024-12-14,3,34.2,6.2,10.1,5.3,27.8,0.0,0.402,11.9,0,0.0,3.0,0,0
V03087,R004,AIR,2024-12-14,2,43.6,13.1,6.1,4.4,27.4,2.17,0.149,12.9,0,0.48,2.48,1,0
V00746,R005,FIELD,2024-12-15,3,29.3,13.9,9.3,5.0,27.7,0.0,0.358,13.3,0,0.0,3.0,0,0
V00641,R001,VOYAGE,2024-12-15,2,55.3,19.7,9.3,27.6,8.3,0.39,0.0,17.2,0,0.0,2.0,0,0
V02105,R005,FIELD,2024-12-15,3,55.2,10.7,2.3,5.0,27.7,0.0,0.358,13.3,0,0.0,3.0,0,0
V00375,R001,VOYAGE,2024-12-15,2,45.6,28.3,4.8,27.6,8.3,0.39,0.0,17.2,0,0.0,2.0,0,0
V02761,R003,VOYAGE,2024-12-16,12,38.7,4.3,11.4,5.1,23.9,2.11,0.117,10.7,0,0.0,12.0,0,0
V00052,R003,VOYAGE,2024-12-16,12,69.3,20.9,5.9,5.1,23.9,2.11,0.117,10.7,0,1.22,13.22,1,0
V01450,R003,VOYAGE,2024-12-17,11,23.4,11.1,4.5,2.3,25.6,1.76,0.085,12.4,0,2.26,13.26,1,0
V02099,R005,FIELD,2024-12-17,3,38.5,9.4,3.5,5.5,19.1,0.0,0.324,17.1,0,0.32,3.32,1,0
V02983,R005,FIELD,2024-12-17,3,19.6,4.8,7.8,5.5,19.1,0.0,0.324,17.1,0,0.14,3.14,0,1
V01531,R004,AIR,2024-12-18,2,2.0,6.4,5.1,0.8,27.8,1.58,0.083,13.0,0,0.0,2.0,0,0
V02338,R003,VOYAGE,2024-12-18,12,69.0,17.4,9.0,0.8,27.8,1.58,0.083,13.0,0,0.0,12.0,0,0
V03019,R005,FIELD,2024-12-18,3,32.8,11.9,6.7,5.7,20.8,0.0,0.344,13.5,0,0.0,3.0,0,0
V02283,R001,VOYAGE,2024-12-18,2,48.7,1.0,3.1,29.7,19.0,1.24,0.0,12.6,0,0.0,2.0,0,0
V03128,R001,VOYAGE,2024-12-20,2,56.7,14.6,12.1,30.9,20.9,1.26,0.0,14.2,0,0.0,2.0,0,0
V03097,R003,VOYAGE,2024-12-20,13,16.3,7.2,8.6,3.4,19.9,1.02,0.054,16.8,0,0.0,13.0,0,0
V01389,R004,AIR,2024-12-20,2,35.4,4.3,9.8,3.4,19.9,1.02,0.054,16.8,0,0.0,2.0,0,0
V00304,R003,VOYAGE,2024-12-20,12,44.6,28.0,7.2,3.4,19.9,1.02,0.054,16.8,0,1.99,13.99,1,0
V00386,R002,VOYAGE,2024-12-21,19,42.8,4.2,5.5,29.0,17.6,0.48,0.0,16.9,0,0.0,19.0,0,0
V00372,R003,VOYAGE,2024-12-21,13,27.7,25.7,3.9,3.7,20.9,1.41,0.091,14.3,0,1.69,14.69,1,0
V00646,R002,VOYAGE,2024-12-21,18,42.9,4.4,7.7,29.0,17.6,0.48,0.0,16.9,0,0.11,18.11,0,0
V03130,R004,AIR,2024-12-21,2,41.4,18.6,13.3,3.7,20.9,1.41,0.091,14.3,0,0.0,2.0,0,0
V01267,R003,VOYAGE,2024-12-22,12,26.2,3.5,13.1,4.4,17.8,1.26,0.107,14.4,0,0.0,12.0,0,0
V01142,R003,VOYAGE,2024-12-22,11,57.7,12.3,5.4,4.4,17.8,1.26,0.107,14.4,0,0.65,11.65,0,0
V02976,R004,AIR,2024-12-22,2,36.2,23.5,1.6,4.4,17.8,1.26,0.107,14.4,0,0.0,2.0,0,0
V00176,R002,VOYAGE,2024-12-22,20,38.8,14.6,1.9,27.6,15.7,0.2,0.0,14.7,0,0.0,20.0,0,0
V00545,R001,VOYAGE,2024-12-23,2,48.5,8.7,10.2,30.1,17.2,0.84,0.0,14.5,0,0.0,2.0,0,0
V02951,R003,VOYAGE,2024-12-23,12,41.2,15.6,10.2,2.7,22.8,1.74,0.056,11.7,0,5.19,17.19,1,0
V00831,R004,AIR,2024-12-23,2,47.9,11.8,11.7,2.7,22.8,1.74,0.056,11.7,0,0.0,2.0,0,0
V02684,R003,VOYAGE,2024-12-23,11,33.9,10.7,7.0,2.7,22.8,1.74,0.056,11.7,0,0.0,11.0,0,0
V00347,R004,AIR,2024-12-23,2,13.6,15.6,7.6,2.7,22.8,1.74,0.056,11.7,0,0.09,2.09,0,0
V00601,R001,VOYAGE,2024-12-24,2,30.8,10.6,4.0,31.4,16.2,0.2,0.0,15.1,0,0.0,2.0,0,0
V02442,R002,VOYAGE,2024-12-25,20,32.8,19.7,0.9,30.8,14.3,0.2,0.0,16.9,0,0.0,20.0,0,0
V02396,R002,VOYAGE,2024-12-25,18,45.8,20.2,2.4,30.8,14.3,0.2,0.0,16.9,0,0.0,18.0,0,0
V01688,R004,AIR,2024-12-26,2,23.7,13.2,5.1,4.3,19.9,2.21,0.041,15.6,0,0.09,2.09,0,0
V00657,R004,AIR,2024-12-26,2,22.9,19.7,3.9,4.3,19.9,2.21,0.041,15.6,0,0.21,2.21,1,0
V01507,R003,VOYAGE,2024-12-27,11,45.0,10.7,5.0,3.6,21.0,2.14,0.014,14.5,0,0.83,11.83,0,0
V00677,R004,AIR,2024-12-27,2,22.7,14.8,9.1,3.6,21.0,2.14,0.014,14.5,0,0.0,2.0,0,0
V01998,R002,VOYAGE,2024-12-27,18,48.9,16.9,10.1,28.9,18.0,1.19,0.0,14.2,0,0.0,18.0,0,0
V00976,R004,AIR,2024-12-28,2,38.8,20.6,15.5,1.6,26.6,2.51,0.08,13.4,0,0.0,2.0,0,0
V02455,R002,VOYAGE,2024-12-28,18,56.0,11.9,4.2,30.2,25.5,1.91,0.0,10.8,0,1.22,19.22,0,0
V01382,R003,VOYAGE,2024-12-28,12,51.2,17.2,5.0,1.6,26.6,2.51,0.08,13.4,0,2.95,14.95,1,0
V03072,R005,FIELD,2024-12-28,3,34.2,25.0,5.8,1.1,16.7,0.0,0.38,13.1,0,0.0,3.0,0,0
V03161,R004,AIR,2024-12-28,2,56.8,8.1,0.5,1.6,26.6,2.51,0.08,13.4,0,0.0,2.0,0,0
V00639,R003,VOYAGE,2024-12-29,13,58.6,12.2,9.3,1.6,23.0,2.42,0.108,15.5,0,0.0,13.0,0,0
V02773,R002,VOYAGE,2024-12-29,17,31.1,2.0,6.2,29.4,24.0,1.62,0.0,12.4,0,0.0,17.0,0,0
V02881,R004,AIR,2024-12-30,2,47.9,10.1,8.6,3.2,22.6,1.51,0.076,13.8,0,0.0,2.0,0,0
V00570,R005,FIELD,2024-12-30,3,29.3,16.7,6.7,-0.7,17.8,0.0,0.412,13.2,0,0.0,3.0,0,0
V00015,R004,AIR,2024-12-30,2,36.1,14.0,3.0,3.2,22.6,1.51,0.076,13.8,0,0.28,2.28,1,0
V02709,R003,VOYAGE,2024-12-30,11,75.0,5.5,13.4,3.2,22.6,1.51,0.076,13.8,0,0.6,11.6,0,0
V02452,R005,FIELD,2024-12-30,3,41.1,11.8,1.7,-0.7,17.8,0.0,0.412,13.2,0,0.21,3.21,0,0
V00476,R005,FIELD,2024-12-31,3,55.9,23.9,8.3,-3.2,15.5,0.0,0.434,15.7,0,0.0,3.0,0,0
V02020,R003,VOYAGE,2024-12-31,13,65.5,4.4,12.1,4.2,21.4,1.85,0.043,16.1,0,3.59,16.59,1,0
V00202,R002,VOYAGE,2024-12-31,18,25.7,5.0,4.7,29.7,27.7,1.98,0.0,12.4,0,0.0,18.0,0,0
V01177,R003,VOYAGE,2025-01-01,13,34.7,12.4,11.6,4.5,19.3,1.88,0.035,13.5,0,0.0,13.0,0,0
V00407,R004,AIR,2025-01-01,2,45.1,25.2,8.1,4.5,19.3,1.88,0.035,13.5,0,0.26,2.26,1,0
V01318,R003,VOYAGE,2025-01-01,12,57.1,16.5,9.2,4.5,19.3,1.88,0.035,13.5,0,0.0,12.0,0,0
V01915,R004,AIR,2025-01-01,2,16.7,12.1,7.5,4.5,19.3,1.88,0.035,13.5,0,0.23,2.23,1,0
V01646,R004,AIR,2025-01-01,2,59.2,11.5,7.8,4.5,19.3,1.88,0.035,13.5,0,0.0,2.0,0,0
V01988,R004,AIR,2025-01-01,2,61.9,6.0,2.4,4.5,19.3,1.88,0.035,13.5,0,0.23,2.23,1,0
V01914,R003,VOYAGE,2025-01-02,12,21.6,6.0,3.6,6.1,20.9,2.22,0.022,14.0,0,2.32,14.32,1,0
V00420,R003,VOYAGE,2025-01-02,13,52.3,23.1,7.1,6.1,20.9,2.22,0.022,14.0,0,4.01,17.01,1,0
V02407,R003,VOYAGE,2025-01-02,12,42.9,12.4,9.7,6.1,20.9,2.22,0.022,14.0,0,0.0,12.0,0,0
V02806,R002,VOYAGE,2025-01-02,17,70.1,12.0,6.8,28.8,24.0,1.6,0.0,15.1,0,0.0,17.0,0,0
V02047,R005,FIELD,2025-01-02,3,26.1,24.1,8.1,-4.3,22.5,0.0,0.451,15.5,0,0.12,3.12,0,0
V01717,R003,VOYAGE,2025-01-03,12,28.7,21.0,8.9,5.8,16.7,1.55,0.073,14.6,0,0.0,12.0,0,0
V01088,R003,VOYAGE,2025-01-03,13,37.5,19.3,7.0,5.8,16.7,1.55,0.073,14.6,0,0.0,13.0,0,0
V00559,R003,VOYAGE,2025-01-03,13,65.0,21.4,6.7,5.8,16.7,1.55,0.073,14.6,0,5.13,18.13,1,0
V01242,R003,VOYAGE,2025-01-03,11,38.7,16.2,7.5,5.8,16.7,1.55,0.073,14.6,0,0.74,11.74,0,0
V02678,R003,VOYAGE,2025-01-03,13,8.7,6.7,9.4,5.8,16.7,1.55,0.073,14.6,0,0.0,13.0,0,0
V00565,R005,FIELD,2025-01-03,3,52.0,22.3,8.4,-3.6,15.2,0.0,0.477,15.6,0,0.35,3.35,1,0
V02307,R004,AIR,2025-01-03,2,32.8,13.3,6.1,5.8,16.7,1.55,0.073,14.6,0,0.08,2.08,0,0
V02282,R004,AIR,2025-01-03,2,57.9,1.5,14.0,5.8,16.7,1.55,0.073,14.6,0,0.23,2.23,1,0
V01604,R005,FIELD,2025-01-03,3,22.7,17.6,14.1,-3.6,15.2,0.0,0.477,15.6,0,0.0,3.0,0,0
V01683,R005,FIELD,2025-01-03,3,32.4,19.1,10.3,-3.6,15.2,0.0,0.477,15.6,0,0.0,3.0,0,0
V02355,R005,FIELD,2025-01-03,3,44.7,4.0,1.6,-3.6,15.2,0.0,0.477,15.6,0,0.0,3.0,0,0
V01973,R004,AIR,2025-01-03,2,15.9,15.2,9.5,5.8,16.7,1.55,0.073,14.6,0,0.0,2.0,0,0
V00755,R003,VOYAGE,2025-01-04,11,74.1,13.5,8.6,5.9,17.4,1.57,0.109,16.3,0,0.0,11.0,0,0
V03003,R003,VOYAGE,2025-01-04,12,33.1,1.0,1.8,5.9,17.4,1.57,0.109,16.3,0,0.0,12.0,0,0
V01961,R001,VOYAGE,2025-01-04,2,60.4,17.4,7.4,29.9,20.0,1.63,0.0,16.5,0,0.0,2.0,0,0
V02625,R003,VOYAGE,2025-01-05,11,4.3,13.0,12.8,5.2,20.2,1.42,0.103,12.8,0,0.0,11.0,0,0
V02721,R005,FIELD,2025-01-05,3,7.0,20.6,1.0,-6.9,10.0,0.0,0.409,19.5,0,0.0,3.0,0,0
V01651,R004,AIR,2025-01-05,2,23.1,13.4,4.6,5.2,20.2,1.42,0.103,12.8,0,0.31,2.31,1,0
V02528,R004,AIR,2025-01-05,2,43.4,13.9,9.0,5.2,20.2,1.42,0.103,12.8,0,0.0,2.0,0,0
V00143,R005,FIELD,2025-01-06,3,43.7,13.5,10.2,-2.6,9.8,0.0,0.392,12.8,0,0.0,3.0,0,0
V00331,R005,FIELD,2025-01-06,3,46.2,16.2,8.2,-2.6,9.8,0.0,0.392,12.8,0,0.59,3.59,1,0
V03150,R003,VOYAGE,2025-01-06,13,46.4,13.1,13.4,6.8,20.0,1.84,0.123,13.9,0,0.0,13.0,0,0
V02501,R005,FIELD,2025-01-06,3,46.6,16.4,2.7,-2.6,9.8,0.0,0.392,12.8,0,0.0,3.0,0,0
V02982,R001,VOYAGE,2025-01-06,2,24.9,7.2,3.5,32.5,21.2,1.31,0.0,14.1,0,0.0,2.0,0,0
V01349,R003,VOYAGE,2025-01-06,13,54.3,16.8,11.7,6.8,20.0,1.84,0.123,13.9,0,2.56,15.56,1,0
V01916,R005,FIELD,2025-01-06,3,62.8,20.8,9.4,-2.6,9.8,0.0,0.392,12.8,0,0.33,3.33,1,0
V02784,R004,AIR,2025-01-07,2,28.7,13.7,3.1,7.1,17.0,1.25,0.148,12.4,0,0.0,2.0,0,1
V01930,R004,AIR,2025-01-07,2,27.0,19.2,0.5,7.1,17.0,1.25,0.148,12.4,0,0.0,2.0,0,0
V02687,R005,FIELD,2025-01-08,3,46.8,14.1,6.8,-0.3,27.4,0.0,0.367,12.7,0,0.0,3.0,0,1
V02343,R005,FIELD,2025-01-09,3,40.4,27.3,4.9,-1.2,25.7,0.0,0.427,12.8,0,1.83,4.83,1,0
V03094,R004,AIR,2025-01-09,2,10.9,19.2,0.5,3.8,24.7,1.85,0.145,14.9,0,0.22,2.22,1,0
V00337,R003,VOYAGE,2025-01-09,13,51.3,20.4,9.2,3.8,24.7,1.85,0.145,14.9,0,0.0,13.0,0,0
V00437,R003,VOYAGE,2025-01-10,12,53.8,9.4,8.6,5.8,20.9,1.55,0.157,15.5,0,0.58,12.58,0,0
V00033,R004,AIR,2025-01-10,2,56.7,12.1,1.5,5.8,20.9,1.55,0.157,15.5,0,0.37,2.37,1,0
V00932,R001,VOYAGE,2025-01-11,2,29.3,17.6,11.0,31.0,2.5,0.74,0.0,20.7,0,0.0,2.0,0,0
V00764,R003,VOYAGE,2025-01-11,13,27.1,10.6,6.6,4.7,16.7,1.14,0.165,16.5,0,0.0,13.0,0,0
V00220,R003,VOYAGE,2025-01-11,12,36.5,20.9,8.3,4.7,16.7,1.14,0.165,16.5,0,0.76,12.76,0,0
V01791,R005,FIELD,2025-01-11,3,39.0,11.3,4.1,-0.7,19.0,0.0,0.448,14.8,0,0.0,3.0,0,0
V02069,R003,VOYAGE,2025-01-11,13,35.9,14.4,8.8,4.7,16.7,1.14,0.165,16.5,0,1.65,14.65,1,0
V02801,R002,VOYAGE,2025-01-12,20,37.3,12.4,9.5,28.5,8.1,1.18,0.0,18.8,0,0.5,20.5,0,0
V00846,R003,VOYAGE,2025-01-12,11,39.8,22.4,4.4,5.0,14.3,1.53,0.121,17.2,0,1.91,12.91,1,0
V01739,R003,VOYAGE,2025-01-12,13,66.3,19.5,10.6,5.0,14.3,1.53,0.121,17.2,0,1.07,14.07,0,0
V00830,R005,FIELD,2025-01-12,3,57.2,5.6,7.7,-0.4,19.7,0.0,0.485,15.2,0,0.0,3.0,0,0
V02197,R005,FIELD,2025-01-13,3,29.2,13.4,1.7,-2.2,17.6,0.0,0.49,14.2,0,0.0,3.0,0,0
V02362,R005,FIELD,2025-01-13,3,42.4,9.2,7.7,-2.2,17.6,0.0,0.49,14.2,0,0.34,3.34,1,0
V02767,R004,AIR,2025-01-13,2,35.3,10.5,8.2,8.7,17.8,2.12,0.086,16.1,0,0.81,2.81,1,0
V02252,R003,VOYAGE,2025-01-13,11,53.1,9.7,6.4,8.7,17.8,2.12,0.086,16.1,0,0.0,11.0,0,0
V01197,R001,VOYAGE,2025-01-13,2,37.3,9.6,2.1,28.0,8.8,1.16,0.0,19.5,0,0.0,2.0,0,0
V02234,R004,AIR,2025-01-14,2,32.6,5.6,6.9,9.5,19.7,2.47,0.069,15.4,0,0.0,2.0,0,0
V00055,R003,VOYAGE,2025-01-14,12,58.6,13.4,11.4,9.5,19.7,2.47,0.069,15.4,0,2.28,14.28,1,0
V02108,R005,FIELD,2025-01-14,3,46.0,7.4,7.2,1.9,15.0,0.0,0.395,13.6,0,0.0,3.0,0,0
V01684,R003,VOYAGE,2025-01-14,12,43.7,21.5,8.4,9.5,19.7,2.47,0.069,15.4,0,2.57,14.57,1,0
V01962,R005,FIELD,2025-01-14,3,32.9,9.8,10.7,1.9,15.0,0.0,0.395,13.6,0,0.21,3.21,0,0
V02923,R004,AIR,2025-01-14,2,50.2,15.6,9.6,9.5,19.7,2.47,0.069,15.4,0,0.31,2.31,1,0
V00100,R004,AIR,2025-01-14,2,2.0,16.9,8.8,9.5,19.7,2.47,0.069,15.4,0,0.0,2.0,0,0
V00443,R003,VOYAGE,2025-01-15,12,2.0,19.9,2.5,11.4,23.2,2.89,0.038,14.5,0,1.23,13.23,1,0
V01500,R003,VOYAGE,2025-01-15,12,32.2,10.5,10.6,11.4,23.2,2.89,0.038,14.5,0,0.0,12.0,0,0
V02949,R003,VOYAGE,2025-01-15,11,13.3,15.7,5.2,11.4,23.2,2.89,0.038,14.5,0,0.0,11.0,0,0
V02702,R005,FIELD,2025-01-15,3,39.7,21.7,3.7,1.1,14.5,0.0,0.392,15.9,0,0.0,3.0,0,0
V00811,R005,FIELD,2025-01-15,3,57.5,16.3,10.8,1.1,14.5,0.0,0.392,15.9,0,0.0,3.0,0,0
V00115,R005,FIELD,2025-01-16,3,72.5,15.3,7.3,2.0,17.0,0.0,0.385,13.7,0,0.29,3.29,0,0
V01964,R001,VOYAGE,2025-01-16,2,51.5,8.1,13.7,29.7,3.4,0.97,0.0,17.3,0,0.0,2.0,0,0
V02462,R003,VOYAGE,2025-01-16,13,37.8,13.0,17.6,9.8,22.1,2.65,0.0,12.8,0,0.68,13.68,0,0
V02387,R003,VOYAGE,2025-01-16,11,52.9,3.9,4.2,9.8,22.1,2.65,0.0,12.8,0,0.0,11.0,0,0
V02971,R004,AIR,2025-01-16,2,33.2,10.3,10.0,9.8,22.1,2.65,0.0,12.8,0,0.0,2.0,0,0
V00095,R004,AIR,2025-01-16,2,21.8,12.5,5.3,9.8,22.1,2.65,0.0,12.8,0,0.33,2.33,1,1
V01415,R005,FIELD,2025-01-17,3,23.6,4.6,3.3,2.2,17.2,0.0,0.445,14.1,0,0.28,3.28,0,0
V01015,R002,VOYAGE,2025-01-17,20,45.5,4.9,12.5,30.2,12.4,2.12,0.0,17.5,0,0.3,20.3,0,0
V00303,R004,AIR,2025-01-17,2,46.0,17.7,5.2,10.8,19.1,2.36,0.013,14.4,0,0.0,2.0,0,0
V01939,R005,FIELD,2025-01-17,3,42.9,16.0,5.0,2.2,17.2,0.0,0.445,14.1,0,0.0,3.0,0,0
V01371,R003,VOYAGE,2025-01-17,13,58.4,18.8,2.9,10.8,19.1,2.36,0.013,14.4,0,3.4,16.4,1,0
V01743,R004,AIR,2025-01-17,2,21.8,19.4,15.6,10.8,19.1,2.36,0.013,14.4,0,0.0,2.0,0,0
V01740,R004,AIR,2025-01-17,2,31.7,17.9,9.2,10.8,19.1,2.36,0.013,14.4,0,0.0,2.0,0,0
V02214,R005,FIELD,2025-01-17,3,24.3,21.8,7.6,2.2,17.2,0.0,0.445,14.1,0,0.0,3.0,0,0
V01831,R003,VOYAGE,2025-01-17,12,55.9,6.5,10.1,10.8,19.1,2.36,0.013,14.4,0,1.48,13.48,1,0
V01380,R005,FIELD,2025-01-18,3,50.6,23.3,10.3,1.7,14.7,0.0,0.416,17.6,0,0.0,3.0,0,0
V01589,R004,AIR,2025-01-18,2,27.5,12.0,5.7,10.1,23.1,2.28,0.03,13.6,0,0.0,2.0,0,0
V02814,R003,VOYAGE,2025-01-18,12,35.5,16.0,13.5,10.1,23.1,2.28,0.03,13.6,0,2.01,14.01,1,0
V00722,R004,AIR,2025-01-18,2,15.0,16.8,5.5,10.1,23.1,2.28,0.03,13.6,0,0.14,2.14,0,0
V00730,R004,AIR,2025-01-18,2,2.0,11.5,2.2,10.1,23.1,2.28,0.03,13.6,0,0.0,2.0,0,0
V03155,R003,VOYAGE,2025-01-18,12,33.3,9.3,2.6,10.1,23.1,2.28,0.03,13.6,0,0.0,12.0,0,0
V00124,R003,VOYAGE,2025-01-18,11,45.4,16.6,1.1,10.1,23.1,2.28,0.03,13.6,0,1.01,12.01,0,0
V00269,R003,VOYAGE,2025-01-19,13,25.0,21.0,11.6,10.1,21.3,2.27,0.0,13.5,0,0.0,13.0,0,0
V00248,R003,VOYAGE,2025-01-19,12,24.1,18.7,12.7,10.1,21.3,2.27,0.0,13.5,0,0.0,12.0,0,0
V02273,R003,VOYAGE,2025-01-19,13,36.3,16.3,12.8,10.1,21.3,2.27,0.0,13.5,0,0.0,13.0,0,0
V00013,R005,FIELD,2025-01-19,3,33.2,13.0,5.7,2.1,13.4,0.0,0.447,18.6,0,0.0,3.0,0,1
V00415,R003,VOYAGE,2025-01-19,11,25.4,18.7,7.6,10.1,21.3,2.27,0.0,13.5,0,0.0,11.0,0,0
V02578,R005,FIELD,2025-01-19,3,66.0,14.7,10.5,2.1,13.4,0.0,0.447,18.6,0,0.0,3.0,0,0
V01789,R004,AIR,2025-01-19,2,36.8,7.3,10.9,10.1,21.3,2.27,0.0,13.5,0,0.0,2.0,0,0
V02576,R003,VOYAGE,2025-01-19,11,43.2,8.0,13.6,10.1,21.3,2.27,0.0,13.5,0,0.0,11.0,0,0
V00571,R004,AIR,2025-01-19,2,32.1,9.2,4.7,10.1,21.3,2.27,0.0,13.5,0,0.0,2.0,0,0
V01053,R002,VOYAGE,2025-01-19,20,48.3,9.0,16.2,31.9,6.7,2.13,0.0,18.6,0,0.0,20.0,0,0
V00784,R001,VOYAGE,2025-01-20,2,36.4,16.1,6.7,31.5,13.8,3.36,0.0,15.9,0,0.0,2.0,0,0
V02723,R003,VOYAGE,2025-01-20,12,90.0,12.5,3.4,12.5,22.4,2.13,0.0,11.4,0,2.28,14.28,1,0
V02630,R003,VOYAGE,2025-01-20,11,13.1,17.4,17.5,12.5,22.4,2.13,0.0,11.4,0,0.0,11.0,0,0
V00516,R003,VOYAGE,2025-01-21,11,40.6,19.1,0.5,11.1,17.0,1.75,0.0,13.4,0,1.07,12.07,0,0
V02359,R003,VOYAGE,2025-01-21,13,35.4,11.2,4.3,11.1,17.0,1.75,0.0,13.4,0,2.19,15.19,1,0
V01548,R004,AIR,2025-01-21,2,46.7,20.9,6.0,11.1,17.0,1.75,0.0,13.4,0,0.21,2.21,1,0
V01652,R004,AIR,2025-01-21,2,50.9,26.5,3.4,11.1,17.0,1.75,0.0,13.4,0,0.0,2.0,0,0
V02802,R004,AIR,2025-01-21,2,52.2,9.3,10.6,11.1,17.0,1.75,0.0,13.4,0,0.0,2.0,0,0
V02067,R004,AIR,2025-01-21,2,64.8,14.4,4.9,11.1,17.0,1.75,0.0,13.4,0,0.0,2.0,0,0
V01179,R005,FIELD,2025-01-22,3,18.6,10.0,0.6,3.4,10.1,0.0,0.385,17.3,0,0.0,3.0,0,0
V00701,R003,VOYAGE,2025-01-22,12,17.5,12.2,8.9,10.3,16.0,1.97,0.0,15.9,0,0.0,12.0,0,0
V01135,R005,FIELD,2025-01-22,3,37.8,16.4,12.0,3.4,10.1,0.0,0.385,17.3,0,0.1,3.1,0,0
V00377,R001,VOYAGE,2025-01-22,2,53.2,8.7,3.6,29.5,17.0,3.1,0.0,13.9,0,0.0,2.0,0,0
V02892,R005,FIELD,2025-01-23,3,40.1,12.0,4.9,3.5,14.2,0.0,0.458,17.5,0,0.52,3.52,1,0
V01686,R005,FIELD,2025-01-23,3,40.6,15.9,5.3,3.5,14.2,0.0,0.458,17.5,0,0.0,3.0,0,0
V01936,R005,FIELD,2025-01-23,3,22.1,19.2,6.2,3.5,14.2,0.0,0.458,17.5,0,0.0,3.0,0,0
V00069,R004,AIR,2025-01-23,2,49.0,18.2,4.3,8.3,20.9,2.65,0.0,15.5,0,0.19,2.19,0,0
V01968,R004,AIR,2025-01-24,2,45.2,13.2,8.5,9.3,18.8,2.61,0.0,14.8,0,0.0,2.0,0,1
V00727,R004,AIR,2025-01-24,2,37.7,11.1,12.3,9.3,18.8,2.61,0.0,14.8,0,0.0,2.0,0,0
V00843,R005,FIELD,2025-01-24,3,27.7,18.9,0.5,5.6,14.6,0.0,0.456,16.5,0,0.47,3.47,1,0
V01529,R004,AIR,2025-01-24,2,69.2,21.9,0.5,9.3,18.8,2.61,0.0,14.8,0,0.22,2.22,1,0
V01265,R002,VOYAGE,2025-01-24,17,51.4,9.4,4.1,27.2,17.4,2.37,0.0,17.4,0,0.0,17.0,0,0
V02210,R005,FIELD,2025-01-25,3,38.0,21.3,9.4,4.0,9.4,0.0,0.498,20.3,0,0.0,3.0,0,0
V00188,R005,FIELD,2025-01-25,3,38.4,6.6,5.1,4.0,9.4,0.0,0.498,20.3,0,0.0,3.0,0,0
V00240,R002,VOYAGE,2025-01-25,18,63.9,10.8,5.3,26.5,19.6,2.13,0.0,13.7,0,1.73,19.73,0,0
V02246,R003,VOYAGE,2025-01-26,13,47.7,24.1,4.7,9.1,14.4,2.48,0.0,14.6,0,2.88,15.88,1,0
V01257,R005,FIELD,2025-01-26,3,61.1,18.9,11.1,0.4,15.0,0.0,0.533,14.4,0,0.0,3.0,0,0
V00841,R005,FIELD,2025-01-26,3,37.7,11.4,17.2,0.4,15.0,0.0,0.533,14.4,0,0.0,3.0,0,0
V00564,R004,AIR,2025-01-26,2,26.1,15.5,13.8,9.1,14.4,2.48,0.0,14.6,0,0.0,2.0,0,0
V01825,R001,VOYAGE,2025-01-26,2,32.7,20.6,13.9,26.3,15.7,1.65,0.0,16.4,0,0.0,2.0,0,0
V02000,R003,VOYAGE,2025-01-26,12,60.7,18.0,10.3,9.1,14.4,2.48,0.0,14.6,0,0.0,12.0,0,0
V01205,R003,VOYAGE,2025-01-26,12,11.7,14.5,10.8,9.1,14.4,2.48,0.0,14.6,0,0.0,12.0,0,0
V01921,R003,VOYAGE,2025-01-27,11,40.2,12.6,9.9,6.2,13.8,1.68,0.0,16.8,0,0.0,11.0,0,0
V01729,R003,VOYAGE,2025-01-27,12,60.2,10.0,0.5,6.2,13.8,1.68,0.0,16.8,0,0.0,12.0,0,0
V02731,R004,AIR,2025-01-27,2,43.8,18.7,5.6,6.2,13.8,1.68,0.0,16.8,0,0.0,2.0,0,0
V02138,R005,FIELD,2025-01-27,3,11.1,17.3,12.9,-1.5,17.6,0.0,0.513,16.1,0,0.0,3.0,0,0
V01072,R005,FIELD,2025-01-27,3,49.5,13.0,12.1,-1.5,17.6,0.0,0.513,16.1,0,0.0,3.0,0,0
V01080,R004,AIR,2025-01-27,2,32.3,17.4,11.0,6.2,13.8,1.68,0.0,16.8,0,0.0,2.0,0,0
V01546,R003,VOYAGE,2025-01-27,11,53.8,18.0,8.8,6.2,13.8,1.68,0.0,16.8,0,0.0,11.0,0,0
V02922,R005,FIELD,2025-01-28,3,55.7,20.1,16.0,-3.1,13.3,0.0,0.462,14.4,0,0.4,3.4,1,0
V01235,R005,FIELD,2025-01-28,3,22.8,16.3,10.7,-3.1,13.3,0.0,0.462,14.4,0,0.0,3.0,0,0
V02168,R005,FIELD,2025-01-28,3,48.2,12.0,5.4,-3.1,13.3,0.0,0.462,14.4,0,0.0,3.0,0,0
V01668,R003,VOYAGE,2025-01-28,12,19.5,25.6,8.1,6.9,14.8,2.03,0.0,17.8,0,0.0,12.0,0,0
V01551,R001,VOYAGE,2025-01-29,2,56.6,20.6,6.1,27.3,13.9,1.58,0.0,13.8,0,0.0,2.0,0,0
V00583,R003,VOYAGE,2025-01-30,12,12.0,10.3,6.5,6.9,18.5,1.86,0.0,15.8,0,0.94,12.94,0,0
V03069,R002,VOYAGE,2025-01-30,20,51.2,20.5,4.4,28.2,14.4,1.94,0.0,14.0,0,4.3,24.3,1,0
V02091,R003,VOYAGE,2025-01-30,12,43.3,4.5,7.7,6.9,18.5,1.86,0.0,15.8,0,0.0,12.0,0,0
V03058,R003,VOYAGE,2025-01-30,11,36.9,13.4,6.9,6.9,18.5,1.86,0.0,15.8,0,0.0,11.0,0,0
V00723,R005,FIELD,2025-01-30,3,55.4,10.1,8.7,-5.1,11.8,0.0,0.488,14.1,0,0.35,3.35,1,0
V01018,R003,VOYAGE,2025-01-30,12,50.1,25.2,9.3,6.9,18.5,1.86,0.0,15.8,0,0.0,12.0,0,0
V02189,R002,VOYAGE,2025-01-30,17,42.8,8.5,6.9,28.2,14.4,1.94,0.0,14.0,0,0.0,17.0,0,0
V01724,R002,VOYAGE,2025-01-30,18,62.5,16.4,7.6,28.2,14.4,1.94,0.0,14.0,0,0.97,18.97,0,0
V02592,R003,VOYAGE,2025-01-31,12,45.5,9.8,5.8,6.7,21.8,1.44,0.016,15.5,0,2.22,14.22,1,0
V00591,R005,FIELD,2025-01-31,3,24.0,12.9,5.2,-4.6,15.8,0.0,0.497,13.7,0,0.0,3.0,0,0
V00915,R004,AIR,2025-01-31,2,63.1,8.7,14.0,6.7,21.8,1.44,0.016,15.5,0,0.19,2.19,0,0
V02507,R003,VOYAGE,2025-02-01,12,46.7,12.5,6.6,5.7,26.0,1.5,0.0,12.8,0,2.13,14.13,1,0
V01649,R005,FIELD,2025-02-01,3,66.6,13.4,1.9,-3.8,15.5,0.0,0.43,13.7,0,0.37,3.37,1,0
V00977,R005,FIELD,2025-02-01,3,25.3,3.6,6.4,-3.8,15.5,0.0,0.43,13.7,0,0.0,3.0,0,0
V01282,R004,AIR,2025-02-01,2,49.8,7.8,6.8,5.7,26.0,1.5,0.0,12.8,0,0.0,2.0,0,0
V01923,R003,VOYAGE,2025-02-02,13,50.6,11.0,8.8,5.1,23.1,1.01,0.004,16.0,0,0.0,13.0,0,0
V00244,R003,VOYAGE,2025-02-02,12,39.4,20.4,16.8,5.1,23.1,1.01,0.004,16.0,0,0.0,12.0,0,0
V00561,R004,AIR,2025-02-02,2,42.7,23.1,11.8,5.1,23.1,1.01,0.004,16.0,0,0.0,2.0,0,0
V02979,R005,FIELD,2025-02-03,3,25.5,12.8,4.4,-4.1,16.5,0.0,0.406,15.9,0,0.14,3.14,0,0
V02030,R004,AIR,2025-02-03,2,33.7,15.3,3.7,3.9,22.0,1.07,0.0,15.8,0,0.0,2.0,0,0
V01965,R003,VOYAGE,2025-02-04,13,47.1,6.3,10.3,5.4,22.9,1.22,0.0,12.3,0,0.0,13.0,0,0
V00335,R003,VOYAGE,2025-02-04,13,19.2,14.2,11.0,5.4,22.9,1.22,0.0,12.3,0,1.45,14.45,1,0
V00807,R003,VOYAGE,2025-02-04,11,28.8,3.5,9.7,5.4,22.9,1.22,0.0,12.3,0,0.0,11.0,0,0
V01493,R004,AIR,2025-02-04,2,43.4,11.7,9.4,5.4,22.9,1.22,0.0,12.3,0,0.0,2.0,0,0
V00139,R003,VOYAGE,2025-02-04,12,63.3,9.7,7.5,5.4,22.9,1.22,0.0,12.3,0,1.79,13.79,1,0
V01250,R004,AIR,2025-02-05,2,28.5,16.6,11.2,3.9,17.8,1.22,0.0,15.5,0,0.0,2.0,0,0
V00952,R005,FIELD,2025-02-05,3,9.6,16.6,9.1,-1.4,18.7,0.0,0.402,14.6,0,0.0,3.0,0,0
V02562,R004,AIR,2025-02-05,2,45.7,14.8,13.1,3.9,17.8,1.22,0.0,15.5,0,0.11,2.11,0,0
V02201,R004,AIR,2025-02-05,2,37.6,9.2,12.1,3.9,17.8,1.22,0.0,15.5,0,0.07,2.07,0,0
V01885,R004,AIR,2025-02-05,2,46.1,17.0,5.7,3.9,17.8,1.22,0.0,15.5,0,0.0,2.0,0,0
V02409,R005,FIELD,2025-02-06,3,50.4,3.7,5.5,0.8,21.6,0.0,0.516,15.1,0,0.57,3.57,1,0
V00502,R002,VOYAGE,2025-02-06,18,54.1,14.5,1.3,27.5,6.0,0.81,0.0,15.6,0,0.0,18.0,0,0
V01109,R004,AIR,2025-02-06,2,31.5,4.4,9.7,3.7,17.1,1.81,0.025,12.9,0,0.0,2.0,0,0
V00020,R003,VOYAGE,2025-02-06,11,23.9,13.8,3.8,3.7,17.1,1.81,0.025,12.9,0,0.0,11.0,0,0
V02275,R005,FIELD,2025-02-07,3,63.1,11.9,12.8,1.6,19.1,0.0,0.55,14.9,0,0.0,3.0,0,0
V01976,R005,FIELD,2025-02-07,3,48.8,23.6,3.3,1.6,19.1,0.0,0.55,14.9,0,0.13,3.13,0,0
V01662,R003,VOYAGE,2025-02-07,12,28.4,8.6,5.8,4.5,22.8,2.39,0.016,15.9,0,1.64,13.64,1,0
V02712,R004,AIR,2025-02-07,2,35.9,8.2,13.1,4.5,22.8,2.39,0.016,15.9,0,0.27,2.27,1,0
V00336,R004,AIR,2025-02-08,2,67.0,17.9,16.2,7.0,25.0,1.9,0.075,13.3,0,0.0,2.0,0,0
V03126,R002,VOYAGE,2025-02-08,19,61.8,20.1,5.8,26.8,7.0,1.22,0.0,21.0,0,0.0,19.0,0,0
V01114,R001,VOYAGE,2025-02-08,2,58.5,1.0,8.4,26.8,7.0,1.22,0.0,21.0,0,0.0,2.0,0,0
V02963,R005,FIELD,2025-02-09,3,40.2,9.1,1.3,2.0,24.2,0.0,0.53,13.4,0,0.64,3.64,1,0
V03114,R002,VOYAGE,2025-02-09,17,42.8,17.9,10.2,25.0,3.7,1.33,0.0,17.9,0,0.0,17.0,0,0
V01634,R005,FIELD,2025-02-09,3,42.4,19.6,0.5,2.0,24.2,0.0,0.53,13.4,0,0.27,3.27,0,0
V02640,R005,FIELD,2025-02-09,3,39.3,8.9,9.8,2.0,24.2,0.0,0.53,13.4,0,0.0,3.0,0,0
V02692,R003,VOYAGE,2025-02-09,11,45.7,19.7,14.7,6.8,24.3,2.2,0.12,15.2,0,2.24,13.24,1,0
V00990,R003,VOYAGE,2025-02-09,13,35.6,8.1,12.4,6.8,24.3,2.2,0.12,15.2,0,0.0,13.0,0,0
V02137,R005,FIELD,2025-02-09,3,62.1,19.9,8.8,2.0,24.2,0.0,0.53,13.4,0,1.82,4.82,1,0
V00940,R001,VOYAGE,2025-02-09,2,62.1,18.0,13.4,25.0,3.7,1.33,0.0,17.9,0,0.0,2.0,0,0
V00982,R001,VOYAGE,2025-02-09,2,33.7,12.0,7.7,25.0,3.7,1.33,0.0,17.9,0,0.0,2.0,0,0
V02021,R005,FIELD,2025-02-10,3,57.5,29.7,6.6,1.8,24.1,0.0,0.568,14.9,0,0.5,3.5,1,0
V01420,R003,VOYAGE,2025-02-10,12,56.2,17.9,1.4,6.2,24.8,2.3,0.1,12.9,0,2.3,14.3,1,0
V01528,R004,AIR,2025-02-10,2,28.4,16.6,12.9,6.2,24.8,2.3,0.1,12.9,0,0.34,2.34,1,0
V00968,R003,VOYAGE,2025-02-10,12,45.3,21.0,6.7,6.2,24.8,2.3,0.1,12.9,0,0.0,12.0,0,0
V01477,R004,AIR,2025-02-10,2,32.3,15.9,7.7,6.2,24.8,2.3,0.1,12.9,0,0.0,2.0,0,0
V02965,R005,FIELD,2025-02-10,3,69.9,7.5,4.1,1.8,24.1,0.0,0.568,14.9,0,1.13,4.13,1,0
V01299,R004,AIR,2025-02-10,2,40.0,14.8,11.1,6.2,24.8,2.3,0.1,12.9,0,0.26,2.26,1,0
V02475,R003,VOYAGE,2025-02-10,11,41.6,9.3,10.0,6.2,24.8,2.3,0.1,12.9,0,1.84,12.84,1,0
V03052,R003,VOYAGE,2025-02-11,13,30.0,10.4,3.5,6.5,26.9,2.4,0.086,9.7,0,3.22,16.22,1,0
V02206,R004,AIR,2025-02-11,2,32.8,9.4,7.7,6.5,26.9,2.4,0.086,9.7,0,0.0,2.0,0,0
V02549,R001,VOYAGE,2025-02-11,2,44.6,19.3,7.4,27.8,2.4,1.36,0.0,18.6,0,0.0,2.0,0,0
V02433,R004,AIR,2025-02-11,2,30.4,13.9,4.5,6.5,26.9,2.4,0.086,9.7,0,0.65,2.65,1,0
V00926,R003,VOYAGE,2025-02-11,12,40.6,10.6,2.2,6.5,26.9,2.4,0.086,9.7,0,0.0,12.0,0,0
V01245,R005,FIELD,2025-02-11,3,63.3,10.7,12.0,2.3,29.5,0.0,0.622,10.1,0,0.74,3.74,1,0
V00917,R004,AIR,2025-02-11,2,25.1,18.8,6.3,6.5,26.9,2.4,0.086,9.7,0,0.0,2.0,0,0
V00892,R003,VOYAGE,2025-02-12,11,14.0,13.1,0.5,3.2,29.3,2.54,0.054,15.7,0,0.0,11.0,0,0
V00348,R004,AIR,2025-02-12,2,29.5,8.0,7.1,3.2,29.3,2.54,0.054,15.7,0,0.35,2.35,1,0
V00327,R005,FIELD,2025-02-12,3,41.0,17.4,0.5,2.6,39.0,0.0,0.604,5.4,0,2.18,5.18,1,0
V00371,R004,AIR,2025-02-12,2,42.1,17.6,5.9,3.2,29.3,2.54,0.054,15.7,0,0.73,2.73,1,0
V00638,R002,VOYAGE,2025-02-12,18,38.8,7.1,12.2,27.9,8.8,1.57,0.0,17.6,0,0.0,18.0,0,0
V00576,R005,FIELD,2025-02-12,3,43.8,6.5,3.8,2.6,39.0,0.0,0.604,5.4,0,0.6,3.6,1,0
V01944,R005,FIELD,2025-02-12,3,47.8,2.7,5.5,2.6,39.0,0.0,0.604,5.4,0,1.24,4.24,1,0
V03179,R003,VOYAGE,2025-02-12,12,47.8,14.5,8.3,3.2,29.3,2.54,0.054,15.7,0,2.09,14.09,1,0
V01878,R005,FIELD,2025-02-13,3,53.2,12.3,6.3,1.6,36.2,0.0,0.589,10.5,0,0.92,3.92,1,0
V02380,R005,FIELD,2025-02-13,3,55.1,17.4,8.2,1.6,36.2,0.0,0.589,10.5,0,0.46,3.46,1,0
V02046,R003,VOYAGE,2025-02-13,11,36.1,8.5,0.5,1.7,26.6,2.51,0.091,12.7,0,2.68,13.68,1,1
V03195,R004,AIR,2025-02-13,2,36.7,20.9,10.9,1.7,26.6,2.51,0.091,12.7,0,0.14,2.14,0,0
V00221,R005,FIELD,2025-02-14,3,31.9,8.2,11.4,1.1,32.1,0.0,0.551,8.3,0,0.35,3.35,1,0
V01078,R005,FIELD,2025-02-14,3,30.0,3.7,5.3,1.1,32.1,0.0,0.551,8.3,0,0.4,3.4,1,0
V02791,R005,FIELD,2025-02-14,3,35.3,17.8,12.0,1.1,32.1,0.0,0.551,8.3,0,1.4,4.4,1,0
V01194,R003,VOYAGE,2025-02-14,11,49.8,7.8,5.7,1.6,31.9,2.53,0.076,9.6,0,0.67,11.67,0,0
V02089,R001,VOYAGE,2025-02-14,2,23.7,10.4,6.8,30.7,10.3,1.17,0.0,16.6,0,0.01,2.01,0,0
V01324,R003,VOYAGE,2025-02-15,13,48.3,12.4,12.0,1.1,35.6,2.7,0.047,11.8,0,6.07,19.07,1,0
V02938,R005,FIELD,2025-02-15,3,39.8,7.7,9.2,0.3,27.1,0.0,0.577,14.4,0,0.22,3.22,0,0
V03026,R003,VOYAGE,2025-02-15,12,32.7,23.2,5.4,1.1,35.6,2.7,0.047,11.8,0,3.03,15.03,1,0
V03018,R003,VOYAGE,2025-02-15,12,34.9,15.8,12.5,1.1,35.6,2.7,0.047,11.8,0,0.0,12.0,0,0
V02428,R005,FIELD,2025-02-15,3,31.4,15.7,5.1,0.3,27.1,0.0,0.577,14.4,0,0.0,3.0,0,0
V01660,R003,VOYAGE,2025-02-15,11,4.1,14.0,11.0,1.1,35.6,2.7,0.047,11.8,0,1.03,12.03,0,0
V01036,R004,AIR,2025-02-15,2,46.2,23.2,6.6,1.1,35.6,2.7,0.047,11.8,0,0.67,2.67,1,0
V00200,R005,FIELD,2025-02-15,3,30.9,20.4,5.5,0.3,27.1,0.0,0.577,14.4,0,0.25,3.25,0,0
V01474,R005,FIELD,2025-02-15,3,49.2,13.5,3.7,0.3,27.1,0.0,0.577,14.4,0,2.45,5.45,1,1
V00996,R005,FIELD,2025-02-16,3,23.8,12.9,14.8,-1.5,18.5,0.0,0.616,14.0,0,0.0,3.0,0,0
V01636,R004,AIR,2025-02-16,2,50.8,16.6,7.0,-0.7,36.4,3.22,0.075,12.9,0,0.32,2.32,1,0
V02425,R004,AIR,2025-02-16,2,36.0,3.0,9.0,-0.7,36.4,3.22,0.075,12.9,0,0.0,2.0,0,0
V01164,R002,VOYAGE,2025-02-16,19,37.6,11.2,0.5,27.9,5.0,0.88,0.0,20.7,0,0.0,19.0,0,0
V01281,R003,VOYAGE,2025-02-17,12,56.2,11.5,0.5,1.4,31.7,2.69,0.044,10.8,0,3.42,15.42,1,0
V00882,R002,VOYAGE,2025-02-17,19,41.9,11.1,15.7,28.6,6.1,0.25,0.0,18.4,0,0.0,19.0,0,0
V00429,R004,AIR,2025-02-17,2,53.2,6.6,7.0,1.4,31.7,2.69,0.044,10.8,0,0.4,2.4,1,0
V01767,R004,AIR,2025-02-18,2,36.5,29.0,12.2,2.3,27.0,2.1,0.039,12.3,0,0.28,2.28,1,0
V02024,R004,AIR,2025-02-18,2,31.5,8.8,5.1,2.3,27.0,2.1,0.039,12.3,0,0.33,2.33,1,0
V02762,R003,VOYAGE,2025-02-18,12,31.3,14.2,6.0,2.3,27.0,2.1,0.039,12.3,0,0.8,12.8,0,0
V01293,R005,FIELD,2025-02-18,3,44.9,15.7,13.7,-5.8,22.3,0.0,0.518,17.8,0,0.0,3.0,0,0
V01625,R004,AIR,2025-02-19,2,38.5,16.9,8.9,2.9,25.5,2.1,0.052,13.2,0,0.0,2.0,0,0
V00832,R001,VOYAGE,2025-02-19,2,44.6,12.2,3.5,24.5,14.7,0.82,0.0,14.9,0,0.0,2.0,0,0
V01957,R005,FIELD,2025-02-19,3,40.9,17.2,6.5,-5.2,25.6,0.0,0.474,12.8,0,0.62,3.62,1,0
V01523,R005,FIELD,2025-02-19,3,54.2,3.2,14.6,-5.2,25.6,0.0,0.474,12.8,0,0.49,3.49,1,0
V01655,R004,AIR,2025-02-19,2,36.2,11.1,8.8,2.9,25.5,2.1,0.052,13.2,0,0.0,2.0,0,0
V00225,R003,VOYAGE,2025-02-19,12,51.2,9.3,10.1,2.9,25.5,2.1,0.052,13.2,0,0.0,12.0,0,0
V00201,R004,AIR,2025-02-19,2,16.8,4.2,7.7,2.9,25.5,2.1,0.052,13.2,0,0.0,2.0,0,0
V02385,R002,VOYAGE,2025-02-20,18,39.4,13.6,7.8,24.9,14.8,0.82,0.0,18.0,0,0.0,18.0,0,0
V00906,R003,VOYAGE,2025-02-20,12,50.5,9.7,1.2,2.1,25.7,1.77,0.035,11.1,0,4.38,16.38,1,0
V01820,R004,AIR,2025-02-20,2,45.9,14.0,7.4,2.1,25.7,1.77,0.035,11.1,0,0.61,2.61,1,0
V02121,R002,VOYAGE,2025-02-20,18,40.7,19.8,5.4,24.9,14.8,0.82,0.0,18.0,0,0.0,18.0,0,0
V00194,R005,FIELD,2025-02-20,3,36.1,17.8,11.2,-3.3,29.1,0.0,0.488,11.5,0,0.0,3.0,0,0
V01753,R003,VOYAGE,2025-02-20,12,54.4,21.2,4.6,2.1,25.7,1.77,0.035,11.1,0,2.11,14.11,1,0
V00024,R004,AIR,2025-02-21,2,51.2,11.9,8.5,2.7,19.2,0.97,0.025,13.6,0,0.1,2.1,0,0
V02609,R003,VOYAGE,2025-02-21,13,56.1,10.8,10.0,2.7,19.2,0.97,0.025,13.6,0,0.0,13.0,0,0
V02199,R004,AIR,2025-02-21,2,34.3,3.1,0.5,2.7,19.2,0.97,0.025,13.6,0,0.0,2.0,0,0
V03021,R004,AIR,2025-02-21,2,20.3,12.7,6.6,2.7,19.2,0.97,0.025,13.6,0,0.0,2.0,0,0
V02312,R003,VOYAGE,2025-02-21,11,47.2,23.9,8.1,2.7,19.2,0.97,0.025,13.6,0,0.0,11.0,0,0
V01440,R005,FIELD,2025-02-21,3,33.0,16.2,5.0,-2.2,24.4,0.0,0.446,14.3,0,0.34,3.34,1,0
V02056,R003,VOYAGE,2025-02-21,12,51.5,17.8,5.0,2.7,19.2,0.97,0.025,13.6,0,1.54,13.54,1,0
V01731,R003,VOYAGE,2025-02-21,13,34.7,15.4,4.0,2.7,19.2,0.97,0.025,13.6,0,0.0,13.0,0,0
V02641,R005,FIELD,2025-02-22,3,25.3,12.7,12.8,-2.9,20.9,0.0,0.406,15.4,0,0.07,3.07,0,0
V02116,R002,VOYAGE,2025-02-22,17,30.0,14.0,4.6,26.3,19.3,1.34,0.0,15.3,0,0.0,17.0,0,0
V00802,R004,AIR,2025-02-22,2,43.9,21.1,0.9,3.7,21.9,1.22,0.098,16.5,0,0.3,2.3,1,0
V01446,R003,VOYAGE,2025-02-22,12,59.1,25.5,7.2,3.7,21.9,1.22,0.098,16.5,0,1.28,13.28,1,0
V02292,R005,FIELD,2025-02-22,3,21.0,9.7,14.0,-2.9,20.9,0.0,0.406,15.4,0,0.0,3.0,0,0
V00300,R003,VOYAGE,2025-02-22,13,30.8,13.9,4.7,3.7,21.9,1.22,0.098,16.5,0,0.0,13.0,0,0
V00075,R001,VOYAGE,2025-02-22,2,44.4,12.1,9.0,26.3,19.3,1.34,0.0,15.3,0,0.0,2.0,0,0
V02493,R005,FIELD,2025-02-22,3,60.3,18.0,9.6,-2.9,20.9,0.0,0.406,15.4,0,0.0,3.0,0,0
V02321,R005,FIELD,2025-02-22,3,50.4,14.3,8.5,-2.9,20.9,0.0,0.406,15.4,0,0.0,3.0,0,0
V02515,R004,AIR,2025-02-24,2,32.3,34.8,2.1,4.3,28.9,2.36,0.086,10.7,0,0.35,2.35,1,0
V00454,R004,AIR,2025-02-24,2,17.5,18.0,13.8,4.3,28.9,2.36,0.086,10.7,0,0.0,2.0,0,0
V02698,R003,VOYAGE,2025-02-24,13,60.8,8.2,4.8,4.3,28.9,2.36,0.086,10.7,0,2.71,15.71,1,1
V03165,R004,AIR,2025-02-25,2,36.1,14.0,6.9,3.1,25.9,2.33,0.086,12.1,0,0.51,2.51,1,0
V00426,R002,VOYAGE,2025-02-25,18,38.8,20.4,11.4,24.8,7.4,0.2,0.0,17.9,0,0.0,18.0,0,0
V00392,R003,VOYAGE,2025-02-25,11,56.2,19.3,8.0,3.1,25.9,2.33,0.086,12.1,0,1.75,12.75,1,0
V00929,R005,FIELD,2025-02-26,3,68.4,15.4,13.4,-8.8,20.0,0.0,0.506,14.0,0,0.75,3.75,1,0
V00936,R002,VOYAGE,2025-02-26,20,56.8,14.2,5.5,22.4,5.8,0.4,0.0,17.7,0,0.0,20.0,0,0
V03089,R005,FIELD,2025-02-26,3,49.3,13.3,7.4,-8.8,20.0,0.0,0.506,14.0,0,0.35,3.35,1,0
V00735,R004,AIR,2025-02-26,2,61.3,23.7,4.6,3.5,23.0,1.45,0.112,15.2,0,0.0,2.0,0,0
V00969,R002,VOYAGE,2025-02-26,17,29.5,16.3,8.2,22.4,5.8,0.4,0.0,17.7,0,0.0,17.0,0,0
V01563,R002,VOYAGE,2025-02-26,17,36.9,24.2,4.6,22.4,5.8,0.4,0.0,17.7,0,0.0,17.0,0,0
V02117,R003,VOYAGE,2025-02-27,13,41.8,15.0,7.5,5.3,24.4,1.86,0.075,10.2,0,0.0,13.0,0,0
V02825,R002,VOYAGE,2025-02-27,18,54.5,23.4,3.6,21.6,11.7,1.4,0.0,18.2,0,2.21,20.21,1,0
V01243,R003,VOYAGE,2025-02-27,12,65.1,21.4,6.0,5.3,24.4,1.86,0.075,10.2,0,2.62,14.62,1,0
V02440,R002,VOYAGE,2025-02-27,18,32.9,15.5,9.8,21.6,11.7,1.4,0.0,18.2,0,0.0,18.0,0,0
V01875,R003,VOYAGE,2025-02-27,11,42.6,22.5,8.2,5.3,24.4,1.86,0.075,10.2,0,2.16,13.16,1,0
V02986,R004,AIR,2025-02-27,2,49.8,24.9,3.8,5.3,24.4,1.86,0.075,10.2,0,0.86,2.86,1,1
V00140,R005,FIELD,2025-02-27,3,17.3,13.2,2.8,-10.5,20.0,0.0,0.552,13.0,0,0.97,3.97,1,0
V00696,R004,AIR,2025-02-28,2,3.6,14.8,9.1,7.0,24.0,1.99,0.102,13.7,0,0.0,2.0,0,0
V00875,R002,VOYAGE,2025-02-28,17,48.2,18.7,10.9,24.0,10.8,1.59,0.0,16.7,0,0.0,17.0,0,0
V02994,R005,FIELD,2025-02-28,3,30.4,12.4,1.5,-7.5,26.0,0.0,0.538,12.8,0,0.37,3.37,1,0
V01932,R005,FIELD,2025-02-28,3,21.7,23.4,9.2,-7.5,26.0,0.0,0.538,12.8,0,0.0,3.0,0,0
V01427,R005,FIELD,2025-02-28,3,36.3,18.4,8.1,-7.5,26.0,0.0,0.538,12.8,0,0.0,3.0,0,0
V02772,R004,AIR,2025-02-28,2,34.8,12.1,11.4,7.0,24.0,1.99,0.102,13.7,0,0.29,2.29,1,0
V00193,R003,VOYAGE,2025-02-28,13,46.4,13.3,10.7,7.0,24.0,1.99,0.102,13.7,0,0.0,13.0,0,0
V02025,R002,VOYAGE,2025-02-28,18,53.6,15.7,10.6,24.0,10.8,1.59,0.0,16.7,0,0.0,18.0,0,0
V01613,R005,FIELD,2025-03-01,3,30.1,13.6,10.6,-4.4,28.1,0.0,0.527,9.4,0,0.0,3.0,0,0
V00474,R005,FIELD,2025-03-01,3,32.3,20.0,11.1,-4.4,28.1,0.0,0.527,9.4,0,0.22,3.22,0,0
V03115,R003,VOYAGE,2025-03-01,12,57.5,9.1,0.5,8.6,25.9,1.92,0.119,16.5,0,1.68,13.68,1,0
V01316,R003,VOYAGE,2025-03-01,11,40.3,12.7,0.5,8.6,25.9,1.92,0.119,16.5,0,0.0,11.0,0,0
V00251,R004,AIR,2025-03-01,2,45.6,14.9,8.6,8.6,25.9,1.92,0.119,16.5,0,0.61,2.61,1,1
V01190,R005,FIELD,2025-03-02,3,58.9,9.9,13.3,-3.3,28.2,0.0,0.518,13.5,0,0.0,3.0,0,0
V02794,R003,VOYAGE,2025-03-02,13,59.9,14.7,8.6,8.4,28.0,2.21,0.054,15.2,0,0.0,13.0,0,0
V01738,R005,FIELD,2025-03-02,3,20.7,27.9,5.7,-3.3,28.2,0.0,0.518,13.5,0,0.49,3.49,1,0
V03198,R003,VOYAGE,2025-03-02,12,34.9,10.3,2.0,8.4,28.0,2.21,0.054,15.2,0,3.67,15.67,1,0
V02492,R001,VOYAGE,2025-03-02,2,17.2,18.5,8.5,28.9,2.0,0.48,0.0,16.9,0,0.0,2.0,0,0
V01869,R005,FIELD,2025-03-02,3,35.8,16.8,1.8,-3.3,28.2,0.0,0.518,13.5,0,1.24,4.24,1,0
V00486,R003,VOYAGE,2025-03-02,13,42.3,21.3,6.3,8.4,28.0,2.21,0.054,15.2,0,3.17,16.17,1,0
V02130,R003,VOYAGE,2025-03-02,12,16.4,15.9,9.6,8.4,28.0,2.21,0.054,15.2,0,0.0,12.0,0,0
V01093,R004,AIR,2025-03-02,2,30.0,12.0,10.5,8.4,28.0,2.21,0.054,15.2,0,0.0,2.0,0,0
V01350,R003,VOYAGE,2025-03-02,13,36.1,8.5,6.9,8.4,28.0,2.21,0.054,15.2,0,3.68,16.68,1,0
V02228,R003,VOYAGE,2025-03-02,12,39.1,17.7,1.7,8.4,28.0,2.21,0.054,15.2,0,2.37,14.37,1,0
V00676,R005,FIELD,2025-03-02,3,9.2,8.3,9.4,-3.3,28.2,0.0,0.518,13.5,0,0.11,3.11,0,0
V02506,R004,AIR,2025-03-03,2,59.1,9.7,9.0,7.8,31.6,2.53,0.138,12.0,0,0.29,2.29,1,0
V00795,R005,FIELD,2025-03-03,3,43.5,28.7,0.5,-3.7,33.2,0.0,0.569,10.3,0,0.9,3.9,1,0
V02110,R003,VOYAGE,2025-03-03,11,42.3,16.5,13.9,7.8,31.6,2.53,0.138,12.0,0,1.87,12.87,1,0
V00632,R005,FIELD,2025-03-05,3,36.7,14.4,14.6,-6.2,36.1,0.0,0.56,9.7,0,0.25,3.25,0,0
V00633,R003,VOYAGE,2025-03-05,12,54.9,7.1,4.8,3.4,27.3,2.22,0.169,14.3,0,0.0,12.0,0,0
V01506,R005,FIELD,2025-03-05,3,28.6,11.1,3.7,-6.2,36.1,0.0,0.56,9.7,0,0.9,3.9,1,0
V02972,R003,VOYAGE,2025-03-05,12,57.2,11.4,4.9,3.4,27.3,2.22,0.169,14.3,0,2.23,14.23,1,0
V02858,R003,VOYAGE,2025-03-05,11,24.1,21.5,3.4,3.4,27.3,2.22,0.169,14.3,0,0.0,11.0,0,0
V00468,R001,VOYAGE,2025-03-05,2,36.5,21.1,1.9,26.3,2.0,0.89,0.0,17.7,0,0.08,2.08,0,0
V00189,R004,AIR,2025-03-05,2,39.0,21.9,11.3,3.4,27.3,2.22,0.169,14.3,0,0.16,2.16,0,0
V00818,R003,VOYAGE,2025-03-05,11,18.6,16.3,4.5,3.4,27.3,2.22,0.169,14.3,0,1.48,12.48,1,0
V01838,R005,FIELD,2025-03-05,3,35.5,16.5,7.9,-6.2,36.1,0.0,0.56,9.7,0,0.69,3.69,1,0
V00111,R003,VOYAGE,2025-03-06,12,36.6,20.0,5.6,1.5,25.8,2.64,0.127,12.6,0,0.0,12.0,0,0
V00823,R004,AIR,2025-03-06,2,22.5,13.7,13.1,1.5,25.8,2.64,0.127,12.6,0,0.0,2.0,0,0
V00964,R003,VOYAGE,2025-03-06,12,48.9,11.8,3.0,1.5,25.8,2.64,0.127,12.6,0,1.7,13.7,1,0
V00128,R004,AIR,2025-03-06,2,42.3,8.5,4.6,1.5,25.8,2.64,0.127,12.6,0,0.0,2.0,0,0
V02384,R003,VOYAGE,2025-03-06,12,22.4,13.6,9.6,1.5,25.8,2.64,0.127,12.6,0,1.21,13.21,1,0
V01481,R004,AIR,2025-03-06,2,43.1,12.2,12.3,1.5,25.8,2.64,0.127,12.6,0,0.13,2.13,0,0
V00060,R005,FIELD,2025-03-07,3,19.6,10.7,8.8,-4.0,40.4,0.0,0.656,0.4,1,0.93,3.93,1,1
V00611,R004,AIR,2025-03-07,2,61.5,3.3,7.9,1.6,25.5,2.51,0.144,14.3,0,0.0,2.0,0,0
V01169,R005,FIELD,2025-03-07,3,49.0,19.3,9.4,-4.0,40.4,0.0,0.656,0.4,1,1.29,4.29,1,0
V02128,R002,VOYAGE,2025-03-08,17,44.6,13.3,9.4,31.9,10.2,1.17,0.0,17.1,0,0.97,17.97,0,0
V02405,R002,VOYAGE,2025-03-08,17,55.9,11.9,4.0,31.9,10.2,1.17,0.0,17.1,0,0.0,17.0,0,0
V02300,R005,FIELD,2025-03-08,3,18.9,21.8,5.9,-3.3,41.9,0.0,0.654,0.1,1,1.17,4.17,1,0
V02293,R005,FIELD,2025-03-08,3,33.0,21.4,7.6,-3.3,41.9,0.0,0.654,0.1,1,0.43,3.43,1,0
V02880,R004,AIR,2025-03-08,2,2.0,16.6,10.0,1.7,28.7,2.35,0.093,14.7,0,0.41,2.41,1,0
V02947,R004,AIR,2025-03-09,2,48.1,11.4,16.8,4.2,31.8,2.5,0.16,9.2,0,0.0,2.0,0,0
V00148,R005,FIELD,2025-03-09,3,37.5,5.4,6.9,-1.9,37.9,0.0,0.639,8.8,0,1.12,4.12,1,0
V01117,R003,VOYAGE,2025-03-09,11,36.7,21.3,9.0,4.2,31.8,2.5,0.16,9.2,0,1.84,12.84,1,0
V03000,R005,FIELD,2025-03-09,3,26.6,14.7,5.2,-1.9,37.9,0.0,0.639,8.8,0,1.14,4.14,1,0
V01046,R004,AIR,2025-03-09,2,32.7,22.0,13.2,4.2,31.8,2.5,0.16,9.2,0,0.53,2.53,1,0
V00778,R005,FIELD,2025-03-10,3,57.4,14.5,9.6,0.4,39.1,0.0,0.714,8.7,0,1.22,4.22,1,0
V02846,R003,VOYAGE,2025-03-10,11,46.4,6.2,6.3,6.0,36.0,3.08,0.147,10.8,0,0.0,11.0,0,0
V00190,R004,AIR,2025-03-10,2,41.0,4.6,4.1,6.0,36.0,3.08,0.147,10.8,0,1.18,3.18,1,0
V00238,R005,FIELD,2025-03-10,3,18.0,12.2,9.5,0.4,39.1,0.0,0.714,8.7,0,0.33,3.33,1,0
V00763,R004,AIR,2025-03-10,2,28.5,14.2,11.6,6.0,36.0,3.08,0.147,10.8,0,0.66,2.66,1,0
V00254,R003,VOYAGE,2025-03-10,11,2.2,12.8,7.5,6.0,36.0,3.08,0.147,10.8,0,0.0,11.0,0,0
V02793,R002,VOYAGE,2025-03-10,19,31.9,15.1,5.4,29.8,2.9,0.73,0.0,19.4,0,0.0,19.0,0,0
V00496,R003,VOYAGE,2025-03-11,12,43.1,12.1,6.5,4.6,36.0,2.62,0.219,10.5,0,5.02,17.02,1,0
V02774,R005,FIELD,2025-03-11,3,22.8,17.0,9.4,-1.3,36.0,0.0,0.758,8.3,0,0.86,3.86,1,0
V01648,R004,AIR,2025-03-11,2,34.5,35.0,11.1,4.6,36.0,2.62,0.219,10.5,0,1.27,3.27,1,0
V00712,R005,FIELD,2025-03-11,3,55.3,7.1,3.7,-1.3,36.0,0.0,0.758,8.3,0,0.67,3.67,1,0
V02966,R001,VOYAGE,2025-03-12,2,14.5,11.8,11.5,27.2,9.8,0.2,0.0,16.8,0,0.0,2.0,0,0
V00575,R004,AIR,2025-03-12,2,35.2,4.7,8.8,5.7,34.2,2.81,0.187,10.6,0,1.02,3.02,1,0
V02742,R004,AIR,2025-03-12,2,52.8,16.1,11.6,5.7,34.2,2.81,0.187,10.6,0,0.32,2.32,1,0
V00808,R005,FIELD,2025-03-12,3,63.1,8.8,2.7,2.1,36.0,0.0,0.792,10.2,0,1.79,4.79,1,1
V00872,R005,FIELD,2025-03-12,3,50.8,16.0,5.7,2.1,36.0,0.0,0.792,10.2,0,0.71,3.71,1,0
V00874,R005,FIELD,2025-03-13,3,32.9,7.3,11.4,-2.2,42.9,0.0,0.755,6.9,0,0.39,3.39,1,0
V02256,R005,FIELD,2025-03-13,3,29.3,13.0,8.0,-2.2,42.9,0.0,0.755,6.9,0,0.78,3.78,1,0
V02728,R005,FIELD,2025-03-13,3,43.7,10.9,0.5,-2.2,42.9,0.0,0.755,6.9,0,0.78,3.78,1,0
V00955,R005,FIELD,2025-03-13,3,20.8,19.8,10.3,-2.2,42.9,0.0,0.755,6.9,0,0.87,3.87,1,1
V03187,R005,FIELD,2025-03-13,3,27.0,5.8,1.4,-2.2,42.9,0.0,0.755,6.9,0,1.13,4.13,1,0
V00788,R004,AIR,2025-03-13,2,38.6,19.1,8.7,4.6,32.1,2.48,0.188,11.0,0,0.94,2.94,1,0
V00551,R003,VOYAGE,2025-03-14,13,48.0,12.7,8.4,5.4,25.0,2.28,0.244,13.3,0,3.88,16.88,1,0
V01182,R003,VOYAGE,2025-03-14,13,31.8,7.5,6.8,5.4,25.0,2.28,0.244,13.3,0,1.98,14.98,1,0
V02815,R003,VOYAGE,2025-03-14,11,15.2,7.3,12.8,5.4,25.0,2.28,0.244,13.3,0,0.0,11.0,0,0
V02354,R005,FIELD,2025-03-14,3,40.2,18.5,6.8,-4.1,43.6,0.0,0.719,5.7,0,1.01,4.01,1,0
V02890,R001,VOYAGE,2025-03-16,2,20.4,18.0,11.6,29.2,18.6,0.62,0.0,12.7,0,0.0,2.0,0,0
V03070,R003,VOYAGE,2025-03-16,11,58.3,16.4,8.7,7.7,28.4,2.14,0.244,13.7,0,1.78,12.78,1,0
V02593,R005,FIELD,2025-03-16,3,56.0,15.4,8.2,-3.9,37.0,0.0,0.675,12.0,0,0.0,3.0,0,1
V00617,R003,VOYAGE,2025-03-16,12,31.0,5.4,1.3,7.7,28.4,2.14,0.244,13.7,0,0.0,12.0,0,0
V02390,R003,VOYAGE,2025-03-16,12,40.7,3.6,9.4,7.7,28.4,2.14,0.244,13.7,0,2.46,14.46,1,0
V00588,R004,AIR,2025-03-16,2,30.0,12.5,13.4,7.7,28.4,2.14,0.244,13.7,0,0.0,2.0,0,0
V00519,R004,AIR,2025-03-16,2,2.0,13.5,9.0,7.7,28.4,2.14,0.244,13.7,0,0.0,2.0,0,0
V02448,R004,AIR,2025-03-16,2,23.3,8.6,7.4,7.7,28.4,2.14,0.244,13.7,0,0.94,2.94,1,0
V01244,R005,FIELD,2025-03-17,3,36.2,5.9,8.5,-4.7,35.9,0.0,0.675,10.0,0,1.24,4.24,1,0
V01605,R004,AIR,2025-03-17,2,61.5,18.3,10.8,6.3,29.9,2.86,0.289,12.3,0,1.07,3.07,1,0
V03149,R004,AIR,2025-03-17,2,34.5,10.3,2.9,6.3,29.9,2.86,0.289,12.3,0,0.54,2.54,1,0
V01876,R005,FIELD,2025-03-17,3,18.3,5.1,12.0,-4.7,35.9,0.0,0.675,10.0,0,0.7,3.7,1,1
V02320,R003,VOYAGE,2025-03-17,11,51.2,10.7,12.2,6.3,29.9,2.86,0.289,12.3,0,1.66,12.66,1,0
V00971,R004,AIR,2025-03-18,2,20.2,26.2,4.6,7.3,31.9,2.42,0.264,10.8,0,1.11,3.11,1,0
V02326,R005,FIELD,2025-03-18,3,61.0,16.4,7.7,-5.9,30.6,0.0,0.6,11.3,0,0.0,3.0,0,0
V02190,R005,FIELD,2025-03-18,3,41.8,13.4,4.9,-5.9,30.6,0.0,0.6,11.3,0,0.0,3.0,0,0
V00742,R005,FIELD,2025-03-18,3,38.8,6.4,7.8,-5.9,30.6,0.0,0.6,11.3,0,0.37,3.37,1,0
V01055,R003,VOYAGE,2025-03-18,13,45.1,13.6,6.2,7.3,31.9,2.42,0.264,10.8,0,3.7,16.7,1,0
V01449,R003,VOYAGE,2025-03-18,13,52.9,12.2,2.7,7.3,31.9,2.42,0.264,10.8,0,3.07,16.07,1,0
V02441,R004,AIR,2025-03-18,2,30.6,13.5,2.2,7.3,31.9,2.42,0.264,10.8,0,0.4,2.4,1,0
V01600,R002,VOYAGE,2025-03-19,18,65.9,10.2,1.9,29.4,10.5,0.2,0.0,19.3,0,0.0,18.0,0,0
V02836,R005,FIELD,2025-03-19,3,45.7,10.3,7.1,-2.9,33.0,0.0,0.652,10.6,0,0.0,3.0,0,0
V03122,R003,VOYAGE,2025-03-19,13,51.4,25.5,12.0,3.8,26.6,2.41,0.214,11.3,0,6.4,19.4,1,0
V00725,R001,VOYAGE,2025-03-19,2,21.7,17.0,13.5,29.4,10.5,0.2,0.0,19.3,0,0.0,2.0,0,0
V02365,R003,VOYAGE,2025-03-19,13,2.0,16.1,5.4,3.8,26.6,2.41,0.214,11.3,0,0.96,13.96,0,0
V02621,R002,VOYAGE,2025-03-19,18,9.2,13.8,8.8,29.4,10.5,0.2,0.0,19.3,0,0.16,18.16,0,0
V01990,R004,AIR,2025-03-19,2,12.3,10.2,9.2,3.8,26.6,2.41,0.214,11.3,0,0.0,2.0,0,0
V00607,R004,AIR,2025-03-19,2,50.4,14.3,8.7,3.8,26.6,2.41,0.214,11.3,0,0.32,2.32,1,0
V03066,R001,VOYAGE,2025-03-19,2,37.5,21.8,8.8,29.4,10.5,0.2,0.0,19.3,0,0.0,2.0,0,0
V00505,R003,VOYAGE,2025-03-19,12,40.5,14.8,4.4,3.8,26.6,2.41,0.214,11.3,0,4.16,16.16,1,0
V00580,R004,AIR,2025-03-20,2,46.3,26.6,8.6,5.6,23.4,2.89,0.161,12.8,0,0.77,2.77,1,0
V00793,R004,AIR,2025-03-20,2,23.9,16.0,12.2,5.6,23.4,2.89,0.161,12.8,0,0.0,2.0,0,0
V02349,R005,FIELD,2025-03-20,3,40.3,16.3,14.1,-4.4,34.9,0.0,0.639,9.4,0,0.0,3.0,0,0
V01737,R004,AIR,2025-03-20,2,55.9,14.4,9.0,5.6,23.4,2.89,0.161,12.8,0,0.0,2.0,0,0
V01938,R005,FIELD,2025-03-20,3,31.2,13.9,11.7,-4.4,34.9,0.0,0.639,9.4,0,0.0,3.0,0,0
V00469,R003,VOYAGE,2025-03-20,13,51.4,12.5,6.7,5.6,23.4,2.89,0.161,12.8,0,1.81,14.81,1,0
V02476,R002,VOYAGE,2025-03-21,20,42.6,7.7,5.4,27.3,14.1,0.54,0.0,16.6,0,0.0,20.0,0,0
V00951,R001,VOYAGE,2025-03-21,2,36.4,13.4,9.9,27.3,14.1,0.54,0.0,16.6,0,0.01,2.01,0,0
V01972,R005,FIELD,2025-03-22,3,36.3,9.6,7.5,-4.3,37.7,0.0,0.574,9.6,0,1.0,4.0,1,0
V01076,R005,FIELD,2025-03-22,3,49.4,1.0,5.1,-4.3,37.7,0.0,0.574,9.6,0,0.21,3.21,0,0
V01332,R005,FIELD,2025-03-22,3,34.6,17.0,4.5,-4.3,37.7,0.0,0.574,9.6,0,0.88,3.88,1,0
V00549,R005,FIELD,2025-03-22,3,46.0,20.4,8.4,-4.3,37.7,0.0,0.574,9.6,0,0.53,3.53,1,0
V01246,R005,FIELD,2025-03-22,3,55.6,11.5,15.5,-4.3,37.7,0.0,0.574,9.6,0,0.0,3.0,0,0
V01925,R004,AIR,2025-03-23,2,46.4,15.8,3.9,1.4,27.6,2.16,0.27,13.7,0,0.0,2.0,0,1
V00928,R005,FIELD,2025-03-23,3,37.4,12.7,7.5,-3.6,41.3,0.0,0.602,5.2,0,0.34,3.34,1,1
V02222,R005,FIELD,2025-03-23,3,43.2,8.3,6.9,-3.6,41.3,0.0,0.602,5.2,0,3.4,6.4,1,0
V01631,R003,VOYAGE,2025-03-24,12,55.3,6.6,9.6,1.0,27.1,1.95,0.262,13.1,0,6.23,18.23,1,0
V03050,R004,AIR,2025-03-24,2,18.3,12.3,13.2,1.0,27.1,1.95,0.262,13.1,0,0.0,2.0,0,0
V02113,R003,VOYAGE,2025-03-24,12,47.1,17.2,5.6,1.0,27.1,1.95,0.262,13.1,0,0.0,12.0,0,0
V01598,R002,VOYAGE,2025-03-24,17,25.9,18.7,11.4,28.3,16.8,0.66,0.0,17.1,0,0.56,17.56,0,0
V00436,R003,VOYAGE,2025-03-24,11,51.6,30.7,9.2,1.0,27.1,1.95,0.262,13.1,0,1.47,12.47,1,0
V00441,R002,VOYAGE,2025-03-24,18,47.0,26.5,11.0,28.3,16.8,0.66,0.0,17.1,0,0.0,18.0,0,0
V00732,R001,VOYAGE,2025-03-24,2,22.8,15.9,9.8,28.3,16.8,0.66,0.0,17.1,0,0.01,2.01,0,0
V02436,R004,AIR,2025-03-24,2,26.0,19.8,9.2,1.0,27.1,1.95,0.262,13.1,0,0.56,2.56,1,0
V01204,R003,VOYAGE,2025-03-24,13,16.4,10.0,5.1,1.0,27.1,1.95,0.262,13.1,0,2.17,15.17,1,0
V02610,R003,VOYAGE,2025-03-24,13,45.6,6.2,1.8,1.0,27.1,1.95,0.262,13.1,0,2.62,15.62,1,0
V01935,R005,FIELD,2025-03-25,3,57.5,11.9,8.9,-3.4,39.4,0.0,0.631,0.4,1,1.19,4.19,1,0
V01747,R002,VOYAGE,2025-03-26,17,52.8,9.7,9.8,30.7,20.6,1.26,0.0,14.9,0,0.0,17.0,0,0
V02381,R003,VOYAGE,2025-03-26,11,65.5,21.2,9.7,2.5,33.8,2.63,0.124,9.6,0,5.05,16.05,1,1
V01360,R005,FIELD,2025-03-26,3,11.0,22.6,7.1,-6.3,35.3,0.0,0.618,11.0,0,0.0,3.0,0,0
V02558,R001,VOYAGE,2025-03-26,2,38.2,6.2,9.7,30.7,20.6,1.26,0.0,14.9,0,0.0,2.0,0,0
V01458,R003,VOYAGE,2025-03-26,12,56.0,23.0,2.9,2.5,33.8,2.63,0.124,9.6,0,6.84,18.84,1,0
V00953,R001,VOYAGE,2025-03-27,2,55.8,14.2,10.4,31.5,18.8,1.15,0.0,14.2,0,0.0,2.0,0,0
V01337,R005,FIELD,2025-03-27,3,45.8,6.2,10.7,-6.6,32.9,0.0,0.729,6.7,0,1.81,4.81,1,1
V02083,R005,FIELD,2025-03-28,3,50.5,18.3,7.0,-9.3,27.9,0.0,0.676,12.2,0,0.65,3.65,1,0
V00863,R005,FIELD,2025-03-28,3,37.0,19.8,5.8,-9.3,27.9,0.0,0.676,12.2,0,0.51,3.51,1,0
V00769,R003,VOYAGE,2025-03-28,13,45.4,11.4,11.0,3.3,33.4,2.02,0.285,12.3,0,0.0,13.0,0,0
V01414,R004,AIR,2025-03-29,2,46.3,4.9,6.7,4.7,36.0,2.03,0.295,10.1,0,0.97,2.97,1,0
V00650,R003,VOYAGE,2025-03-29,13,54.0,17.4,7.5,4.7,36.0,2.03,0.295,10.1,0,5.08,18.08,1,0
V02827,R001,VOYAGE,2025-03-29,2,27.6,10.8,1.9,28.5,9.2,0.2,0.0,18.7,0,0.02,2.02,0,0
V02177,R004,AIR,2025-03-29,2,17.1,12.3,7.1,4.7,36.0,2.03,0.295,10.1,0,0.49,2.49,1,0
V02401,R004,AIR,2025-03-29,2,48.4,6.9,7.4,4.7,36.0,2.03,0.295,10.1,0,0.75,2.75,1,0
V03004,R001,VOYAGE,2025-03-29,2,41.0,13.2,4.0,28.5,9.2,0.2,0.0,18.7,0,0.0,2.0,0,0
V00824,R003,VOYAGE,2025-03-29,13,30.9,18.6,9.5,4.7,36.0,2.03,0.295,10.1,0,2.45,15.45,1,0
V03028,R003,VOYAGE,2025-03-29,12,56.3,4.3,7.0,4.7,36.0,2.03,0.295,10.1,0,2.52,14.52,1,0
V00529,R004,AIR,2025-03-29,2,36.0,17.1,10.7,4.7,36.0,2.03,0.295,10.1,0,0.35,2.35,1,0
V01465,R003,VOYAGE,2025-03-29,12,51.3,15.3,10.1,4.7,36.0,2.03,0.295,10.1,0,2.74,14.74,1,0
V03071,R004,AIR,2025-03-30,2,62.8,22.6,7.1,4.6,34.2,2.07,0.309,10.1,0,0.78,2.78,1,0
V01849,R003,VOYAGE,2025-03-30,13,53.2,19.8,4.1,4.6,34.2,2.07,0.309,10.1,0,3.66,16.66,1,0
V02033,R005,FIELD,2025-03-30,3,42.4,9.5,4.5,-8.1,25.5,0.0,0.681,13.4,0,0.0,3.0,0,0
V02203,R003,VOYAGE,2025-03-30,13,26.1,15.7,2.8,4.6,34.2,2.07,0.309,10.1,0,2.58,15.58,1,0
V01070,R003,VOYAGE,2025-03-30,13,71.6,15.1,8.8,4.6,34.2,2.07,0.309,10.1,0,2.57,15.57,1,0
V01254,R004,AIR,2025-03-30,2,55.9,14.7,4.5,4.6,34.2,2.07,0.309,10.1,0,0.67,2.67,1,0
V00435,R003,VOYAGE,2025-03-30,11,58.4,8.3,7.9,4.6,34.2,2.07,0.309,10.1,0,0.0,11.0,0,0
V02449,R002,VOYAGE,2025-03-31,20,22.2,15.6,2.5,26.8,13.7,0.33,0.0,15.6,0,0.38,20.38,0,0
V01860,R001,VOYAGE,2025-04-01,2,55.2,8.8,0.5,27.1,8.1,0.2,0.0,19.4,0,0.04,2.04,0,0
V03111,R003,VOYAGE,2025-04-01,13,36.5,20.2,5.4,2.8,32.6,2.53,0.232,11.9,0,4.0,17.0,1,0
V01574,R002,VOYAGE,2025-04-02,17,61.4,10.8,9.2,26.3,6.4,0.36,0.0,20.7,0,0.0,17.0,0,0
V00514,R005,FIELD,2025-04-02,3,30.4,8.3,12.9,-6.8,26.9,0.0,0.658,12.7,0,0.27,3.27,0,0
V01103,R002,VOYAGE,2025-04-03,17,48.1,11.9,8.8,24.9,5.5,0.33,0.0,17.3,0,0.0,17.0,0,0
V02382,R002,VOYAGE,2025-04-04,20,2.0,20.9,8.8,23.3,5.5,0.2,0.0,18.1,0,0.0,20.0,0,0
V02466,R005,FIELD,2025-04-04,3,63.5,7.4,6.5,-7.5,17.0,0.0,0.708,15.5,0,0.24,3.24,0,0
V01952,R001,VOYAGE,2025-04-04,2,30.6,11.6,12.3,23.3,5.5,0.2,0.0,18.1,0,0.0,2.0,0,0
V00007,R001,VOYAGE,2025-04-05,2,38.8,11.5,12.0,21.3,2.0,0.2,0.0,20.0,0,0.0,2.0,0,0
V02523,R002,VOYAGE,2025-04-05,19,32.7,23.2,18.2,21.3,2.0,0.2,0.0,20.0,0,0.25,19.25,0,0
V02931,R004,AIR,2025-04-07,2,22.4,6.7,8.1,8.5,32.8,2.2,0.259,11.3,0,0.53,2.53,1,0
V03141,R002,VOYAGE,2025-04-07,18,57.5,18.0,10.2,20.1,2.0,0.42,0.0,18.7,0,0.0,18.0,0,0
V02539,R002,VOYAGE,2025-04-09,17,41.1,20.9,10.2,19.9,9.9,1.21,0.0,17.9,0,0.0,17.0,0,0
V01423,R001,VOYAGE,2025-04-14,2,19.4,6.8,8.1,22.0,5.1,0.25,0.0,16.7,0,0.0,2.0,0,0
V02264,R002,VOYAGE,2025-04-16,20,53.6,6.8,4.8,22.7,2.6,0.2,0.0,17.0,0,0.0,20.0,0,0
V00574,R002,VOYAGE,2025-04-16,17,44.6,12.3,1.5,22.7,2.6,0.2,0.0,17.0,0,0.0,17.0,0,0
V02808,R001,VOYAGE,2025-04-18,2,36.3,22.1,5.2,24.3,2.9,0.2,0.0,19.8,0,0.0,2.0,0,0
V01741,R002,VOYAGE,2025-04-19,19,44.0,10.8,7.1,25.8,7.3,0.2,0.0,17.5,0,0.0,19.0,0,0
V01794,R002,VOYAGE,2025-04-20,18,27.5,13.6,6.2,26.7,2.7,0.2,0.0,19.1,0,0.0,18.0,0,0
V02352,R005,FIELD,2025-04-21,3,61.9,17.3,6.9,-7.3,32.9,0.0,0.652,11.0,0,0.7,3.7,1,1
V00799,R004,AIR,2025-04-22,2,52.1,7.5,7.9,-2.1,20.1,2.59,0.309,15.7,0,0.69,2.69,1,0
V02810,R002,VOYAGE,2025-04-22,17,40.2,12.1,15.6,24.6,5.4,0.2,0.0,16.8,0,0.0,17.0,0,0
V02730,R002,VOYAGE,2025-04-24,18,63.2,24.8,16.6,27.1,9.0,0.2,0.0,18.5,0,0.32,18.32,0,0
V00142,R001,VOYAGE,2025-04-24,2,29.5,14.8,6.2,27.1,9.0,0.2,0.0,18.5,0,0.0,2.0,0,0
V01398,R002,VOYAGE,2025-04-26,17,27.6,14.4,9.8,28.5,2.0,0.2,0.0,20.5,0,0.16,17.16,0,0
V02975,R002,VOYAGE,2025-04-26,17,7.6,14.4,7.9,28.5,2.0,0.2,0.0,20.5,0,0.0,17.0,0,0
V00280,R002,VOYAGE,2025-04-30,18,11.0,14.7,5.2,26.7,5.2,0.28,0.0,20.7,0,0.0,18.0,0,0
V00270,R002,VOYAGE,2025-05-02,19,25.5,17.4,6.3,25.0,11.0,0.68,0.0,14.4,0,0.0,19.0,0,0
V03159,R002,VOYAGE,2025-05-02,20,49.0,18.9,13.2,25.0,11.0,0.68,0.0,14.4,0,0.0,20.0,0,0
V02511,R002,VOYAGE,2025-05-03,17,15.8,12.4,7.1,24.2,13.6,1.5,0.0,16.4,0,0.0,17.0,0,0
V03063,R004,AIR,2025-05-04,2,53.7,16.5,11.2,-2.7,36.6,2.64,0.471,12.0,0,0.38,2.38,1,0
V02007,R002,VOYAGE,2025-05-04,19,16.6,13.8,7.3,27.4,11.3,1.52,0.0,16.2,0,0.0,19.0,0,0
V01313,R002,VOYAGE,2025-05-04,18,40.1,12.4,13.7,27.4,11.3,1.52,0.0,16.2,0,0.3,18.3,0,0
V02229,R001,VOYAGE,2025-05-04,2,41.6,1.2,12.0,27.4,11.3,1.52,0.0,16.2,0,0.0,2.0,0,0
V00406,R003,VOYAGE,2025-05-04,12,30.1,10.0,3.5,-2.7,36.6,2.64,0.471,12.0,0,2.99,14.99,1,0
V01183,R002,VOYAGE,2025-05-05,18,35.6,6.6,2.7,26.1,11.4,1.44,0.0,14.5,0,0.0,18.0,0,0
V00121,R002,VOYAGE,2025-05-09,17,43.3,15.0,12.9,23.6,2.9,0.2,0.0,18.3,0,0.0,17.0,0,0
V01123,R004,AIR,2025-05-10,2,29.7,8.2,3.5,-1.3,31.1,2.99,0.526,11.2,0,0.27,2.27,1,0
V00401,R002,VOYAGE,2025-05-12,18,34.5,14.3,5.1,23.9,2.0,0.2,0.0,21.1,0,0.0,18.0,0,0
V02357,R001,VOYAGE,2025-05-13,2,28.3,11.2,10.2,25.2,2.0,0.54,0.0,19.2,0,0.0,2.0,0,0
V01248,R004,AIR,2025-05-14,2,41.2,5.2,8.4,-4.1,25.6,2.25,0.67,11.8,0,1.24,3.24,1,0
V02897,R002,VOYAGE,2025-05-15,18,45.2,17.6,8.9,27.7,2.8,1.12,0.0,19.8,0,0.0,18.0,0,0
V01192,R003,VOYAGE,2025-05-16,12,50.9,17.0,6.8,-5.9,28.4,1.98,0.669,14.6,0,1.54,13.54,1,0
V00137,R005,FIELD,2025-05-16,3,45.3,18.7,0.5,-16.1,21.5,0.0,0.854,13.9,0,0.75,3.75,1,0
V00122,R002,VOYAGE,2025-05-19,18,22.6,27.2,5.8,31.6,17.1,1.54,0.0,13.4,0,0.0,18.0,0,0
V00737,R002,VOYAGE,2025-05-20,20,54.2,14.9,3.9,29.2,13.0,2.33,0.0,15.6,0,0.0,20.0,0,0
V01147,R004,AIR,2025-05-24,2,43.2,13.6,5.6,-6.8,35.9,2.35,0.689,11.5,0,1.8,3.8,1,0
V00368,R005,FIELD,2025-05-24,3,58.5,24.5,8.9,-17.9,22.6,0.0,0.986,12.8,0,0.98,3.98,1,0
V02586,R001,VOYAGE,2025-05-24,2,19.4,11.8,4.7,32.7,15.8,2.81,0.0,17.0,0,0.0,2.0,0,0
V01315,R001,VOYAGE,2025-05-25,2,37.3,6.8,15.4,32.7,14.6,2.76,0.0,15.3,0,0.0,2.0,0,0
V02491,R002,VOYAGE,2025-05-27,18,21.4,26.5,4.6,29.4,20.9,2.6,0.0,16.5,0,0.0,18.0,0,0
V00584,R001,VOYAGE,2025-05-29,2,56.8,3.4,9.9,24.2,19.2,2.11,0.0,14.0,0,0.0,2.0,0,0
V02868,R001,VOYAGE,2025-05-31,2,35.9,22.5,3.2,25.2,18.1,1.68,0.0,18.0,0,0.0,2.0,0,0
V00511,R001,VOYAGE,2025-06-01,2,24.0,17.4,4.2,26.4,16.8,1.35,0.0,15.3,0,0.0,2.0,0,0
V00640,R002,VOYAGE,2025-06-02,17,35.4,3.7,10.5,26.8,16.5,1.38,0.0,17.5,0,0.0,17.0,0,0
V01363,R001,VOYAGE,2025-06-04,2,43.9,9.2,7.8,25.2,14.1,1.89,0.0,15.3,0,0.0,2.0,0,0
V02134,R001,VOYAGE,2025-06-05,2,27.6,13.1,0.5,24.9,16.2,2.59,0.0,14.7,0,0.05,2.05,0,0
V01909,R001,VOYAGE,2025-06-05,2,59.6,13.4,9.4,24.9,16.2,2.59,0.0,14.7,0,0.0,2.0,0,0
V00884,R001,VOYAGE,2025-06-07,2,63.4,12.4,4.7,19.7,18.6,2.32,0.0,17.0,0,0.12,2.12,0,0
V00783,R002,VOYAGE,2025-06-09,19,25.8,15.9,7.6,20.7,16.1,2.2,0.0,16.3,0,0.0,19.0,0,0
V02660,R005,FIELD,2025-06-10,3,61.6,14.7,9.0,-19.0,37.4,0.0,0.752,8.1,0,2.05,5.05,1,0
V01473,R001,VOYAGE,2025-06-10,2,27.3,12.1,11.6,22.4,18.1,2.03,0.0,14.7,0,0.0,2.0,0,0
V02154,R001,VOYAGE,2025-06-10,2,54.6,14.7,6.7,22.4,18.1,2.03,0.0,14.7,0,0.0,2.0,0,0
V01827,R001,VOYAGE,2025-06-11,2,48.9,29.3,10.1,24.3,17.9,1.76,0.0,13.4,0,0.0,2.0,0,0
V02854,R002,VOYAGE,2025-06-12,18,2.0,22.8,1.1,23.3,20.4,2.18,0.0,14.7,0,0.0,18.0,0,0
V02469,R001,VOYAGE,2025-06-13,2,50.2,8.1,12.3,24.3,23.9,2.05,0.0,11.3,0,0.0,2.0,0,0
V03168,R001,VOYAGE,2025-06-15,2,44.9,22.3,10.9,20.5,26.3,1.5,0.0,11.4,0,0.25,2.25,1,0
V01677,R001,VOYAGE,2025-06-16,2,44.6,8.7,7.9,21.2,16.3,1.34,0.0,14.7,0,0.0,2.0,0,0
V02796,R001,VOYAGE,2025-06-17,2,48.3,8.5,11.2,20.8,22.0,2.34,0.0,13.7,0,0.0,2.0,0,0
V00714,R001,VOYAGE,2025-06-17,2,34.1,20.5,4.7,20.8,22.0,2.34,0.0,13.7,0,0.0,2.0,0,0
V01294,R001,VOYAGE,2025-06-18,2,33.1,16.7,7.2,20.6,22.4,2.49,0.0,12.2,0,0.0,2.0,0,0
V02079,R001,VOYAGE,2025-06-23,2,46.4,10.4,11.8,22.9,16.4,1.43,0.0,14.6,0,0.0,2.0,0,0
V00274,R001,VOYAGE,2025-06-23,2,55.9,7.8,6.7,22.9,16.4,1.43,0.0,14.6,0,0.0,2.0,0,0
V01542,R005,FIELD,2025-06-24,3,37.8,27.5,0.5,-23.1,41.0,0.0,0.934,9.2,0,2.17,5.17,1,0
V01816,R002,VOYAGE,2025-06-24,18,28.9,11.0,0.5,23.5,17.3,1.75,0.0,17.8,0,1.61,19.61,0,0
V02213,R002,VOYAGE,2025-06-25,17,49.3,15.2,3.3,24.1,21.0,1.92,0.0,13.2,0,0.0,17.0,0,0
V01335,R002,VOYAGE,2025-06-26,18,45.4,15.1,10.7,22.6,13.9,1.0,0.0,15.8,0,0.0,18.0,0,0
V01836,R001,VOYAGE,2025-06-29,2,14.7,9.3,12.2,26.0,16.5,0.75,0.0,16.4,0,0.0,2.0,0,0
V02669,R002,VOYAGE,2025-06-29,19,29.9,14.5,2.9,26.0,16.5,0.75,0.0,16.4,0,0.0,19.0,0,0
V00540,R001,VOYAGE,2025-07-01,2,37.7,22.8,14.0,24.5,13.7,1.94,0.0,18.1,0,0.0,2.0,0,0
V01009,R001,VOYAGE,2025-07-01,2,28.1,23.7,3.7,24.5,13.7,1.94,0.0,18.1,0,0.0,2.0,0,0
V01066,R001,VOYAGE,2025-07-03,2,57.5,8.2,2.0,28.3,9.3,1.45,0.0,19.4,0,0.0,2.0,0,0
V00228,R001,VOYAGE,2025-07-04,2,46.7,22.1,7.4,27.8,4.9,1.49,0.0,18.5,0,0.05,2.05,0,0
V02876,R001,VOYAGE,2025-07-05,2,55.8,10.4,8.4,29.3,6.8,0.9,0.0,16.8,0,0.0,2.0,0,0
V02769,R001,VOYAGE,2025-07-06,2,42.5,5.7,10.7,27.3,7.7,0.84,0.0,21.0,0,0.0,2.0,0,0
V02631,R002,VOYAGE,2025-07-07,20,33.7,3.7,3.1,26.7,13.2,1.54,0.0,14.0,0,0.0,20.0,0,0
V01556,R001,VOYAGE,2025-07-08,2,36.5,19.1,6.7,27.1,13.0,1.67,0.0,14.2,0,0.0,2.0,0,0
V02679,R001,VOYAGE,2025-07-08,2,31.1,5.9,11.0,27.1,13.0,1.67,0.0,14.2,0,0.02,2.02,0,0
V01800,R001,VOYAGE,2025-07-09,2,48.9,23.1,11.7,27.2,10.9,1.01,0.0,17.8,0,0.0,2.0,0,0
V00923,R001,VOYAGE,2025-07-13,2,44.2,12.5,2.3,26.9,15.8,1.3,0.0,12.6,0,0.0,2.0,0,0
V02173,R001,VOYAGE,2025-07-13,2,37.0,4.5,15.1,26.9,15.8,1.3,0.0,12.6,0,0.04,2.04,0,0
V01418,R002,VOYAGE,2025-07-14,17,25.6,22.4,13.3,28.6,15.0,1.28,0.0,15.1,0,0.0,17.0,0,0
V02672,R002,VOYAGE,2025-07-14,18,36.9,6.1,17.3,28.6,15.0,1.28,0.0,15.1,0,0.0,18.0,0,0
V03109,R001,VOYAGE,2025-07-16,2,59.3,19.5,5.8,29.7,11.9,1.33,0.0,17.8,0,0.0,2.0,0,0
V01810,R002,VOYAGE,2025-07-16,18,41.3,2.7,8.3,29.7,11.9,1.33,0.0,17.8,0,0.19,18.19,0,0
V00281,R002,VOYAGE,2025-07-17,19,44.1,15.5,4.1,28.3,6.1,1.37,0.0,16.0,0,0.81,19.81,0,0
V01862,R001,VOYAGE,2025-07-18,2,44.4,10.9,11.0,29.6,10.3,1.96,0.0,15.2,0,0.0,2.0,0,0
V00726,R001,VOYAGE,2025-07-19,2,52.3,18.6,8.2,29.8,11.6,2.17,0.0,17.5,0,0.0,2.0,0,0
V00209,R001,VOYAGE,2025-07-22,2,63.8,12.5,16.0,25.7,15.8,2.45,0.0,16.4,0,0.0,2.0,0,0
V01502,R002,VOYAGE,2025-07-22,17,54.0,8.4,11.7,25.7,15.8,2.45,0.0,16.4,0,0.0,17.0,0,0
V00542,R002,VOYAGE,2025-07-22,17,26.1,12.3,6.9,25.7,15.8,2.45,0.0,16.4,0,0.0,17.0,0,0
V00654,R002,VOYAGE,2025-07-22,18,21.0,9.2,5.4,25.7,15.8,2.45,0.0,16.4,0,0.0,18.0,0,0
V01202,R001,VOYAGE,2025-07-22,2,55.4,6.4,5.1,25.7,15.8,2.45,0.0,16.4,0,0.0,2.0,0,0
V01586,R001,VOYAGE,2025-07-24,2,48.8,9.1,4.5,24.8,25.6,2.5,0.0,12.5,0,0.22,2.22,1,0
V00661,R001,VOYAGE,2025-07-25,2,34.0,27.5,0.5,26.3,21.7,1.74,0.0,12.3,0,0.16,2.16,0,0
V02082,R001,VOYAGE,2025-07-25,2,44.6,11.5,7.0,26.3,21.7,1.74,0.0,12.3,0,0.06,2.06,0,0
V02833,R004,AIR,2025-07-25,2,78.5,15.3,5.3,-3.1,27.3,2.25,0.619,8.5,0,0.82,2.82,1,0
V01803,R001,VOYAGE,2025-07-26,2,39.1,15.0,13.1,27.0,21.6,1.38,0.0,14.8,0,0.0,2.0,0,0
V03182,R001,VOYAGE,2025-07-27,2,23.1,21.1,8.8,28.5,20.8,1.3,0.0,15.1,0,0.1,2.1,0,0
V01170,R001,VOYAGE,2025-07-28,2,24.0,1.0,0.8,24.9,21.1,1.47,0.0,15.4,0,0.0,2.0,0,0
V00311,R001,VOYAGE,2025-07-28,2,38.2,6.9,13.5,24.9,21.1,1.47,0.0,15.4,0,0.0,2.0,0,0
V02998,R002,VOYAGE,2025-07-28,20,34.5,13.4,8.9,24.9,21.1,1.47,0.0,15.4,0,0.0,20.0,0,0
V02633,R001,VOYAGE,2025-07-28,2,44.7,15.6,7.5,24.9,21.1,1.47,0.0,15.4,0,0.0,2.0,0,0
V00482,R001,VOYAGE,2025-07-29,2,45.2,22.1,1.7,25.0,17.8,1.86,0.0,15.5,0,0.07,2.07,0,0
V01835,R004,AIR,2025-08-02,2,42.2,19.1,6.2,-3.8,19.5,2.44,0.604,14.1,0,0.64,2.64,1,1
V03105,R001,VOYAGE,2025-08-04,2,37.2,14.0,8.3,24.4,8.4,1.49,0.0,16.6,0,0.02,2.02,0,0
V00382,R001,VOYAGE,2025-08-05,2,51.0,20.5,3.6,27.3,13.1,2.11,0.0,17.7,0,0.0,2.0,0,0
V02954,R002,VOYAGE,2025-08-06,17,61.3,21.8,3.1,25.6,14.8,2.25,0.0,13.7,0,0.0,17.0,0,0
V02163,R002,VOYAGE,2025-08-09,18,34.4,2.0,4.9,26.7,7.1,1.78,0.0,20.4,0,0.0,18.0,0,0
V00062,R001,VOYAGE,2025-08-10,2,46.2,14.5,5.3,26.9,4.7,1.43,0.0,20.3,0,0.0,2.0,0,0
V00974,R002,VOYAGE,2025-08-14,20,38.1,11.7,17.7,27.4,12.3,1.56,0.0,14.8,0,0.0,20.0,0,0
V01714,R003,VOYAGE,2025-08-14,12,61.4,15.1,10.3,0.9,31.4,4.6,0.753,10.9,0,4.32,16.32,1,0
V01963,R001,VOYAGE,2025-08-14,2,45.5,1.0,5.7,27.4,12.3,1.56,0.0,14.8,0,0.0,2.0,0,0
V01670,R002,VOYAGE,2025-08-15,17,50.1,21.9,13.7,28.1,10.9,0.92,0.0,13.2,0,0.0,17.0,0,0
V00464,R001,VOYAGE,2025-08-17,2,44.7,18.0,13.2,28.5,12.5,1.28,0.0,18.2,0,0.0,2.0,0,0
V00051,R001,VOYAGE,2025-08-18,2,53.0,17.9,1.9,29.6,16.1,1.58,0.0,17.9,0,0.0,2.0,0,0
V00563,R001,VOYAGE,2025-08-21,2,23.2,14.5,12.3,28.1,4.8,0.97,0.0,15.3,0,0.0,2.0,0,0
V02254,R001,VOYAGE,2025-08-22,2,31.8,9.6,8.6,24.5,4.5,0.93,0.0,18.2,0,0.01,2.01,0,0
V00734,R005,FIELD,2025-08-22,3,12.3,20.4,4.2,-23.3,21.6,0.0,0.849,15.0,0,0.0,3.0,0,0
V01538,R002,VOYAGE,2025-08-23,20,47.5,14.9,9.2,24.3,2.0,1.02,0.0,18.8,0,0.45,20.45,0,0
V01462,R002,VOYAGE,2025-08-23,18,50.5,21.0,11.6,24.3,2.0,1.02,0.0,18.8,0,0.0,18.0,0,0
V00535,R003,VOYAGE,2025-08-23,12,55.8,13.1,12.6,-4.1,42.4,2.84,0.716,0.1,1,4.99,16.99,1,1
V02735,R002,VOYAGE,2025-08-24,18,45.8,20.4,14.3,23.3,5.2,0.86,0.0,20.3,0,0.0,18.0,0,0
V01671,R002,VOYAGE,2025-08-25,19,55.6,17.3,7.0,21.6,5.1,0.87,0.0,20.5,0,0.0,19.0,0,0
V01037,R002,VOYAGE,2025-08-27,18,41.0,4.3,12.9,24.9,9.0,0.4,0.0,15.5,0,0.0,18.0,0,0
V01984,R003,VOYAGE,2025-08-28,13,43.8,10.0,13.4,-0.2,35.2,3.67,0.483,10.1,0,3.64,16.64,1,0
V03124,R002,VOYAGE,2025-08-29,20,42.7,19.2,13.4,23.9,7.4,0.85,0.0,18.7,0,0.0,20.0,0,0
V01137,R001,VOYAGE,2025-08-29,2,36.6,11.7,12.1,23.9,7.4,0.85,0.0,18.7,0,0.0,2.0,0,0
V01010,R004,AIR,2025-09-02,2,2.0,16.2,4.9,3.7,29.8,2.21,0.57,10.3,0,0.58,2.58,1,1
V01641,R005,FIELD,2025-09-03,3,17.2,5.3,1.6,-20.9,35.0,0.0,0.876,10.7,0,1.09,4.09,1,0
V00351,R002,VOYAGE,2025-09-04,20,39.7,8.8,5.9,22.7,11.5,1.07,0.0,16.5,0,0.0,20.0,0,0
V00786,R002,VOYAGE,2025-09-04,19,50.6,7.1,7.5,22.7,11.5,1.07,0.0,16.5,0,0.0,19.0,0,0
V01403,R002,VOYAGE,2025-09-05,20,13.3,20.1,9.4,22.9,13.0,1.64,0.0,16.9,0,0.0,20.0,0,0
V01805,R002,VOYAGE,2025-09-05,19,55.4,20.6,6.4,22.9,13.0,1.64,0.0,16.9,0,0.4,19.4,0,0
V02766,R001,VOYAGE,2025-09-05,2,46.3,14.7,3.7,22.9,13.0,1.64,0.0,16.9,0,0.13,2.13,0,0
V00876,R002,VOYAGE,2025-09-05,18,34.3,12.9,1.8,22.9,13.0,1.64,0.0,16.9,0,3.48,21.48,1,0
V01788,R005,FIELD,2025-09-06,3,35.6,10.9,0.8,-17.9,28.8,0.0,0.867,10.8,0,1.37,4.37,1,0
V01781,R002,VOYAGE,2025-09-06,17,46.8,17.5,8.6,22.5,17.1,1.89,0.0,15.1,0,1.0,18.0,0,0
V00798,R002,VOYAGE,2025-09-08,19,34.7,15.2,0.5,22.2,14.0,1.23,0.0,18.9,0,0.0,19.0,0,0
V00803,R001,VOYAGE,2025-09-09,2,36.5,11.4,6.1,22.7,6.0,1.18,0.0,19.8,0,0.0,2.0,0,0
V00067,R001,VOYAGE,2025-09-09,2,33.0,14.4,5.3,22.7,6.0,1.18,0.0,19.8,0,0.01,2.01,0,0
V02582,R002,VOYAGE,2025-09-11,18,42.7,15.9,5.9,25.3,10.1,1.5,0.0,16.7,0,0.0,18.0,0,0
V00662,R005,FIELD,2025-09-14,3,66.2,1.0,15.4,-16.2,24.1,0.0,0.923,14.0,0,0.0,3.0,0,0
V00489,R001,VOYAGE,2025-09-15,2,65.6,8.3,7.9,29.5,6.9,1.05,0.0,16.1,0,0.0,2.0,0,0
V02956,R001,VOYAGE,2025-09-16,2,46.0,15.1,10.2,28.9,10.3,1.34,0.0,17.0,0,0.0,2.0,0,0
V00260,R001,VOYAGE,2025-09-17,2,28.0,1.1,0.5,31.0,6.2,1.0,0.0,16.5,0,0.0,2.0,0,0
V02418,R001,VOYAGE,2025-09-19,2,52.5,2.8,10.0,30.8,6.8,1.39,0.0,20.6,0,0.02,2.02,0,0
V02637,R003,VOYAGE,2025-09-19,13,58.0,26.0,7.5,-2.9,28.3,3.07,0.582,12.8,0,6.17,19.17,1,0
V02602,R001,VOYAGE,2025-09-20,2,14.6,12.6,10.3,29.8,5.7,1.62,0.0,18.5,0,0.0,2.0,0,0
V01174,R001,VOYAGE,2025-09-20,2,22.5,18.8,3.9,29.8,5.7,1.62,0.0,18.5,0,0.0,2.0,0,0
V00888,R001,VOYAGE,2025-09-21,2,7.0,17.4,7.3,28.2,14.0,1.61,0.0,16.4,0,0.01,2.01,0,0
V03102,R001,VOYAGE,2025-09-22,2,10.9,13.3,11.0,27.9,18.2,1.97,0.0,11.9,0,0.08,2.08,0,0
V00590,R001,VOYAGE,2025-09-25,2,61.7,8.5,3.3,27.4,12.4,1.31,0.0,16.8,0,0.0,2.0,0,0
V00282,R001,VOYAGE,2025-09-26,2,54.3,14.3,7.6,26.7,13.0,0.71,0.0,13.1,0,0.0,2.0,0,0
V01888,R004,AIR,2025-09-27,2,32.1,12.3,3.9,-4.3,18.9,3.43,0.44,13.5,0,0.73,2.73,1,0
V00515,R002,VOYAGE,2025-09-28,17,29.5,15.4,6.2,29.4,13.3,1.1,0.0,16.8,0,0.0,17.0,0,0
V00041,R003,VOYAGE,2025-10-01,13,25.7,16.4,6.7,-2.9,22.6,2.49,0.357,14.5,0,3.85,16.85,1,0
V02697,R002,VOYAGE,2025-10-02,17,46.5,14.9,4.5,29.0,7.1,0.81,0.0,16.5,0,0.0,17.0,0,0
V00049,R001,VOYAGE,2025-10-04,2,48.0,17.9,9.3,27.7,7.1,1.11,0.0,19.1,0,0.0,2.0,0,0
V01006,R002,VOYAGE,2025-10-04,19,42.1,13.7,6.3,27.7,7.1,1.11,0.0,19.1,0,0.0,19.0,0,0
V02750,R005,FIELD,2025-10-05,3,22.3,7.1,7.8,-17.0,21.2,0.0,0.978,13.7,0,0.36,3.36,1,0
V02741,R002,VOYAGE,2025-10-06,19,61.7,8.5,9.5,25.4,5.6,0.56,0.0,17.7,0,0.0,19.0,0,0
V01755,R005,FIELD,2025-10-06,3,57.7,10.8,7.4,-14.7,18.8,0.0,0.969,16.1,0,0.0,3.0,0,0
V01812,R001,VOYAGE,2025-10-07,2,54.3,1.0,11.4,25.1,7.4,1.21,0.0,20.1,0,0.0,2.0,0,0
V01635,R002,VOYAGE,2025-10-09,18,45.6,21.9,7.1,25.2,13.5,2.17,0.0,17.6,0,0.92,18.92,0,0
V03154,R001,VOYAGE,2025-10-09,2,46.3,10.4,0.5,25.2,13.5,2.17,0.0,17.6,0,0.0,2.0,0,0
V01672,R001,VOYAGE,2025-10-09,2,77.5,14.0,8.2,25.2,13.5,2.17,0.0,17.6,0,0.0,2.0,0,0
V00165,R005,FIELD,2025-10-09,3,11.9,5.9,10.2,-11.7,22.1,0.0,0.972,13.4,0,0.0,3.0,0,0
V01354,R001,VOYAGE,2025-10-15,2,41.7,8.8,7.3,27.3,11.3,2.01,0.0,15.2,0,0.0,2.0,0,0
V03024,R001,VOYAGE,2025-10-15,2,50.6,8.2,14.4,27.3,11.3,2.01,0.0,15.2,0,0.06,2.06,0,0
V02891,R002,VOYAGE,2025-10-17,17,45.5,28.0,8.3,26.6,13.8,1.59,0.0,14.4,0,0.0,17.0,0,0
V00462,R001,VOYAGE,2025-10-18,2,41.0,6.2,8.4,26.1,11.1,0.71,0.0,18.7,0,0.0,2.0,0,0
V02483,R005,FIELD,2025-10-18,3,2.0,21.5,5.5,-11.9,23.3,0.0,0.863,13.9,0,0.0,3.0,0,0
V02896,R002,VOYAGE,2025-10-18,17,55.3,9.6,15.2,26.1,11.1,0.71,0.0,18.7,0,0.0,17.0,0,0
V00131,R001,VOYAGE,2025-10-18,2,36.7,10.3,5.9,26.1,11.1,0.71,0.0,18.7,0,0.02,2.02,0,0
V00316,R001,VOYAGE,2025-10-21,2,31.5,11.7,9.4,25.3,6.7,1.04,0.0,17.2,0,0.0,2.0,0,0
V00082,R001,VOYAGE,2025-10-22,2,26.8,12.6,3.3,25.9,11.7,0.79,0.0,12.9,0,0.0,2.0,0,0
V01269,R001,VOYAGE,2025-10-23,2,11.5,1.0,10.6,27.7,14.4,1.23,0.0,13.4,0,0.0,2.0,0,0
V02310,R005,FIELD,2025-10-23,3,25.7,18.4,11.0,-11.2,30.7,0.0,0.678,10.9,0,0.29,3.29,0,0
V00538,R002,VOYAGE,2025-10-26,19,30.0,18.2,2.3,24.0,21.9,2.13,0.0,13.3,0,0.0,19.0,0,0
V02411,R001,VOYAGE,2025-10-27,2,55.7,8.7,13.7,25.1,21.0,2.11,0.0,15.1,0,0.0,2.0,0,0
V00508,R002,VOYAGE,2025-10-27,17,55.9,11.9,7.8,25.1,21.0,2.11,0.0,15.1,0,1.33,18.33,0,0
V00610,R002,VOYAGE,2025-10-27,20,30.6,22.8,9.7,25.1,21.0,2.11,0.0,15.1,0,0.55,20.55,0,0
V01707,R002,VOYAGE,2025-10-29,19,26.7,10.4,2.9,28.5,12.7,1.74,0.0,16.1,0,0.0,19.0,0,0
V01514,R001,VOYAGE,2025-10-31,2,77.7,16.6,7.4,28.8,7.3,1.06,0.0,18.1,0,0.0,2.0,0,0
V01160,R004,AIR,2025-11-01,2,8.7,15.5,8.6,2.3,23.7,2.48,0.299,14.2,0,0.0,2.0,0,0
V02517,R004,AIR,2025-11-02,2,82.4,27.3,6.0,5.4,21.5,2.26,0.356,15.2,0,0.77,2.77,1,0
V00081,R001,VOYAGE,2025-11-02,2,16.2,16.4,8.0,27.5,5.4,0.76,0.0,17.6,0,0.02,2.02,0,0
V02770,R003,VOYAGE,2025-11-03,13,30.7,18.8,3.5,6.9,18.2,1.81,0.382,13.4,0,3.69,16.69,1,0
V02557,R003,VOYAGE,2025-11-03,11,40.5,20.4,10.3,6.9,18.2,1.81,0.382,13.4,0,0.0,11.0,0,0
V02250,R003,VOYAGE,2025-11-03,12,62.6,7.6,10.9,6.9,18.2,1.81,0.382,13.4,0,2.22,14.22,1,0
V03001,R003,VOYAGE,2025-11-03,11,42.3,11.7,8.7,6.9,18.2,1.81,0.382,13.4,0,1.37,12.37,1,0
V00719,R004,AIR,2025-11-03,2,22.5,16.4,9.4,6.9,18.2,1.81,0.382,13.4,0,0.21,2.21,1,0
V02031,R003,VOYAGE,2025-11-03,13,36.9,16.3,1.4,6.9,18.2,1.81,0.382,13.4,0,4.25,17.25,1,0
V02408,R005,FIELD,2025-11-03,3,51.6,16.3,10.9,-11.9,22.2,0.0,0.528,16.5,0,0.0,3.0,0,0
V01487,R004,AIR,2025-11-04,2,22.9,13.2,9.1,6.7,14.2,2.6,0.348,18.2,0,0.0,2.0,0,0
V00357,R004,AIR,2025-11-04,2,16.2,9.8,7.0,6.7,14.2,2.6,0.348,18.2,0,0.0,2.0,0,0
V00685,R001,VOYAGE,2025-11-04,2,58.2,4.6,12.0,29.6,7.1,1.92,0.0,18.3,0,0.0,2.0,0,0
V02895,R003,VOYAGE,2025-11-04,12,36.0,12.5,6.7,6.7,14.2,2.6,0.348,18.2,0,0.0,12.0,0,0
V01034,R003,VOYAGE,2025-11-05,12,48.6,11.5,6.7,6.4,17.1,2.73,0.296,14.1,0,3.95,15.95,1,0
V03059,R004,AIR,2025-11-05,2,46.3,22.4,7.6,6.4,17.1,2.73,0.296,14.1,0,0.0,2.0,0,0
V03008,R003,VOYAGE,2025-11-05,13,33.2,22.1,10.7,6.4,17.1,2.73,0.296,14.1,0,3.02,16.02,1,0
V01490,R005,FIELD,2025-11-06,3,52.8,12.8,15.4,-9.6,22.2,0.0,0.507,13.0,0,0.0,3.0,0,0
V00981,R003,VOYAGE,2025-11-06,13,46.0,4.7,2.7,6.4,19.3,2.87,0.225,14.1,0,0.0,13.0,0,0
V03177,R005,FIELD,2025-11-06,3,35.2,14.0,13.5,-9.6,22.2,0.0,0.507,13.0,0,0.19,3.19,0,0
V02445,R002,VOYAGE,2025-11-07,20,50.3,13.7,6.8,28.2,14.3,2.7,0.0,17.7,0,0.0,20.0,0,0
V02393,R005,FIELD,2025-11-07,3,52.1,10.3,8.4,-10.1,18.2,0.0,0.533,13.9,0,0.0,3.0,0,0
V01151,R003,VOYAGE,2025-11-07,12,36.8,8.5,5.6,6.6,25.0,2.84,0.319,13.2,0,2.14,14.14,1,0
V01381,R005,FIELD,2025-11-08,3,48.9,16.6,8.2,-7.9,19.6,0.0,0.478,15.6,0,0.55,3.55,1,0
V00428,R001,VOYAGE,2025-11-08,2,8.9,32.9,12.5,26.3,14.4,2.28,0.0,14.3,0,0.0,2.0,0,0
V02544,R004,AIR,2025-11-09,2,45.6,14.0,11.1,4.0,37.1,3.51,0.212,8.3,0,0.37,2.37,1,0
V01288,R003,VOYAGE,2025-11-09,11,41.2,23.2,8.7,4.0,37.1,3.51,0.212,8.3,0,4.47,15.47,1,1
V01987,R003,VOYAGE,2025-11-09,12,54.7,12.3,15.0,4.0,37.1,3.51,0.212,8.3,0,1.86,13.86,1,0
V02070,R001,VOYAGE,2025-11-10,2,18.8,15.3,10.0,26.3,16.4,1.23,0.0,14.3,0,0.0,2.0,0,0
V00053,R003,VOYAGE,2025-11-10,13,58.7,14.0,8.4,5.4,35.2,2.72,0.221,10.6,0,2.27,15.27,1,0
V02465,R002,VOYAGE,2025-11-10,18,19.4,15.7,3.6,26.3,16.4,1.23,0.0,14.3,0,0.65,18.65,0,0
V01700,R003,VOYAGE,2025-11-10,12,20.0,18.5,10.6,5.4,35.2,2.72,0.221,10.6,0,1.64,13.64,1,0
V00153,R004,AIR,2025-11-10,2,27.0,24.2,6.5,5.4,35.2,2.72,0.221,10.6,0,0.84,2.84,1,0
V00444,R003,VOYAGE,2025-11-11,12,24.5,12.2,6.6,5.2,32.9,2.24,0.151,11.9,0,2.68,14.68,1,0
V02141,R001,VOYAGE,2025-11-11,2,22.7,13.9,9.5,27.5,20.1,1.95,0.0,15.0,0,0.04,2.04,0,0
V03167,R003,VOYAGE,2025-11-11,11,38.3,15.5,12.5,5.2,32.9,2.24,0.151,11.9,0,0.0,11.0,0,0
V03100,R005,FIELD,2025-11-11,3,55.8,10.9,10.7,-9.3,28.7,0.0,0.581,14.9,0,0.91,3.91,1,0
V02235,R005,FIELD,2025-11-12,3,29.7,17.2,9.0,-7.7,31.8,0.0,0.602,11.4,0,0.47,3.47,1,0
V02043,R001,VOYAGE,2025-11-12,2,47.6,14.9,5.4,26.5,20.2,2.24,0.0,15.4,0,0.0,2.0,0,0
V02090,R003,VOYAGE,2025-11-12,11,34.9,12.9,11.7,6.4,27.2,1.99,0.115,13.2,0,0.0,11.0,0,0
V01048,R003,VOYAGE,2025-11-12,12,53.5,1.0,5.7,6.4,27.2,1.99,0.115,13.2,0,3.08,15.08,1,0
V02569,R003,VOYAGE,2025-11-12,12,17.1,9.6,10.5,6.4,27.2,1.99,0.115,13.2,0,1.17,13.17,0,0
V00957,R001,VOYAGE,2025-11-13,2,15.7,21.3,2.9,25.6,14.3,2.69,0.0,16.1,0,0.0,2.0,0,0
V00106,R005,FIELD,2025-11-13,3,35.0,13.7,7.9,-6.5,29.0,0.0,0.599,15.3,0,0.0,3.0,0,0
V02604,R003,VOYAGE,2025-11-14,11,50.3,21.7,7.6,8.6,29.4,2.56,0.18,12.9,0,2.55,13.55,1,0
V02487,R002,VOYAGE,2025-11-15,17,60.6,21.3,8.8,27.8,10.8,2.14,0.0,19.1,0,0.0,17.0,0,0
V01041,R004,AIR,2025-11-15,2,22.9,13.0,8.4,8.4,31.2,2.82,0.163,10.4,0,0.28,2.28,1,0
V02780,R005,FIELD,2025-11-15,3,35.1,1.0,14.8,-4.5,31.6,0.0,0.57,11.8,0,0.41,3.41,1,0
V00512,R004,AIR,2025-11-15,2,55.7,11.7,5.0,8.4,31.2,2.82,0.163,10.4,0,0.68,2.68,1,0
V03199,R005,FIELD,2025-11-16,3,38.7,15.9,16.4,-9.1,25.5,0.0,0.637,13.3,0,0.0,3.0,0,0
V01311,R003,VOYAGE,2025-11-16,11,49.6,21.6,8.7,12.5,26.3,2.58,0.164,15.2,0,4.65,15.65,1,0
V01675,R003,VOYAGE,2025-11-16,12,43.6,10.5,4.8,12.5,26.3,2.58,0.164,15.2,0,1.4,13.4,1,0
V02508,R001,VOYAGE,2025-11-16,2,55.8,11.7,0.5,31.2,16.4,2.25,0.0,17.2,0,0.0,2.0,0,0
V03178,R004,AIR,2025-11-16,2,27.0,9.1,9.9,12.5,26.3,2.58,0.164,15.2,0,0.6,2.6,1,0
V02386,R002,VOYAGE,2025-11-16,18,61.1,12.5,9.5,31.2,16.4,2.25,0.0,17.2,0,2.02,20.02,1,0
V00724,R004,AIR,2025-11-17,2,45.8,1.0,5.3,11.6,27.5,3.09,0.145,12.1,0,0.82,2.82,1,0
V01096,R003,VOYAGE,2025-11-17,12,52.2,7.6,9.8,11.6,27.5,3.09,0.145,12.1,0,2.48,14.48,1,0
V00914,R001,VOYAGE,2025-11-17,2,55.4,4.4,9.6,28.4,18.9,2.5,0.0,15.8,0,0.0,2.0,0,0
V00743,R003,VOYAGE,2025-11-17,12,71.4,11.8,9.0,11.6,27.5,3.09,0.145,12.1,0,8.11,20.11,1,0
V00412,R004,AIR,2025-11-18,2,24.7,3.8,7.4,8.8,28.0,2.44,0.143,11.8,0,0.6,2.6,1,0
V02739,R004,AIR,2025-11-19,2,22.1,10.9,0.5,7.7,28.1,2.74,0.113,14.1,0,0.34,2.34,1,0
V01232,R005,FIELD,2025-11-19,3,46.8,23.1,11.1,-6.5,26.5,0.0,0.647,14.9,0,0.0,3.0,0,0
V02958,R005,FIELD,2025-11-20,3,30.7,19.1,8.5,-9.1,25.1,0.0,0.641,16.3,0,0.0,3.0,0,0
V02412,R005,FIELD,2025-11-20,3,24.5,22.6,10.0,-9.1,25.1,0.0,0.641,16.3,0,0.97,3.97,1,0
V00050,R001,VOYAGE,2025-11-22,2,21.8,15.9,10.0,26.1,14.6,2.07,0.0,15.1,0,0.0,2.0,0,0
V01261,R003,VOYAGE,2025-11-22,12,19.0,16.7,9.6,5.3,36.4,3.01,0.05,8.7,0,6.04,18.04,1,0
V02950,R004,AIR,2025-11-24,2,15.0,15.4,5.8,6.1,32.5,2.79,0.133,14.4,0,0.67,2.67,1,0
V00582,R005,FIELD,2025-11-24,3,23.1,11.4,13.6,-7.2,30.7,0.0,0.636,12.5,0,1.29,4.29,1,0
V02932,R004,AIR,2025-11-24,2,40.9,14.8,0.5,6.1,32.5,2.79,0.133,14.4,0,0.41,2.41,1,0
V01272,R003,VOYAGE,2025-11-24,13,42.7,6.7,1.5,6.1,32.5,2.79,0.133,14.4,0,7.28,20.28,1,0
V01602,R001,VOYAGE,2025-11-24,2,15.8,22.5,8.7,25.7,12.0,1.24,0.0,18.5,0,0.0,2.0,0,0
V03075,R003,VOYAGE,2025-11-26,12,72.5,5.7,7.4,7.1,24.1,1.63,0.049,14.0,0,2.07,14.07,1,0
V00224,R003,VOYAGE,2025-11-27,11,6.7,11.0,7.7,5.7,17.5,1.25,0.05,15.1,0,0.0,11.0,0,0
V00329,R005,FIELD,2025-11-27,3,18.8,10.4,4.4,-6.1,32.5,0.0,0.548,10.2,0,0.0,3.0,0,0
V02258,R003,VOYAGE,2025-11-28,11,39.3,16.3,9.2,3.4,16.8,1.43,0.142,14.8,0,0.0,11.0,0,1
V02927,R004,AIR,2025-11-28,2,30.7,3.9,4.5,3.4,16.8,1.43,0.142,14.8,0,0.24,2.24,1,0
V01576,R001,VOYAGE,2025-11-28,2,21.9,19.3,9.4,25.5,10.9,1.33,0.0,16.7,0,0.0,2.0,0,0
V01136,R003,VOYAGE,2025-11-28,12,45.7,15.8,0.5,3.4,16.8,1.43,0.142,14.8,0,0.0,12.0,0,0
V01638,R003,VOYAGE,2025-11-29,13,24.2,22.2,10.1,1.5,13.3,1.1,0.097,16.5,0,0.0,13.0,0,0
V01593,R001,VOYAGE,2025-11-29,2,52.7,12.6,12.0,27.0,12.2,1.11,0.0,17.9,0,0.0,2.0,0,0
V02226,R003,VOYAGE,2025-11-29,12,62.2,21.9,9.5,1.5,13.3,1.1,0.097,16.5,0,1.33,13.33,1,0
V01426,R002,VOYAGE,2025-11-30,19,34.0,19.2,14.4,27.0,11.3,1.21,0.0,22.0,0,0.0,19.0,0,0
V02987,R003,VOYAGE,2025-11-30,12,31.5,22.6,8.6,2.9,14.3,1.18,0.091,15.9,0,0.52,12.52,0,0
V02970,R001,VOYAGE,2025-11-30,2,56.7,10.9,5.0,27.0,11.3,1.21,0.0,22.0,0,0.0,2.0,0,0
V02688,R001,VOYAGE,2025-11-30,2,48.3,16.8,8.9,27.0,11.3,1.21,0.0,22.0,0,0.0,2.0,0,0
V00370,R005,FIELD,2025-11-30,3,48.7,17.5,3.9,-7.5,34.2,0.0,0.448,12.5,0,0.45,3.45,1,0
V02169,R001,VOYAGE,2025-12-01,2,46.2,13.4,4.1,28.9,4.9,0.78,0.0,19.2,0,0.0,2.0,0,0
V00078,R004,AIR,2025-12-01,2,28.3,19.5,8.4,3.6,18.9,0.88,0.096,12.4,0,0.0,2.0,0,0
V00622,R002,VOYAGE,2025-12-02,18,21.7,19.2,9.6,27.7,5.0,0.92,0.0,17.5,0,0.0,18.0,0,0
V02534,R003,VOYAGE,2025-12-02,12,63.1,16.8,6.3,2.7,13.1,0.71,0.092,16.7,0,0.0,12.0,0,0
V00359,R002,VOYAGE,2025-12-02,19,27.2,10.5,10.7,27.7,5.0,0.92,0.0,17.5,0,0.0,19.0,0,0
V02496,R002,VOYAGE,2025-12-02,17,35.9,18.3,10.4,27.7,5.0,0.92,0.0,17.5,0,0.0,17.0,0,0
V01159,R003,VOYAGE,2025-12-02,12,52.1,17.8,10.1,2.7,13.1,0.71,0.092,16.7,0,0.0,12.0,0,0
V00681,R002,VOYAGE,2025-12-02,19,49.5,15.5,6.1,27.7,5.0,0.92,0.0,17.5,0,0.0,19.0,0,0
V02913,R004,AIR,2025-12-02,2,42.7,13.0,2.3,2.7,13.1,0.71,0.092,16.7,0,0.0,2.0,0,0
V00697,R002,VOYAGE,2025-12-02,18,29.9,9.5,0.5,27.7,5.0,0.92,0.0,17.5,0,0.0,18.0,0,0
V01148,R004,AIR,2025-12-02,2,44.2,16.5,11.4,2.7,13.1,0.71,0.092,16.7,0,0.0,2.0,0,0
V02331,R004,AIR,2025-12-03,2,15.8,11.6,4.5,1.3,13.6,1.33,0.073,16.1,0,0.15,2.15,0,0
V02424,R005,FIELD,2025-12-03,3,37.5,19.0,11.5,-3.3,28.1,0.0,0.534,9.8,0,0.85,3.85,1,0
V00749,R003,VOYAGE,2025-12-03,11,36.7,14.9,5.1,1.3,13.6,1.33,0.073,16.1,0,0.0,11.0,0,0
V02752,R005,FIELD,2025-12-03,3,52.6,12.9,5.8,-3.3,28.1,0.0,0.534,9.8,0,0.21,3.21,0,0
V02522,R005,FIELD,2025-12-04,3,52.8,7.9,8.2,-3.2,27.3,0.0,0.472,15.1,0,0.0,3.0,0,0
V01369,R003,VOYAGE,2025-12-04,12,51.8,7.6,12.7,1.5,13.4,1.69,0.121,16.7,0,0.0,12.0,0,0
V01119,R002,VOYAGE,2025-12-04,17,39.1,13.2,15.9,25.7,5.8,0.43,0.0,17.9,0,0.0,17.0,0,0
V00206,R004,AIR,2025-12-05,2,41.2,5.9,6.3,3.7,20.8,2.06,0.136,14.1,0,0.0,2.0,0,0
V01491,R002,VOYAGE,2025-12-05,20,37.4,10.6,1.9,28.0,4.9,0.86,0.0,17.2,0,0.0,20.0,0,0
V00048,R005,FIELD,2025-12-06,3,31.8,15.4,17.8,-2.1,22.7,0.0,0.526,10.6,0,0.14,3.14,0,0
V01905,R005,FIELD,2025-12-06,3,53.9,20.9,8.3,-2.1,22.7,0.0,0.526,10.6,0,0.0,3.0,0,0
V00626,R003,VOYAGE,2025-12-07,13,12.5,15.4,6.4,2.1,19.0,1.81,0.18,16.0,0,1.15,14.15,0,0
V00275,R003,VOYAGE,2025-12-08,11,36.9,3.7,8.4,0.8,18.1,2.42,0.205,15.7,0,0.0,11.0,0,0
V01373,R005,FIELD,2025-12-08,3,59.8,15.4,8.8,1.0,20.8,0.0,0.554,13.7,0,0.28,3.28,0,0
V02313,R004,AIR,2025-12-09,2,46.2,9.3,6.6,0.9,24.7,3.43,0.256,15.2,0,0.53,2.53,1,0
V02159,R004,AIR,2025-12-09,2,19.9,1.6,4.3,0.9,24.7,3.43,0.256,15.2,0,0.38,2.38,1,0
V00162,R005,FIELD,2025-12-09,3,42.5,6.4,3.3,-0.3,19.0,0.0,0.473,13.5,0,0.0,3.0,0,0
V01291,R003,VOYAGE,2025-12-09,11,28.3,17.6,7.8,0.9,24.7,3.43,0.256,15.2,0,3.14,14.14,1,0
V01345,R001,VOYAGE,2025-12-09,2,63.4,21.6,2.8,29.5,8.0,1.14,0.0,20.7,0,0.0,2.0,0,0
V02725,R004,AIR,2025-12-10,2,36.6,8.7,12.7,2.1,27.3,3.42,0.291,13.1,0,0.31,2.31,1,0
V00396,R005,FIELD,2025-12-10,3,45.1,26.3,12.5,1.9,17.6,0.0,0.438,16.6,0,0.1,3.1,0,0
V00057,R004,AIR,2025-12-10,2,44.2,11.9,7.0,2.1,27.3,3.42,0.291,13.1,0,1.99,3.99,1,0
V00558,R003,VOYAGE,2025-12-11,12,29.9,13.0,7.3,5.7,23.6,3.99,0.361,13.1,0,1.89,13.89,1,0
V01266,R005,FIELD,2025-12-11,3,36.2,19.2,9.2,3.3,17.3,0.0,0.501,16.7,0,0.82,3.82,1,0
V02722,R003,VOYAGE,2025-12-11,13,27.6,3.9,11.2,5.7,23.6,3.99,0.361,13.1,0,6.48,19.48,1,0
V00943,R001,VOYAGE,2025-12-11,2,55.1,19.5,8.2,26.8,8.5,1.7,0.0,17.4,0,0.0,2.0,0,0
V01525,R003,VOYAGE,2025-12-11,11,32.0,16.2,9.6,5.7,23.6,3.99,0.361,13.1,0,2.5,13.5,1,0
V00246,R004,AIR,2025-12-12,2,2.0,17.9,5.8,6.0,22.7,3.38,0.381,14.6,0,0.21,2.21,1,0
V01469,R005,FIELD,2025-12-12,3,40.8,7.4,7.0,2.8,16.2,0.0,0.492,15.9,0,0.0,3.0,0,0
V02055,R003,VOYAGE,2025-12-13,12,31.5,10.6,7.5,5.9,22.1,2.7,0.322,10.8,0,1.26,13.26,1,0
V02601,R004,AIR,2025-12-13,2,46.5,6.7,4.4,5.9,22.1,2.7,0.322,10.8,0,0.56,2.56,1,0
V00703,R003,VOYAGE,2025-12-13,12,32.9,10.9,8.8,5.9,22.1,2.7,0.322,10.8,0,3.68,15.68,1,0
V00424,R005,FIELD,2025-12-13,3,21.8,12.9,12.6,1.4,20.2,0.0,0.583,13.4,0,0.0,3.0,0,0
V00286,R004,AIR,2025-12-14,2,47.1,13.5,11.0,7.1,20.6,2.28,0.33,17.4,0,0.0,2.0,0,0
V00354,R003,VOYAGE,2025-12-14,11,39.0,5.5,6.0,7.1,20.6,2.28,0.33,17.4,0,0.0,11.0,0,0
V00721,R003,VOYAGE,2025-12-14,11,24.2,10.8,14.0,7.1,20.6,2.28,0.33,17.4,0,0.63,11.63,0,0
V02991,R002,VOYAGE,2025-12-14,19,44.0,9.1,8.8,27.5,6.8,1.56,0.0,20.0,0,0.72,19.72,0,0
V03042,R005,FIELD,2025-12-14,3,56.5,15.2,0.6,1.2,21.6,0.0,0.525,13.0,0,0.63,3.63,1,0
V01375,R001,VOYAGE,2025-12-14,2,44.4,15.8,5.9,27.5,6.8,1.56,0.0,20.0,0,0.0,2.0,0,0
V02755,R005,FIELD,2025-12-14,3,58.0,15.2,9.6,1.2,21.6,0.0,0.525,13.0,0,0.36,3.36,1,0
V00566,R003,VOYAGE,2025-12-15,12,12.0,14.6,7.7,7.9,15.0,1.91,0.332,16.2,0,0.0,12.0,0,0
V02626,R002,VOYAGE,2025-12-15,19,49.6,15.5,10.4,28.5,7.9,1.44,0.0,18.4,0,0.0,19.0,0,0
V01322,R001,VOYAGE,2025-12-15,2,2.0,19.9,11.3,28.5,7.9,1.44,0.0,18.4,0,0.0,2.0,0,0
V01089,R003,VOYAGE,2025-12-15,13,21.7,20.0,5.2,7.9,15.0,1.91,0.332,16.2,0,3.26,16.26,1,0
V02212,R004,AIR,2025-12-15,2,18.0,13.2,3.6,7.9,15.0,1.91,0.332,16.2,0,0.11,2.11,0,0
V01585,R001,VOYAGE,2025-12-16,2,51.7,22.2,1.0,29.9,12.1,1.5,0.0,18.2,0,0.0,2.0,0,0
V01725,R002,VOYAGE,2025-12-17,19,37.0,5.5,10.0,30.5,5.2,0.64,0.0,17.5,0,0.0,19.0,0,0
V02019,R005,FIELD,2025-12-17,3,43.3,19.8,4.9,-0.4,24.4,0.0,0.585,13.1,0,0.33,3.33,1,0
V00453,R001,VOYAGE,2025-12-17,2,25.4,20.2,6.4,30.5,5.2,0.64,0.0,17.5,0,0.0,2.0,0,0
V00187,R001,VOYAGE,2025-12-18,2,28.4,12.8,15.1,29.9,2.0,0.42,0.0,20.8,0,0.0,2.0,0,0
V01661,R005,FIELD,2025-12-18,3,47.0,19.7,9.6,-2.2,20.4,0.0,0.565,15.1,0,0.0,3.0,0,0
V02903,R003,VOYAGE,2025-12-19,12,24.1,24.3,2.4,9.1,20.0,1.98,0.254,14.9,0,0.0,12.0,0,0
V03025,R005,FIELD,2025-12-19,3,44.1,15.8,17.0,-2.6,27.2,0.0,0.564,10.1,0,0.0,3.0,0,0
V00776,R002,VOYAGE,2025-12-19,17,52.3,13.6,11.0,28.1,2.4,0.98,0.0,20.7,0,0.31,17.31,0,0
V01331,R003,VOYAGE,2025-12-19,13,62.2,17.0,8.7,9.1,20.0,1.98,0.254,14.9,0,2.96,15.96,1,0
V01035,R003,VOYAGE,2025-12-21,11,40.0,18.4,10.2,9.4,29.6,3.22,0.225,12.2,0,5.43,16.43,1,0
V02430,R003,VOYAGE,2025-12-22,13,40.3,20.8,10.6,11.1,28.8,2.9,0.226,12.2,0,5.3,18.3,1,0
V02158,R005,FIELD,2025-12-22,3,58.0,12.2,9.7,-3.3,36.4,0.0,0.577,12.2,0,0.44,3.44,1,0
V02187,R005,FIELD,2025-12-22,3,41.9,3.4,7.7,-3.3,36.4,0.0,0.577,12.2,0,1.04,4.04,1,0
V00042,R002,VOYAGE,2025-12-22,18,58.2,8.0,5.3,27.5,5.3,0.2,0.0,17.1,0,0.0,18.0,0,0
V02955,R003,VOYAGE,2025-12-22,13,50.7,19.7,0.5,11.1,28.8,2.9,0.226,12.2,0,7.48,20.48,1,0
V02977,R001,VOYAGE,2025-12-23,2,43.2,7.7,8.5,28.9,8.9,1.04,0.0,18.7,0,0.0,2.0,0,0
V00134,R004,AIR,2025-12-23,2,59.8,17.4,9.9,9.5,32.1,2.34,0.152,10.1,0,0.67,2.67,1,0
V00317,R004,AIR,2025-12-23,2,59.1,3.5,4.1,9.5,32.1,2.34,0.152,10.1,0,0.0,2.0,0,0
V01044,R001,VOYAGE,2025-12-24,2,48.2,11.3,2.9,31.0,12.9,1.2,0.0,12.4,0,0.09,2.09,0,0
V01890,R003,VOYAGE,2025-12-24,12,34.1,14.5,1.4,10.1,28.7,1.86,0.173,9.7,0,5.7,17.7,1,0
V01240,R001,VOYAGE,2025-12-24,2,23.6,14.7,6.2,31.0,12.9,1.2,0.0,12.4,0,0.0,2.0,0,0
V01252,R004,AIR,2025-12-24,2,49.4,19.7,3.1,10.1,28.7,1.86,0.173,9.7,0,0.32,2.32,1,0
V02959,R001,VOYAGE,2025-12-24,2,43.6,8.3,10.3,31.0,12.9,1.2,0.0,12.4,0,0.02,2.02,0,0
V02789,R001,VOYAGE,2025-12-24,2,46.3,10.9,9.0,31.0,12.9,1.2,0.0,12.4,0,0.0,2.0,0,0
V02120,R003,VOYAGE,2025-12-24,13,45.5,16.1,5.6,10.1,28.7,1.86,0.173,9.7,0,1.49,14.49,1,0
V01736,R003,VOYAGE,2025-12-25,11,40.7,13.9,1.5,9.7,27.1,2.55,0.168,12.8,0,0.0,11.0,0,0
V00770,R004,AIR,2025-12-25,2,23.3,10.1,8.5,9.7,27.1,2.55,0.168,12.8,0,0.0,2.0,0,0
V02556,R004,AIR,2025-12-26,2,5.6,16.0,7.7,10.6,26.7,2.78,0.161,10.6,0,0.59,2.59,1,0
V01128,R003,VOYAGE,2025-12-27,11,55.8,9.6,5.2,9.6,23.5,2.6,0.227,11.3,0,2.49,13.49,1,0
V01950,R001,VOYAGE,2025-12-27,2,21.0,18.6,7.5,31.2,5.8,0.2,0.0,17.5,0,0.0,2.0,0,0
V01934,R001,VOYAGE,2025-12-27,2,48.9,15.3,8.8,31.2,5.8,0.2,0.0,17.5,0,0.0,2.0,0,0
V01610,R005,FIELD,2025-12-29,3,33.8,8.1,5.8,-2.6,10.9,0.0,0.558,18.9,0,0.0,3.0,0,0
V02064,R003,VOYAGE,2025-12-29,13,44.9,15.5,6.8,9.2,26.2,3.9,0.192,13.3,0,0.0,13.0,0,0
V00822,R005,FIELD,2025-12-29,3,30.5,13.9,10.5,-2.6,10.9,0.0,0.558,18.9,0,0.0,3.0,0,0
V02460,R003,VOYAGE,2025-12-30,13,38.9,11.3,7.6,9.3,23.0,3.45,0.18,16.5,0,0.0,13.0,0,0
V02647,R003,VOYAGE,2025-12-31,13,37.4,24.3,11.0,7.5,23.2,3.23,0.174,15.0,0,11.29,24.29,1,0
