date,region,temp_c,wind_kts,wave_m,sea_ice_conc,visibility_km,blizzard
2021-01-01,INDIAN_OCEAN,28.4,13.0,1.25,0.0,16.2,0
2021-01-02,INDIAN_OCEAN,30.6,14.1,1.55,0.0,16.2,0
2021-01-03,INDIAN_OCEAN,30.7,10.2,1.61,0.0,16.7,0
2021-01-04,INDIAN_OCEAN,31.6,13.3,2.23,0.0,18.8,0
2021-01-05,INDIAN_OCEAN,32.2,16.7,1.89,0.0,14.3,0
2021-01-06,INDIAN_OCEAN,32.6,9.1,1.34,0.0,19.5,0
2021-01-07,INDIAN_OCEAN,32.5,5.0,1.35,0.0,17.0,0
2021-01-08,INDIAN_OCEAN,31.6,6.7,1.35,0.0,18.2,0
2021-01-09,INDIAN_OCEAN,34.0,6.5,0.85,0.0,20.0,0
2021-01-10,INDIAN_OCEAN,31.8,7.4,1.06,0.0,19.6,0
2021-01-11,INDIAN_OCEAN,31.3,5.2,1.14,0.0,17.9,0
2021-01-12,INDIAN_OCEAN,30.9,9.5,1.33,0.0,18.2,0
2021-01-13,INDIAN_OCEAN,31.2,12.8,1.53,0.0,17.0,0
2021-01-14,INDIAN_OCEAN,30.1,13.1,1.39,0.0,15.5,0
2021-01-15,INDIAN_OCEAN,30.3,17.1,2.1,0.0,16.1,0
2021-01-16,INDIAN_OCEAN,29.8,18.2,1.7,0.0,17.7,0
2021-01-17,INDIAN_OCEAN,27.2,14.3,1.26,0.0,16.7,0
2021-01-18,INDIAN_OCEAN,27.4,15.5,1.33,0.0,16.5,0
2021-01-19,INDIAN_OCEAN,25.9,11.6,1.46,0.0,17.8,0
2021-01-20,INDIAN_OCEAN,23.7,15.0,1.04,0.0,13.6,0
2021-01-21,INDIAN_OCEAN,24.6,14.5,0.6,0.0,16.6,0
2021-01-22,INDIAN_OCEAN,25.9,13.6,0.2,0.0,14.7,0
2021-01-23,INDIAN_OCEAN,27.1,11.1,0.2,0.0,16.0,0
2021-01-24,INDIAN_OCEAN,28.2,15.8,0.2,0.0,18.8,0
2021-01-25,INDIAN_OCEAN,25.3,14.8,0.22,0.0,15.5,0
2021-01-26,INDIAN_OCEAN,23.7,13.0,0.59,0.0,15.2,0
2021-01-27,INDIAN_OCEAN,27.4,11.8,0.43,0.0,18.4,0
2021-01-28,INDIAN_OCEAN,26.0,13.9,0.77,0.0,14.7,0
2021-01-29,INDIAN_OCEAN,27.2,15.1,0.83,0.0,15.1,0
2021-01-30,INDIAN_OCEAN,26.4,16.3,1.23,0.0,17.3,0
2021-01-31,INDIAN_OCEAN,26.8,17.3,1.49,0.0,15.2,0
2021-02-01,INDIAN_OCEAN,26.1,24.4,1.59,0.0,10.8,0
2021-02-02,INDIAN_OCEAN,27.3,21.2,1.42,0.0,14.9,0
2021-02-03,INDIAN_OCEAN,27.6,18.2,1.69,0.0,14.3,0
2021-02-04,INDIAN_OCEAN,27.0,14.5,1.61,0.0,18.2,0
2021-02-05,INDIAN_OCEAN,25.6,16.5,1.15,0.0,14.5,0
2021-02-06,INDIAN_OCEAN,26.4,20.1,1.62,0.0,16.0,0
2021-02-07,INDIAN_OCEAN,24.9,18.6,1.15,0.0,17.4,0
2021-02-08,INDIAN_OCEAN,26.0,14.8,1.55,0.0,14.6,0
2021-02-09,INDIAN_OCEAN,30.3,11.6,1.71,0.0,16.5,0
2021-02-10,INDIAN_OCEAN,32.0,14.2,1.84,0.0,16.6,0
2021-02-11,INDIAN_OCEAN,32.5,16.7,1.92,0.0,14.0,0
2021-02-12,INDIAN_OCEAN,31.7,18.1,1.82,0.0,15.3,0
2021-02-13,INDIAN_OCEAN,28.2,15.0,1.84,0.0,15.5,0
2021-02-14,INDIAN_OCEAN,26.2,15.6,1.64,0.0,15.3,0
2021-02-15,INDIAN_OCEAN,28.4,15.7,1.68,0.0,15.7,0
2021-02-16,INDIAN_OCEAN,27.2,16.1,1.95,0.0,15.6,0
2021-02-17,INDIAN_OCEAN,26.3,18.8,1.78,0.0,15.0,0
2021-02-18,INDIAN_OCEAN,26.3,18.8,1.51,0.0,13.8,0
2021-02-19,INDIAN_OCEAN,24.9,20.4,1.17,0.0,13.4,0
2021-02-20,INDIAN_OCEAN,23.5,19.6,0.83,0.0,14.3,0
2021-02-21,INDIAN_OCEAN,24.1,19.7,0.33,0.0,14.4,0
2021-02-22,INDIAN_OCEAN,23.3,21.0,0.91,0.0,13.5,0
2021-02-23,INDIAN_OCEAN,22.9,14.6,1.39,0.0,16.4,0
2021-02-24,INDIAN_OCEAN,22.4,13.3,1.82,0.0,13.5,0
2021-02-25,INDIAN_OCEAN,24.0,11.6,1.04,0.0,15.6,0
2021-02-26,INDIAN_OCEAN,24.2,9.6,1.23,0.0,16.9,0
2021-02-27,INDIAN_OCEAN,24.5,9.2,1.69,0.0,16.1,0
2021-02-28,INDIAN_OCEAN,25.9,15.2,1.7,0.0,18.2,0
2021-03-01,INDIAN_OCEAN,25.9,11.9,1.5,0.0,16.7,0
2021-03-02,INDIAN_OCEAN,25.7,15.6,0.9,0.0,15.9,0
2021-03-03,INDIAN_OCEAN,26.7,9.2,0.78,0.0,16.7,0
2021-03-04,INDIAN_OCEAN,27.8,8.7,0.42,0.0,17.5,0
2021-03-05,INDIAN_OCEAN,27.6,10.0,0.68,0.0,15.4,0
2021-03-06,INDIAN_OCEAN,27.7,12.7,0.34,0.0,16.2,0
2021-03-07,INDIAN_OCEAN,26.5,15.4,0.85,0.0,14.3,0
2021-03-08,INDIAN_OCEAN,25.3,18.0,1.45,0.0,14.6,0
2021-03-09,INDIAN_OCEAN,26.8,16.1,1.08,0.0,11.7,0
2021-03-10,INDIAN_OCEAN,27.5,14.1,0.64,0.0,14.4,0
2021-03-11,INDIAN_OCEAN,28.2,17.1,0.2,0.0,17.4,0
2021-03-12,INDIAN_OCEAN,28.4,15.9,0.25,0.0,16.8,0
2021-03-13,INDIAN_OCEAN,28.3,11.0,0.2,0.0,18.9,0
2021-03-14,INDIAN_OCEAN,29.2,7.3,0.2,0.0,20.0,0
2021-03-15,INDIAN_OCEAN,30.3,5.0,0.2,0.0,19.6,0
2021-03-16,INDIAN_OCEAN,31.2,8.1,0.2,0.0,17.0,0
2021-03-17,INDIAN_OCEAN,30.4,9.5,0.2,0.0,15.8,0
2021-03-18,INDIAN_OCEAN,32.0,12.6,0.2,0.0,18.2,0
2021-03-19,INDIAN_OCEAN,31.6,11.3,0.65,0.0,16.9,0
2021-03-20,INDIAN_OCEAN,31.8,12.3,1.02,0.0,20.3,0
2021-03-21,INDIAN_OCEAN,31.5,14.8,1.14,0.0,15.3,0
2021-03-22,INDIAN_OCEAN,31.2,13.5,1.34,0.0,19.2,0
2021-03-23,INDIAN_OCEAN,29.4,15.3,0.99,0.0,15.5,0
2021-03-24,INDIAN_OCEAN,30.1,12.7,0.95,0.0,18.4,0
2021-03-25,INDIAN_OCEAN,33.8,11.6,1.01,0.0,19.3,0
2021-03-26,INDIAN_OCEAN,32.2,10.6,0.82,0.0,15.5,0
2021-03-27,INDIAN_OCEAN,31.5,6.8,0.85,0.0,17.4,0
2021-03-28,INDIAN_OCEAN,30.1,9.7,0.73,0.0,15.7,0
2021-03-29,INDIAN_OCEAN,28.8,8.7,0.93,0.0,15.7,0
2021-03-30,INDIAN_OCEAN,30.8,9.5,1.2,0.0,18.3,0
2021-03-31,INDIAN_OCEAN,29.1,12.0,0.24,0.0,16.4,0
2021-04-01,INDIAN_OCEAN,28.0,13.9,0.96,0.0,16.2,0
2021-04-02,INDIAN_OCEAN,25.4,16.4,0.2,0.0,16.3,0
2021-04-03,INDIAN_OCEAN,24.4,15.7,0.2,0.0,12.8,0
2021-04-04,INDIAN_OCEAN,22.1,14.0,0.62,0.0,18.0,0
2021-04-05,INDIAN_OCEAN,23.7,13.7,0.63,0.0,15.6,0
2021-04-06,INDIAN_OCEAN,28.3,7.8,0.2,0.0,18.6,0
2021-04-07,INDIAN_OCEAN,27.4,3.6,0.2,0.0,19.9,0
2021-04-08,INDIAN_OCEAN,24.7,2.0,0.2,0.0,21.5,0
2021-04-09,INDIAN_OCEAN,26.3,2.0,0.2,0.0,19.3,0
2021-04-10,INDIAN_OCEAN,25.1,2.7,0.2,0.0,16.1,0
2021-04-11,INDIAN_OCEAN,27.2,2.0,0.24,0.0,19.5,0
2021-04-12,INDIAN_OCEAN,26.6,2.0,0.2,0.0,19.7,0
2021-04-13,INDIAN_OCEAN,25.5,8.4,0.2,0.0,16.1,0
2021-04-14,INDIAN_OCEAN,25.3,8.1,0.2,0.0,18.0,0
2021-04-15,INDIAN_OCEAN,26.5,11.7,0.66,0.0,16.2,0
2021-04-16,INDIAN_OCEAN,26.1,8.8,0.89,0.0,15.5,0
2021-04-17,INDIAN_OCEAN,25.3,8.9,0.3,0.0,18.5,0
2021-04-18,INDIAN_OCEAN,25.0,6.4,0.2,0.0,17.4,0
2021-04-19,INDIAN_OCEAN,23.2,6.4,0.2,0.0,17.6,0
2021-04-20,INDIAN_OCEAN,24.2,10.7,0.88,0.0,16.3,0
2021-04-21,INDIAN_OCEAN,21.7,5.1,0.2,0.0,20.4,0
2021-04-22,INDIAN_OCEAN,21.6,8.1,1.03,0.0,17.7,0
2021-04-23,INDIAN_OCEAN,23.3,10.0,1.11,0.0,17.3,0
2021-04-24,INDIAN_OCEAN,24.1,8.6,0.62,0.0,16.9,0
2021-04-25,INDIAN_OCEAN,25.2,4.3,0.24,0.0,19.5,0
2021-04-26,INDIAN_OCEAN,25.1,6.1,0.2,0.0,20.3,0
2021-04-27,INDIAN_OCEAN,26.9,5.6,0.2,0.0,19.4,0
2021-04-28,INDIAN_OCEAN,28.0,7.8,0.2,0.0,18.8,0
2021-04-29,INDIAN_OCEAN,28.3,9.0,0.2,0.0,18.4,0
2021-04-30,INDIAN_OCEAN,29.2,15.6,0.2,0.0,13.6,0
2021-05-01,INDIAN_OCEAN,29.7,14.7,0.2,0.0,14.6,0
2021-05-02,INDIAN_OCEAN,28.4,11.0,0.2,0.0,16.6,0
2021-05-03,INDIAN_OCEAN,25.9,12.3,0.2,0.0,15.5,0
2021-05-04,INDIAN_OCEAN,26.4,13.5,0.2,0.0,14.6,0
2021-05-05,INDIAN_OCEAN,27.0,18.6,0.2,0.0,12.0,0
2021-05-06,INDIAN_OCEAN,28.3,21.1,1.03,0.0,12.1,0
2021-05-07,INDIAN_OCEAN,26.4,21.5,1.2,0.0,13.6,0
2021-05-08,INDIAN_OCEAN,24.8,25.8,1.6,0.0,12.7,0
2021-05-09,INDIAN_OCEAN,25.5,20.0,0.72,0.0,13.2,0
2021-05-10,INDIAN_OCEAN,25.3,16.9,0.51,0.0,15.4,0
2021-05-11,INDIAN_OCEAN,22.4,13.4,0.6,0.0,15.6,0
2021-05-12,INDIAN_OCEAN,23.3,12.2,0.31,0.0,18.2,0
2021-05-13,INDIAN_OCEAN,20.7,7.7,0.59,0.0,17.6,0
2021-05-14,INDIAN_OCEAN,19.9,11.2,0.41,0.0,17.9,0
2021-05-15,INDIAN_OCEAN,22.6,11.0,0.45,0.0,17.2,0
2021-05-16,INDIAN_OCEAN,25.6,6.4,0.2,0.0,16.1,0
2021-05-17,INDIAN_OCEAN,23.7,4.1,0.24,0.0,18.7,0
2021-05-18,INDIAN_OCEAN,23.3,6.9,0.27,0.0,16.2,0
2021-05-19,INDIAN_OCEAN,23.5,11.2,0.52,0.0,16.7,0
2021-05-20,INDIAN_OCEAN,26.3,19.0,0.95,0.0,13.6,0
2021-05-21,INDIAN_OCEAN,25.3,29.0,1.31,0.0,12.5,0
2021-05-22,INDIAN_OCEAN,24.4,28.4,1.6,0.0,10.0,0
2021-05-23,INDIAN_OCEAN,26.7,22.9,1.5,0.0,13.6,0
2021-05-24,INDIAN_OCEAN,25.8,14.1,1.08,0.0,16.9,0
2021-05-25,INDIAN_OCEAN,26.7,15.3,1.03,0.0,17.1,0
2021-05-26,INDIAN_OCEAN,24.1,12.4,1.24,0.0,15.4,0
2021-05-27,INDIAN_OCEAN,23.8,11.4,1.1,0.0,16.8,0
2021-05-28,INDIAN_OCEAN,21.4,9.8,0.92,0.0,17.5,0
2021-05-29,INDIAN_OCEAN,20.2,10.2,1.01,0.0,19.5,0
2021-05-30,INDIAN_OCEAN,22.1,14.8,1.88,0.0,13.6,0
2021-05-31,INDIAN_OCEAN,22.3,15.5,1.32,0.0,14.3,0
2021-06-01,INDIAN_OCEAN,22.1,15.0,1.58,0.0,20.0,0
2021-06-02,INDIAN_OCEAN,21.3,11.4,0.67,0.0,16.4,0
2021-06-03,INDIAN_OCEAN,21.3,6.0,0.58,0.0,15.5,0
2021-06-04,INDIAN_OCEAN,22.2,5.7,1.2,0.0,17.5,0
2021-06-05,INDIAN_OCEAN,23.9,7.0,1.38,0.0,13.9,0
2021-06-06,INDIAN_OCEAN,20.0,14.7,1.74,0.0,16.3,0
2021-06-07,INDIAN_OCEAN,19.3,15.3,1.49,0.0,16.9,0
2021-06-08,INDIAN_OCEAN,20.2,18.9,1.65,0.0,13.3,0
2021-06-09,INDIAN_OCEAN,20.6,16.7,1.43,0.0,14.6,0
2021-06-10,INDIAN_OCEAN,21.7,12.3,0.93,0.0,18.0,0
2021-06-11,INDIAN_OCEAN,22.4,9.3,0.73,0.0,14.8,0
2021-06-12,INDIAN_OCEAN,22.2,7.7,0.79,0.0,15.9,0
2021-06-13,INDIAN_OCEAN,21.6,16.6,1.0,0.0,15.0,0
2021-06-14,INDIAN_OCEAN,21.6,13.5,0.64,0.0,15.1,0
2021-06-15,INDIAN_OCEAN,23.6,16.9,0.44,0.0,14.8,0
2021-06-16,INDIAN_OCEAN,22.5,13.5,0.62,0.0,14.3,0
2021-06-17,INDIAN_OCEAN,22.6,17.2,1.13,0.0,15.5,0
2021-06-18,INDIAN_OCEAN,23.1,18.4,1.34,0.0,14.6,0
2021-06-19,INDIAN_OCEAN,25.5,17.4,1.67,0.0,15.9,0
2021-06-20,INDIAN_OCEAN,24.8,17.1,1.65,0.0,15.5,0
2021-06-21,INDIAN_OCEAN,26.0,14.5,1.62,0.0,16.2,0
2021-06-22,INDIAN_OCEAN,27.5,16.4,1.76,0.0,13.3,0
2021-06-23,INDIAN_OCEAN,26.8,14.7,1.58,0.0,16.6,0
2021-06-24,INDIAN_OCEAN,26.0,10.4,1.13,0.0,16.6,0
2021-06-25,INDIAN_OCEAN,25.2,6.7,1.73,0.0,17.9,0
2021-06-26,INDIAN_OCEAN,24.5,8.7,1.51,0.0,19.1,0
2021-06-27,INDIAN_OCEAN,25.7,15.5,1.52,0.0,14.6,0
2021-06-28,INDIAN_OCEAN,25.7,16.1,1.68,0.0,17.5,0
2021-06-29,INDIAN_OCEAN,25.7,15.7,1.69,0.0,17.8,0
2021-06-30,INDIAN_OCEAN,23.7,16.7,1.18,0.0,16.4,0
2021-07-01,INDIAN_OCEAN,22.2,21.3,1.86,0.0,12.6,0
2021-07-02,INDIAN_OCEAN,25.6,21.3,1.79,0.0,10.8,0
2021-07-03,INDIAN_OCEAN,25.1,19.0,1.25,0.0,16.3,0
2021-07-04,INDIAN_OCEAN,23.7,22.6,1.91,0.0,13.8,0
2021-07-05,INDIAN_OCEAN,25.8,23.1,2.13,0.0,12.4,0
2021-07-06,INDIAN_OCEAN,25.9,27.6,1.82,0.0,14.0,0
2021-07-07,INDIAN_OCEAN,26.4,26.5,2.44,0.0,11.3,0
2021-07-08,INDIAN_OCEAN,25.7,20.5,2.28,0.0,13.6,0
2021-07-09,INDIAN_OCEAN,24.9,14.9,1.86,0.0,16.6,0
2021-07-10,INDIAN_OCEAN,24.4,21.0,2.64,0.0,12.4,0
2021-07-11,INDIAN_OCEAN,22.2,26.5,2.77,0.0,12.4,0
2021-07-12,INDIAN_OCEAN,22.3,24.3,2.48,0.0,14.8,0
2021-07-13,INDIAN_OCEAN,22.9,21.6,1.98,0.0,14.3,0
2021-07-14,INDIAN_OCEAN,25.8,26.1,2.35,0.0,14.6,0
2021-07-15,INDIAN_OCEAN,25.6,20.6,2.16,0.0,15.9,0
2021-07-16,INDIAN_OCEAN,21.7,16.7,1.86,0.0,15.3,0
2021-07-17,INDIAN_OCEAN,21.9,18.9,1.6,0.0,11.2,0
2021-07-18,INDIAN_OCEAN,26.2,17.0,1.54,0.0,13.6,0
2021-07-19,INDIAN_OCEAN,27.1,16.9,1.49,0.0,16.4,0
2021-07-20,INDIAN_OCEAN,25.4,16.1,0.97,0.0,13.2,0
2021-07-21,INDIAN_OCEAN,26.0,17.3,0.58,0.0,14.7,0
2021-07-22,INDIAN_OCEAN,24.5,22.2,1.21,0.0,14.3,0
2021-07-23,INDIAN_OCEAN,22.3,21.6,0.34,0.0,16.2,0
2021-07-24,INDIAN_OCEAN,22.0,23.1,0.76,0.0,12.7,0
2021-07-25,INDIAN_OCEAN,22.4,14.6,0.36,0.0,14.9,0
2021-07-26,INDIAN_OCEAN,19.7,14.6,1.03,0.0,15.8,0
2021-07-27,INDIAN_OCEAN,18.6,11.8,0.77,0.0,17.2,0
2021-07-28,INDIAN_OCEAN,19.4,8.0,0.9,0.0,17.5,0
2021-07-29,INDIAN_OCEAN,19.4,6.1,0.68,0.0,19.9,0
2021-07-30,INDIAN_OCEAN,20.6,6.3,0.78,0.0,17.0,0
2021-07-31,INDIAN_OCEAN,19.2,11.1,1.31,0.0,17.1,0
2021-08-01,INDIAN_OCEAN,21.0,7.0,0.91,0.0,18.7,0
2021-08-02,INDIAN_OCEAN,19.6,8.5,1.35,0.0,17.0,0
2021-08-03,INDIAN_OCEAN,22.7,7.8,0.89,0.0,19.1,0
2021-08-04,INDIAN_OCEAN,20.3,7.9,1.02,0.0,18.0,0
2021-08-05,INDIAN_OCEAN,19.1,12.7,1.59,0.0,17.6,0
2021-08-06,INDIAN_OCEAN,20.5,15.1,1.88,0.0,16.1,0
2021-08-07,INDIAN_OCEAN,23.4,20.0,2.71,0.0,15.0,0
2021-08-08,INDIAN_OCEAN,24.0,18.8,2.15,0.0,13.8,0
2021-08-09,INDIAN_OCEAN,24.8,15.9,1.39,0.0,14.6,0
2021-08-10,INDIAN_OCEAN,24.7,15.1,0.99,0.0,17.6,0
2021-08-11,INDIAN_OCEAN,23.0,16.0,1.35,0.0,16.5,0
2021-08-12,INDIAN_OCEAN,22.4,16.6,1.57,0.0,13.8,0
2021-08-13,INDIAN_OCEAN,20.8,12.6,1.38,0.0,16.7,0
2021-08-14,INDIAN_OCEAN,19.3,13.4,0.98,0.0,12.7,0
2021-08-15,INDIAN_OCEAN,20.6,14.6,1.37,0.0,15.1,0
2021-08-16,INDIAN_OCEAN,19.5,23.8,1.39,0.0,14.8,0
2021-08-17,INDIAN_OCEAN,20.6,29.4,2.16,0.0,11.6,0
2021-08-18,INDIAN_OCEAN,19.2,24.2,2.92,0.0,13.4,0
2021-08-19,INDIAN_OCEAN,20.3,21.9,2.71,0.0,9.3,0
2021-08-20,INDIAN_OCEAN,20.2,15.7,2.41,0.0,15.0,0
2021-08-21,INDIAN_OCEAN,22.9,13.6,1.92,0.0,16.7,0
2021-08-22,INDIAN_OCEAN,23.5,15.0,1.21,0.0,16.5,0
2021-08-23,INDIAN_OCEAN,25.5,19.4,1.24,0.0,16.0,0
2021-08-24,INDIAN_OCEAN,24.2,16.2,0.76,0.0,15.1,0
2021-08-25,INDIAN_OCEAN,24.2,13.8,0.24,0.0,15.9,0
2021-08-26,INDIAN_OCEAN,22.8,6.3,0.7,0.0,16.2,0
2021-08-27,INDIAN_OCEAN,22.4,7.1,0.88,0.0,17.7,0
2021-08-28,INDIAN_OCEAN,22.3,4.6,0.9,0.0,16.8,0
2021-08-29,INDIAN_OCEAN,21.5,4.3,0.76,0.0,16.0,0
2021-08-30,INDIAN_OCEAN,20.1,2.8,0.64,0.0,17.6,0
2021-08-31,INDIAN_OCEAN,18.6,4.4,1.08,0.0,21.0,0
2021-09-01,INDIAN_OCEAN,16.0,2.0,0.9,0.0,19.0,0
2021-09-02,INDIAN_OCEAN,15.7,2.0,1.05,0.0,19.8,0
2021-09-03,INDIAN_OCEAN,17.9,7.2,1.17,0.0,17.2,0
2021-09-04,INDIAN_OCEAN,16.5,3.8,0.84,0.0,16.2,0
2021-09-05,INDIAN_OCEAN,15.7,2.0,0.23,0.0,20.8,0
2021-09-06,INDIAN_OCEAN,19.7,10.3,0.2,0.0,13.9,0
2021-09-07,INDIAN_OCEAN,19.5,21.5,0.71,0.0,13.2,0
2021-09-08,INDIAN_OCEAN,20.8,16.3,0.67,0.0,15.3,0
2021-09-09,INDIAN_OCEAN,22.3,14.9,0.28,0.0,16.2,0
2021-09-10,INDIAN_OCEAN,23.7,16.1,0.54,0.0,14.4,0
2021-09-11,INDIAN_OCEAN,21.6,22.2,1.04,0.0,11.0,0
2021-09-12,INDIAN_OCEAN,21.7,17.6,0.2,0.0,13.9,0
2021-09-13,INDIAN_OCEAN,19.7,16.4,0.2,0.0,14.3,0
2021-09-14,INDIAN_OCEAN,24.2,19.0,0.59,0.0,13.5,0
2021-09-15,INDIAN_OCEAN,21.9,20.0,0.97,0.0,15.9,0
2021-09-16,INDIAN_OCEAN,20.8,17.9,0.58,0.0,13.2,0
2021-09-17,INDIAN_OCEAN,19.9,17.0,0.77,0.0,15.7,0
2021-09-18,INDIAN_OCEAN,18.4,11.7,1.01,0.0,16.9,0
2021-09-19,INDIAN_OCEAN,21.4,11.4,1.31,0.0,18.3,0
2021-09-20,INDIAN_OCEAN,25.6,11.0,1.23,0.0,16.7,0
2021-09-21,INDIAN_OCEAN,24.9,12.4,1.11,0.0,17.7,0
2021-09-22,INDIAN_OCEAN,22.9,10.8,0.83,0.0,16.7,0
2021-09-23,INDIAN_OCEAN,19.9,13.1,1.18,0.0,17.0,0
2021-09-24,INDIAN_OCEAN,20.4,17.0,1.46,0.0,13.0,0
2021-09-25,INDIAN_OCEAN,20.6,17.3,1.69,0.0,11.2,0
2021-09-26,INDIAN_OCEAN,20.4,18.2,1.74,0.0,15.5,0
2021-09-27,INDIAN_OCEAN,21.5,17.9,1.97,0.0,15.6,0
2021-09-28,INDIAN_OCEAN,22.7,17.4,1.89,0.0,15.8,0
2021-09-29,INDIAN_OCEAN,23.6,14.4,1.94,0.0,15.2,0
2021-09-30,INDIAN_OCEAN,23.4,15.6,2.19,0.0,17.9,0
2021-10-01,INDIAN_OCEAN,22.1,15.1,1.71,0.0,15.1,0
2021-10-02,INDIAN_OCEAN,23.6,22.6,1.36,0.0,14.3,0
2021-10-03,INDIAN_OCEAN,23.9,27.1,2.22,0.0,13.3,0
2021-10-04,INDIAN_OCEAN,25.5,26.6,2.23,0.0,15.1,0
2021-10-05,INDIAN_OCEAN,26.8,22.1,1.33,0.0,13.3,0
2021-10-06,INDIAN_OCEAN,24.5,16.9,0.89,0.0,14.3,0
2021-10-07,INDIAN_OCEAN,22.5,20.9,1.48,0.0,11.9,0
2021-10-08,INDIAN_OCEAN,21.9,20.9,1.41,0.0,16.5,0
2021-10-09,INDIAN_OCEAN,20.9,21.6,1.31,0.0,14.6,0
2021-10-10,INDIAN_OCEAN,22.8,14.3,1.52,0.0,16.7,0
2021-10-11,INDIAN_OCEAN,23.8,17.7,1.27,0.0,19.7,0
2021-10-12,INDIAN_OCEAN,25.8,18.8,1.08,0.0,15.2,0
2021-10-13,INDIAN_OCEAN,26.5,14.2,1.02,0.0,14.1,0
2021-10-14,INDIAN_OCEAN,26.7,12.5,1.13,0.0,16.2,0
2021-10-15,INDIAN_OCEAN,28.5,13.7,1.39,0.0,14.7,0
2021-10-16,INDIAN_OCEAN,28.8,14.0,1.71,0.0,15.5,0
2021-10-17,INDIAN_OCEAN,28.6,13.0,1.65,0.0,15.8,0
2021-10-18,INDIAN_OCEAN,30.4,12.8,1.74,0.0,15.5,0
2021-10-19,INDIAN_OCEAN,30.0,12.1,1.51,0.0,14.5,0
2021-10-20,INDIAN_OCEAN,29.0,13.0,1.52,0.0,18.7,0
2021-10-21,INDIAN_OCEAN,27.4,18.5,1.78,0.0,15.3,0
2021-10-22,INDIAN_OCEAN,28.3,8.6,1.31,0.0,17.3,0
2021-10-23,INDIAN_OCEAN,29.9,8.6,1.53,0.0,18.7,0
2021-10-24,INDIAN_OCEAN,29.3,10.1,1.7,0.0,17.9,0
2021-10-25,INDIAN_OCEAN,30.9,11.7,1.68,0.0,17.1,0
2021-10-26,INDIAN_OCEAN,27.3,10.7,1.24,0.0,18.0,0
2021-10-27,INDIAN_OCEAN,27.1,4.9,0.95,0.0,18.8,0
2021-10-28,INDIAN_OCEAN,27.0,7.5,1.05,0.0,18.9,0
2021-10-29,INDIAN_OCEAN,25.9,14.7,1.46,0.0,17.0,0
2021-10-30,INDIAN_OCEAN,29.6,9.0,1.95,0.0,17.7,0
2021-10-31,INDIAN_OCEAN,29.1,12.9,1.78,0.0,16.1,0
2021-11-01,INDIAN_OCEAN,28.2,11.9,1.77,0.0,19.0,0
2021-11-02,INDIAN_OCEAN,28.0,12.0,2.04,0.0,15.9,0
2021-11-03,INDIAN_OCEAN,24.9,8.5,1.73,0.0,18.2,0
2021-11-04,INDIAN_OCEAN,24.1,8.1,2.41,0.0,18.4,0
2021-11-05,INDIAN_OCEAN,26.0,13.6,2.27,0.0,15.3,0
2021-11-06,INDIAN_OCEAN,25.2,15.7,2.3,0.0,14.4,0
2021-11-07,INDIAN_OCEAN,24.3,21.7,2.13,0.0,13.4,0
2021-11-08,INDIAN_OCEAN,26.7,24.7,2.06,0.0,12.3,0
2021-11-09,INDIAN_OCEAN,28.8,24.7,2.1,0.0,10.9,0
2021-11-10,INDIAN_OCEAN,29.3,29.3,2.59,0.0,10.8,0
2021-11-11,INDIAN_OCEAN,28.3,28.6,2.56,0.0,12.4,0
2021-11-12,INDIAN_OCEAN,27.8,29.3,2.94,0.0,13.7,0
2021-11-13,INDIAN_OCEAN,26.6,25.9,2.56,0.0,13.6,0
2021-11-14,INDIAN_OCEAN,25.2,24.3,2.23,0.0,9.3,0
2021-11-15,INDIAN_OCEAN,24.0,20.2,2.91,0.0,15.3,0
2021-11-16,INDIAN_OCEAN,23.6,22.8,2.92,0.0,12.8,0
2021-11-17,INDIAN_OCEAN,22.6,17.1,2.15,0.0,15.9,0
2021-11-18,INDIAN_OCEAN,21.0,19.4,1.87,0.0,14.5,0
2021-11-19,INDIAN_OCEAN,22.3,17.9,1.4,0.0,14.7,0
2021-11-20,INDIAN_OCEAN,23.5,21.4,1.93,0.0,13.8,0
2021-11-21,INDIAN_OCEAN,26.6,22.9,1.82,0.0,13.5,0
2021-11-22,INDIAN_OCEAN,25.8,28.1,2.11,0.0,14.2,0
2021-11-23,INDIAN_OCEAN,26.5,28.5,2.09,0.0,12.0,0
2021-11-24,INDIAN_OCEAN,27.2,20.6,1.94,0.0,15.9,0
2021-11-25,INDIAN_OCEAN,26.9,19.3,1.51,0.0,16.0,0
2021-11-26,INDIAN_OCEAN,28.2,14.2,0.88,0.0,17.0,0
2021-11-27,INDIAN_OCEAN,29.3,12.2,0.95,0.0,13.9,0
2021-11-28,INDIAN_OCEAN,29.6,17.8,1.5,0.0,16.7,0
2021-11-29,INDIAN_OCEAN,28.9,19.4,1.7,0.0,13.9,0
2021-11-30,INDIAN_OCEAN,28.2,16.0,1.21,0.0,16.6,0
2021-12-01,INDIAN_OCEAN,26.1,12.0,1.29,0.0,15.2,0
2021-12-02,INDIAN_OCEAN,25.2,12.3,1.02,0.0,14.8,0
2021-12-03,INDIAN_OCEAN,24.7,8.0,0.66,0.0,20.7,0
2021-12-04,INDIAN_OCEAN,23.5,6.4,0.31,0.0,16.8,0
2021-12-05,INDIAN_OCEAN,24.9,8.6,1.0,0.0,19.3,0
2021-12-06,INDIAN_OCEAN,27.1,13.4,1.48,0.0,16.4,0
2021-12-07,INDIAN_OCEAN,25.9,15.6,1.76,0.0,15.0,0
2021-12-08,INDIAN_OCEAN,26.7,7.0,1.71,0.0,18.0,0
2021-12-09,INDIAN_OCEAN,25.3,9.0,2.67,0.0,15.5,0
2021-12-10,INDIAN_OCEAN,25.3,9.9,1.77,0.0,17.2,0
2021-12-11,INDIAN_OCEAN,24.7,11.9,1.47,0.0,15.0,0
2021-12-12,INDIAN_OCEAN,26.1,17.9,1.49,0.0,14.4,0
2021-12-13,INDIAN_OCEAN,25.4,9.8,0.78,0.0,18.7,0
2021-12-14,INDIAN_OCEAN,27.4,8.1,0.37,0.0,18.1,0
2021-12-15,INDIAN_OCEAN,27.1,11.0,0.54,0.0,14.7,0
2021-12-16,INDIAN_OCEAN,26.3,5.6,0.2,0.0,19.7,0
2021-12-17,INDIAN_OCEAN,24.8,12.1,0.58,0.0,16.6,0
2021-12-18,INDIAN_OCEAN,25.7,13.6,0.8,0.0,15.4,0
2021-12-19,INDIAN_OCEAN,27.4,16.5,1.22,0.0,16.5,0
2021-12-20,INDIAN_OCEAN,28.0,14.0,1.31,0.0,15.8,0
2021-12-21,INDIAN_OCEAN,31.4,16.8,1.67,0.0,13.6,0
2021-12-22,INDIAN_OCEAN,33.1,20.0,1.65,0.0,17.2,0
2021-12-23,INDIAN_OCEAN,31.9,19.8,2.39,0.0,14.4,0
2021-12-24,INDIAN_OCEAN,30.9,19.7,2.31,0.0,14.4,0
2021-12-25,INDIAN_OCEAN,31.2,19.6,1.49,0.0,13.9,0
2021-12-26,INDIAN_OCEAN,29.6,15.5,0.94,0.0,17.4,0
2021-12-27,INDIAN_OCEAN,31.2,14.6,0.36,0.0,15.1,0
2021-12-28,INDIAN_OCEAN,31.3,13.8,0.52,0.0,13.8,0
2021-12-29,INDIAN_OCEAN,31.3,15.1,0.69,0.0,14.8,0
2021-12-30,INDIAN_OCEAN,31.9,18.4,0.82,0.0,16.8,0
2021-12-31,INDIAN_OCEAN,33.9,13.8,1.45,0.0,17.4,0
2022-01-01,INDIAN_OCEAN,33.4,13.2,1.59,0.0,15.9,0
2022-01-02,INDIAN_OCEAN,32.5,18.5,2.05,0.0,16.9,0
2022-01-03,INDIAN_OCEAN,34.1,15.0,1.44,0.0,16.9,0
2022-01-04,INDIAN_OCEAN,34.7,11.7,0.9,0.0,16.3,0
2022-01-05,INDIAN_OCEAN,33.3,12.7,1.01,0.0,16.2,0
2022-01-06,INDIAN_OCEAN,32.6,15.8,1.27,0.0,16.1,0
2022-01-07,INDIAN_OCEAN,32.3,15.4,0.61,0.0,14.4,0
2022-01-08,INDIAN_OCEAN,32.3,19.8,0.92,0.0,14.5,0
2022-01-09,INDIAN_OCEAN,29.7,21.9,1.16,0.0,14.3,0
2022-01-10,INDIAN_OCEAN,27.2,23.6,1.27,0.0,10.9,0
2022-01-11,INDIAN_OCEAN,26.1,24.0,1.1,0.0,13.0,0
2022-01-12,INDIAN_OCEAN,25.0,30.7,1.38,0.0,10.9,0
2022-01-13,INDIAN_OCEAN,24.5,27.3,1.3,0.0,13.9,0
2022-01-14,INDIAN_OCEAN,26.1,18.0,1.0,0.0,12.2,0
2022-01-15,INDIAN_OCEAN,26.2,23.0,1.57,0.0,13.0,0
2022-01-16,INDIAN_OCEAN,26.8,19.8,1.84,0.0,13.7,0
2022-01-17,INDIAN_OCEAN,25.2,19.2,1.65,0.0,16.1,0
2022-01-18,INDIAN_OCEAN,25.0,23.0,1.66,0.0,13.5,0
2022-01-19,INDIAN_OCEAN,26.4,15.7,1.47,0.0,18.3,0
2022-01-20,INDIAN_OCEAN,27.6,10.8,1.43,0.0,18.0,0
2022-01-21,INDIAN_OCEAN,26.7,5.4,0.94,0.0,17.9,0
2022-01-22,INDIAN_OCEAN,27.2,3.7,1.13,0.0,19.3,0
2022-01-23,INDIAN_OCEAN,30.7,6.7,1.56,0.0,17.6,0
2022-01-24,INDIAN_OCEAN,30.3,9.5,2.04,0.0,18.6,0
2022-01-25,INDIAN_OCEAN,29.0,11.0,2.56,0.0,14.9,0
2022-01-26,INDIAN_OCEAN,28.6,6.2,1.73,0.0,17.0,0
2022-01-27,INDIAN_OCEAN,28.7,2.0,1.36,0.0,20.1,0
2022-01-28,INDIAN_OCEAN,28.5,2.0,1.23,0.0,21.3,0
2022-01-29,INDIAN_OCEAN,28.4,2.0,1.09,0.0,16.1,0
2022-01-30,INDIAN_OCEAN,26.2,4.8,0.92,0.0,20.7,0
2022-01-31,INDIAN_OCEAN,25.1,8.5,0.55,0.0,17.4,0
2022-02-01,INDIAN_OCEAN,25.4,9.7,0.74,0.0,14.5,0
2022-02-02,INDIAN_OCEAN,25.6,13.0,0.7,0.0,11.9,0
2022-02-03,INDIAN_OCEAN,25.1,13.8,0.88,0.0,13.8,0
2022-02-04,INDIAN_OCEAN,25.3,15.6,0.77,0.0,15.6,0
2022-02-05,INDIAN_OCEAN,25.9,12.7,0.35,0.0,16.3,0
2022-02-06,INDIAN_OCEAN,27.5,12.1,0.58,0.0,17.6,0
2022-02-07,INDIAN_OCEAN,27.5,13.0,0.8,0.0,15.5,0
2022-02-08,INDIAN_OCEAN,28.2,16.0,1.25,0.0,13.9,0
2022-02-09,INDIAN_OCEAN,27.4,14.1,1.98,0.0,15.4,0
2022-02-10,INDIAN_OCEAN,28.4,15.9,2.03,0.0,15.6,0
2022-02-11,INDIAN_OCEAN,28.9,14.5,2.01,0.0,16.3,0
2022-02-12,INDIAN_OCEAN,30.1,13.9,1.45,0.0,14.9,0
2022-02-13,INDIAN_OCEAN,30.8,16.8,1.1,0.0,16.6,0
2022-02-14,INDIAN_OCEAN,31.3,9.1,1.35,0.0,16.5,0
2022-02-15,INDIAN_OCEAN,30.7,5.1,0.76,0.0,17.3,0
2022-02-16,INDIAN_OCEAN,30.6,2.0,0.25,0.0,18.6,0
2022-02-17,INDIAN_OCEAN,31.8,2.0,0.33,0.0,21.1,0
2022-02-18,INDIAN_OCEAN,30.3,2.0,0.37,0.0,19.2,0
2022-02-19,INDIAN_OCEAN,29.0,2.0,0.2,0.0,18.4,0
2022-02-20,INDIAN_OCEAN,29.1,2.0,0.2,0.0,20.8,0
2022-02-21,INDIAN_OCEAN,29.5,3.8,0.76,0.0,22.2,0
2022-02-22,INDIAN_OCEAN,28.0,9.1,0.75,0.0,17.8,0
2022-02-23,INDIAN_OCEAN,27.9,14.5,0.58,0.0,17.8,0
2022-02-24,INDIAN_OCEAN,27.7,14.1,1.05,0.0,17.6,0
2022-02-25,INDIAN_OCEAN,24.4,18.9,1.51,0.0,13.8,0
2022-02-26,INDIAN_OCEAN,24.6,18.4,1.27,0.0,14.9,0
2022-02-27,INDIAN_OCEAN,24.8,14.7,0.57,0.0,14.0,0
2022-02-28,INDIAN_OCEAN,25.0,12.4,0.34,0.0,16.2,0
2022-03-01,INDIAN_OCEAN,27.5,7.2,0.23,0.0,17.0,0
2022-03-02,INDIAN_OCEAN,25.7,5.0,0.69,0.0,18.0,0
2022-03-03,INDIAN_OCEAN,24.7,5.0,0.35,0.0,17.5,0
2022-03-04,INDIAN_OCEAN,21.2,9.1,0.63,0.0,17.0,0
2022-03-05,INDIAN_OCEAN,21.5,16.0,1.3,0.0,16.3,0
2022-03-06,INDIAN_OCEAN,21.8,10.7,0.2,0.0,16.8,0
2022-03-07,INDIAN_OCEAN,21.8,12.5,0.85,0.0,13.7,0
2022-03-08,INDIAN_OCEAN,24.3,9.0,0.32,0.0,16.4,0
2022-03-09,INDIAN_OCEAN,26.1,11.4,0.71,0.0,14.5,0
2022-03-10,INDIAN_OCEAN,26.4,11.3,0.88,0.0,17.2,0
2022-03-11,INDIAN_OCEAN,26.0,5.0,1.02,0.0,19.3,0
2022-03-12,INDIAN_OCEAN,27.7,9.7,1.41,0.0,17.7,0
2022-03-13,INDIAN_OCEAN,27.6,8.1,0.41,0.0,16.5,0
2022-03-14,INDIAN_OCEAN,26.3,7.1,0.2,0.0,18.4,0
2022-03-15,INDIAN_OCEAN,23.8,4.2,0.26,0.0,18.1,0
2022-03-16,INDIAN_OCEAN,23.7,3.3,0.25,0.0,17.4,0
2022-03-17,INDIAN_OCEAN,25.3,6.4,0.68,0.0,19.3,0
2022-03-18,INDIAN_OCEAN,29.0,6.9,1.04,0.0,19.3,0
2022-03-19,INDIAN_OCEAN,28.8,9.1,1.35,0.0,18.9,0
2022-03-20,INDIAN_OCEAN,27.3,11.1,1.31,0.0,16.0,0
2022-03-21,INDIAN_OCEAN,25.5,16.3,0.88,0.0,17.2,0
2022-03-22,INDIAN_OCEAN,26.5,14.7,0.74,0.0,15.1,0
2022-03-23,INDIAN_OCEAN,23.9,9.3,0.74,0.0,18.4,0
2022-03-24,INDIAN_OCEAN,25.2,13.9,0.64,0.0,15.4,0
2022-03-25,INDIAN_OCEAN,26.6,12.7,0.94,0.0,16.1,0
2022-03-26,INDIAN_OCEAN,27.3,16.9,1.54,0.0,11.6,0
2022-03-27,INDIAN_OCEAN,26.9,17.9,1.61,0.0,14.5,0
2022-03-28,INDIAN_OCEAN,27.7,16.9,0.43,0.0,15.4,0
2022-03-29,INDIAN_OCEAN,27.7,17.7,0.22,0.0,14.4,0
2022-03-30,INDIAN_OCEAN,26.4,24.2,1.48,0.0,15.9,0
2022-03-31,INDIAN_OCEAN,29.2,30.2,1.65,0.0,9.8,0
2022-04-01,INDIAN_OCEAN,28.2,28.0,0.92,0.0,11.3,0
2022-04-02,INDIAN_OCEAN,29.1,26.6,1.5,0.0,11.2,0
2022-04-03,INDIAN_OCEAN,25.1,28.6,1.7,0.0,11.1,0
2022-04-04,INDIAN_OCEAN,27.2,23.4,1.9,0.0,15.0,0
2022-04-05,INDIAN_OCEAN,29.2,23.3,1.97,0.0,15.7,0
2022-04-06,INDIAN_OCEAN,28.8,21.8,2.02,0.0,12.8,0
2022-04-07,INDIAN_OCEAN,29.3,21.8,2.09,0.0,12.8,0
2022-04-08,INDIAN_OCEAN,29.6,17.7,2.05,0.0,13.3,0
2022-04-09,INDIAN_OCEAN,28.1,11.5,2.45,0.0,18.7,0
2022-04-10,INDIAN_OCEAN,28.6,4.5,2.19,0.0,20.4,0
2022-04-11,INDIAN_OCEAN,27.0,2.0,1.23,0.0,19.3,0
2022-04-12,INDIAN_OCEAN,25.9,2.2,1.29,0.0,17.3,0
2022-04-13,INDIAN_OCEAN,27.6,3.0,1.63,0.0,17.2,0
2022-04-14,INDIAN_OCEAN,28.8,11.7,2.32,0.0,17.0,0
2022-04-15,INDIAN_OCEAN,27.3,16.1,2.16,0.0,16.3,0
2022-04-16,INDIAN_OCEAN,26.0,12.4,2.24,0.0,13.4,0
2022-04-17,INDIAN_OCEAN,25.0,14.0,2.45,0.0,15.6,0
2022-04-18,INDIAN_OCEAN,26.2,12.7,3.08,0.0,18.9,0
2022-04-19,INDIAN_OCEAN,24.6,11.9,2.41,0.0,16.3,0
2022-04-20,INDIAN_OCEAN,25.3,13.0,2.04,0.0,18.6,0
2022-04-21,INDIAN_OCEAN,26.4,15.5,1.89,0.0,16.6,0
2022-04-22,INDIAN_OCEAN,26.2,14.2,1.55,0.0,14.4,0
2022-04-23,INDIAN_OCEAN,27.6,18.1,1.37,0.0,14.5,0
2022-04-24,INDIAN_OCEAN,26.8,13.5,0.2,0.0,16.0,0
2022-04-25,INDIAN_OCEAN,26.3,13.7,0.25,0.0,14.7,0
2022-04-26,INDIAN_OCEAN,24.7,23.3,1.07,0.0,12.0,0
2022-04-27,INDIAN_OCEAN,26.3,22.8,1.01,0.0,15.9,0
2022-04-28,INDIAN_OCEAN,25.0,26.8,2.05,0.0,11.0,0
2022-04-29,INDIAN_OCEAN,25.5,25.4,1.96,0.0,14.5,0
2022-04-30,INDIAN_OCEAN,25.4,25.9,2.43,0.0,12.1,0
2022-05-01,INDIAN_OCEAN,23.8,24.1,2.33,0.0,13.2,0
2022-05-02,INDIAN_OCEAN,23.0,22.1,2.42,0.0,14.7,0
2022-05-03,INDIAN_OCEAN,25.4,18.2,2.19,0.0,14.0,0
2022-05-04,INDIAN_OCEAN,25.7,19.3,2.6,0.0,15.4,0
2022-05-05,INDIAN_OCEAN,24.0,15.6,2.23,0.0,12.6,0
2022-05-06,INDIAN_OCEAN,24.6,17.9,2.35,0.0,15.6,0
2022-05-07,INDIAN_OCEAN,24.5,21.4,2.49,0.0,10.3,0
2022-05-08,INDIAN_OCEAN,29.7,21.8,2.24,0.0,13.6,0
2022-05-09,INDIAN_OCEAN,29.4,19.8,2.17,0.0,15.7,0
2022-05-10,INDIAN_OCEAN,28.1,20.7,2.91,0.0,15.1,0
2022-05-11,INDIAN_OCEAN,29.8,18.8,2.46,0.0,12.8,0
2022-05-12,INDIAN_OCEAN,26.2,21.6,2.57,0.0,12.2,0
2022-05-13,INDIAN_OCEAN,26.1,14.1,2.47,0.0,15.0,0
2022-05-14,INDIAN_OCEAN,28.9,13.1,2.59,0.0,16.6,0
2022-05-15,INDIAN_OCEAN,28.1,6.2,1.99,0.0,15.2,0
2022-05-16,INDIAN_OCEAN,25.0,2.2,0.72,0.0,19.4,0
2022-05-17,INDIAN_OCEAN,24.3,9.1,1.24,0.0,17.9,0
2022-05-18,INDIAN_OCEAN,26.5,13.3,0.62,0.0,15.9,0
2022-05-19,INDIAN_OCEAN,26.8,11.0,1.16,0.0,17.7,0
2022-05-20,INDIAN_OCEAN,25.2,6.3,0.98,0.0,18.6,0
2022-05-21,INDIAN_OCEAN,24.0,2.0,1.12,0.0,18.6,0
2022-05-22,INDIAN_OCEAN,23.2,2.0,0.71,0.0,16.5,0
2022-05-23,INDIAN_OCEAN,23.9,9.2,0.51,0.0,17.6,0
2022-05-24,INDIAN_OCEAN,26.0,11.7,0.84,0.0,15.3,0
2022-05-25,INDIAN_OCEAN,27.3,10.2,0.82,0.0,16.3,0
2022-05-26,INDIAN_OCEAN,27.5,12.7,0.83,0.0,17.2,0
2022-05-27,INDIAN_OCEAN,25.0,7.5,0.68,0.0,20.0,0
2022-05-28,INDIAN_OCEAN,22.9,7.7,1.74,0.0,17.8,0
2022-05-29,INDIAN_OCEAN,23.9,9.2,1.97,0.0,18.2,0
2022-05-30,INDIAN_OCEAN,21.9,9.9,2.2,0.0,15.1,0
2022-05-31,INDIAN_OCEAN,21.9,13.6,2.47,0.0,16.6,0
2022-06-01,INDIAN_OCEAN,22.7,15.1,2.84,0.0,15.7,0
2022-06-02,INDIAN_OCEAN,21.2,17.6,2.6,0.0,16.9,0
2022-06-03,INDIAN_OCEAN,20.1,14.9,1.5,0.0,15.0,0
2022-06-04,INDIAN_OCEAN,20.5,18.2,1.57,0.0,14.5,0
2022-06-05,INDIAN_OCEAN,21.8,23.7,2.12,0.0,14.9,0
2022-06-06,INDIAN_OCEAN,23.7,19.0,1.47,0.0,14.5,0
2022-06-07,INDIAN_OCEAN,24.6,15.3,1.24,0.0,14.0,0
2022-06-08,INDIAN_OCEAN,24.6,20.2,1.26,0.0,18.2,0
2022-06-09,INDIAN_OCEAN,23.4,18.9,1.8,0.0,13.1,0
2022-06-10,INDIAN_OCEAN,21.9,23.5,2.25,0.0,13.3,0
2022-06-11,INDIAN_OCEAN,21.4,20.7,2.25,0.0,14.7,0
2022-06-12,INDIAN_OCEAN,22.4,25.2,2.58,0.0,13.3,0
2022-06-13,INDIAN_OCEAN,23.1,24.3,2.37,0.0,12.9,0
2022-06-14,INDIAN_OCEAN,20.0,24.0,2.32,0.0,13.0,0
2022-06-15,INDIAN_OCEAN,19.4,28.4,2.01,0.0,11.7,0
2022-06-16,INDIAN_OCEAN,21.9,25.2,1.06,0.0,11.3,0
2022-06-17,INDIAN_OCEAN,22.3,20.4,1.04,0.0,17.5,0
2022-06-18,INDIAN_OCEAN,20.3,18.1,1.16,0.0,14.6,0
2022-06-19,INDIAN_OCEAN,24.4,19.4,1.73,0.0,15.5,0
2022-06-20,INDIAN_OCEAN,24.2,13.3,1.95,0.0,15.8,0
2022-06-21,INDIAN_OCEAN,24.7,15.9,2.51,0.0,15.0,0
2022-06-22,INDIAN_OCEAN,25.1,14.0,1.83,0.0,15.4,0
2022-06-23,INDIAN_OCEAN,24.4,18.4,1.82,0.0,12.5,0
2022-06-24,INDIAN_OCEAN,23.2,9.4,1.49,0.0,17.1,0
2022-06-25,INDIAN_OCEAN,26.4,7.6,2.22,0.0,17.3,0
2022-06-26,INDIAN_OCEAN,27.5,2.8,2.27,0.0,21.0,0
2022-06-27,INDIAN_OCEAN,28.1,2.0,2.32,0.0,17.6,0
2022-06-28,INDIAN_OCEAN,28.3,4.8,2.0,0.0,17.8,0
2022-06-29,INDIAN_OCEAN,26.1,5.8,1.5,0.0,17.0,0
2022-06-30,INDIAN_OCEAN,27.6,6.4,1.69,0.0,20.4,0
2022-07-01,INDIAN_OCEAN,25.7,7.3,1.19,0.0,16.7,0
2022-07-02,INDIAN_OCEAN,25.8,9.3,1.16,0.0,18.2,0
2022-07-03,INDIAN_OCEAN,23.0,6.7,0.97,0.0,19.6,0
2022-07-04,INDIAN_OCEAN,20.0,10.6,1.73,0.0,16.8,0
2022-07-05,INDIAN_OCEAN,21.0,13.8,1.64,0.0,14.1,0
2022-07-06,INDIAN_OCEAN,20.2,15.5,0.78,0.0,13.6,0
2022-07-07,INDIAN_OCEAN,17.7,17.6,1.18,0.0,16.4,0
2022-07-08,INDIAN_OCEAN,19.4,18.4,1.03,0.0,12.9,0
2022-07-09,INDIAN_OCEAN,23.2,25.4,1.49,0.0,13.5,0
2022-07-10,INDIAN_OCEAN,25.3,23.7,1.45,0.0,13.5,0
2022-07-11,INDIAN_OCEAN,24.6,21.4,1.31,0.0,14.6,0
2022-07-12,INDIAN_OCEAN,24.5,17.9,1.49,0.0,15.7,0
2022-07-13,INDIAN_OCEAN,25.7,13.9,0.74,0.0,14.7,0
2022-07-14,INDIAN_OCEAN,27.0,9.7,0.45,0.0,15.8,0
2022-07-15,INDIAN_OCEAN,26.0,7.5,0.71,0.0,19.0,0
2022-07-16,INDIAN_OCEAN,25.7,8.5,0.6,0.0,16.7,0
2022-07-17,INDIAN_OCEAN,25.8,10.8,0.22,0.0,12.8,0
2022-07-18,INDIAN_OCEAN,26.3,11.8,0.69,0.0,17.7,0
2022-07-19,INDIAN_OCEAN,25.7,9.7,1.09,0.0,15.7,0
2022-07-20,INDIAN_OCEAN,25.2,13.9,1.28,0.0,16.8,0
2022-07-21,INDIAN_OCEAN,27.0,16.8,0.73,0.0,17.4,0
2022-07-22,INDIAN_OCEAN,28.3,16.1,1.09,0.0,15.5,0
2022-07-23,INDIAN_OCEAN,28.3,13.8,0.44,0.0,17.6,0
2022-07-24,INDIAN_OCEAN,30.2,16.1,0.83,0.0,15.7,0
2022-07-25,INDIAN_OCEAN,28.6,16.7,0.66,0.0,17.7,0
2022-07-26,INDIAN_OCEAN,30.3,11.4,0.2,0.0,15.2,0
2022-07-27,INDIAN_OCEAN,30.1,11.8,0.2,0.0,16.7,0
2022-07-28,INDIAN_OCEAN,34.0,13.4,0.41,0.0,17.3,0
2022-07-29,INDIAN_OCEAN,30.7,10.5,0.21,0.0,16.8,0
2022-07-30,INDIAN_OCEAN,28.6,12.0,0.68,0.0,18.4,0
2022-07-31,INDIAN_OCEAN,28.5,7.4,0.39,0.0,17.3,0
2022-08-01,INDIAN_OCEAN,28.3,13.5,1.16,0.0,19.3,0
2022-08-02,INDIAN_OCEAN,30.6,18.3,1.53,0.0,18.1,0
2022-08-03,INDIAN_OCEAN,28.5,17.0,1.21,0.0,15.6,0
2022-08-04,INDIAN_OCEAN,29.2,18.2,1.0,0.0,15.7,0
2022-08-05,INDIAN_OCEAN,30.1,9.2,0.2,0.0,19.2,0
2022-08-06,INDIAN_OCEAN,30.2,6.0,0.21,0.0,16.5,0
2022-08-07,INDIAN_OCEAN,27.8,6.4,0.24,0.0,16.2,0
2022-08-08,INDIAN_OCEAN,29.3,4.0,0.2,0.0,20.8,0
2022-08-09,INDIAN_OCEAN,30.3,8.3,0.2,0.0,18.1,0
2022-08-10,INDIAN_OCEAN,30.2,16.6,0.2,0.0,15.0,0
2022-08-11,INDIAN_OCEAN,29.6,12.3,0.68,0.0,16.6,0
2022-08-12,INDIAN_OCEAN,29.1,9.8,0.2,0.0,13.7,0
2022-08-13,INDIAN_OCEAN,28.2,11.5,0.2,0.0,16.5,0
2022-08-14,INDIAN_OCEAN,28.5,18.0,0.82,0.0,13.8,0
2022-08-15,INDIAN_OCEAN,27.9,13.2,1.21,0.0,17.7,0
2022-08-16,INDIAN_OCEAN,26.0,14.5,1.01,0.0,17.4,0
2022-08-17,INDIAN_OCEAN,24.1,21.2,1.18,0.0,14.9,0
2022-08-18,INDIAN_OCEAN,23.0,14.5,1.16,0.0,16.5,0
2022-08-19,INDIAN_OCEAN,23.5,10.0,0.2,0.0,14.9,0
2022-08-20,INDIAN_OCEAN,23.5,9.4,0.2,0.0,18.3,0
2022-08-21,INDIAN_OCEAN,23.9,8.4,0.2,0.0,18.6,0
2022-08-22,INDIAN_OCEAN,24.7,12.4,0.78,0.0,18.4,0
2022-08-23,INDIAN_OCEAN,23.7,13.8,0.77,0.0,19.3,0
2022-08-24,INDIAN_OCEAN,26.0,7.7,0.61,0.0,15.3,0
2022-08-25,INDIAN_OCEAN,25.3,10.7,1.24,0.0,16.4,0
2022-08-26,INDIAN_OCEAN,24.5,9.4,1.91,0.0,16.3,0
2022-08-27,INDIAN_OCEAN,25.2,14.9,1.81,0.0,16.1,0
2022-08-28,INDIAN_OCEAN,22.3,12.7,1.6,0.0,16.5,0
2022-08-29,INDIAN_OCEAN,21.4,10.8,2.09,0.0,16.6,0
2022-08-30,INDIAN_OCEAN,23.3,13.5,1.49,0.0,17.8,0
2022-08-31,INDIAN_OCEAN,20.9,16.5,1.97,0.0,13.7,0
2022-09-01,INDIAN_OCEAN,23.1,18.0,1.56,0.0,13.4,0
2022-09-02,INDIAN_OCEAN,25.6,11.5,1.27,0.0,15.2,0
2022-09-03,INDIAN_OCEAN,24.8,14.0,1.29,0.0,15.5,0
2022-09-04,INDIAN_OCEAN,25.2,10.5,0.77,0.0,15.2,0
2022-09-05,INDIAN_OCEAN,26.8,12.1,0.56,0.0,16.5,0
2022-09-06,INDIAN_OCEAN,25.8,7.5,0.56,0.0,17.7,0
2022-09-07,INDIAN_OCEAN,26.9,10.2,1.14,0.0,16.0,0
2022-09-08,INDIAN_OCEAN,25.6,8.1,0.98,0.0,19.0,0
2022-09-09,INDIAN_OCEAN,24.7,4.6,0.83,0.0,18.6,0
2022-09-10,INDIAN_OCEAN,23.5,8.7,1.25,0.0,19.2,0
2022-09-11,INDIAN_OCEAN,24.2,10.6,0.95,0.0,16.7,0
2022-09-12,INDIAN_OCEAN,26.1,9.1,1.17,0.0,17.4,0
2022-09-13,INDIAN_OCEAN,25.6,15.2,1.75,0.0,14.9,0
2022-09-14,INDIAN_OCEAN,23.6,13.6,2.53,0.0,16.2,0
2022-09-15,INDIAN_OCEAN,22.2,13.9,2.16,0.0,17.2,0
2022-09-16,INDIAN_OCEAN,23.2,15.1,1.88,0.0,15.2,0
2022-09-17,INDIAN_OCEAN,26.2,12.9,1.94,0.0,17.2,0
2022-09-18,INDIAN_OCEAN,26.6,14.9,2.2,0.0,14.6,0
2022-09-19,INDIAN_OCEAN,25.8,13.0,1.74,0.0,17.5,0
2022-09-20,INDIAN_OCEAN,26.9,11.8,1.44,0.0,15.8,0
2022-09-21,INDIAN_OCEAN,26.3,17.2,1.85,0.0,16.5,0
2022-09-22,INDIAN_OCEAN,25.5,13.1,1.27,0.0,16.4,0
2022-09-23,INDIAN_OCEAN,24.1,4.7,0.7,0.0,21.0,0
2022-09-24,INDIAN_OCEAN,26.4,12.0,1.13,0.0,14.9,0
2022-09-25,INDIAN_OCEAN,22.4,21.6,1.98,0.0,11.7,0
2022-09-26,INDIAN_OCEAN,24.1,19.2,1.58,0.0,13.7,0
2022-09-27,INDIAN_OCEAN,23.6,11.5,0.53,0.0,14.7,0
2022-09-28,INDIAN_OCEAN,23.2,10.9,0.2,0.0,14.9,0
2022-09-29,INDIAN_OCEAN,26.1,10.5,0.2,0.0,18.0,0
2022-09-30,INDIAN_OCEAN,25.0,10.4,0.2,0.0,17.1,0
2022-10-01,INDIAN_OCEAN,24.0,7.1,0.2,0.0,17.3,0
2022-10-02,INDIAN_OCEAN,24.1,10.3,0.2,0.0,16.5,0
2022-10-03,INDIAN_OCEAN,24.9,12.8,0.2,0.0,15.5,0
2022-10-04,INDIAN_OCEAN,24.4,7.7,0.2,0.0,20.3,0
2022-10-05,INDIAN_OCEAN,22.2,11.3,0.2,0.0,15.7,0
2022-10-06,INDIAN_OCEAN,21.5,19.2,0.98,0.0,12.6,0
2022-10-07,INDIAN_OCEAN,24.1,19.1,1.33,0.0,15.8,0
2022-10-08,INDIAN_OCEAN,24.5,17.2,1.29,0.0,14.9,0
2022-10-09,INDIAN_OCEAN,25.4,16.3,1.11,0.0,18.5,0
2022-10-10,INDIAN_OCEAN,25.1,18.2,1.11,0.0,14.1,0
2022-10-11,INDIAN_OCEAN,24.2,11.4,0.97,0.0,18.1,0
2022-10-12,INDIAN_OCEAN,27.0,12.5,1.27,0.0,18.1,0
2022-10-13,INDIAN_OCEAN,26.6,11.4,0.88,0.0,16.0,0
2022-10-14,INDIAN_OCEAN,25.9,18.5,1.31,0.0,13.7,0
2022-10-15,INDIAN_OCEAN,27.6,17.2,0.56,0.0,16.3,0
2022-10-16,INDIAN_OCEAN,26.3,22.8,1.09,0.0,14.5,0
2022-10-17,INDIAN_OCEAN,25.4,17.6,1.23,0.0,13.0,0
2022-10-18,INDIAN_OCEAN,25.6,19.2,1.26,0.0,12.9,0
2022-10-19,INDIAN_OCEAN,25.7,19.6,2.0,0.0,10.7,0
2022-10-20,INDIAN_OCEAN,26.2,15.7,1.4,0.0,16.5,0
2022-10-21,INDIAN_OCEAN,29.4,16.1,1.5,0.0,15.1,0
2022-10-22,INDIAN_OCEAN,29.4,20.2,1.67,0.0,14.1,0
2022-10-23,INDIAN_OCEAN,25.4,18.1,1.52,0.0,12.4,0
2022-10-24,INDIAN_OCEAN,26.1,11.4,1.14,0.0,15.2,0
2022-10-25,INDIAN_OCEAN,26.2,11.8,1.2,0.0,16.0,0
2022-10-26,INDIAN_OCEAN,26.4,8.9,1.36,0.0,16.5,0
2022-10-27,INDIAN_OCEAN,26.8,8.4,1.77,0.0,17.8,0
2022-10-28,INDIAN_OCEAN,26.7,9.0,1.65,0.0,18.4,0
2022-10-29,INDIAN_OCEAN,26.7,3.6,1.55,0.0,22.4,0
2022-10-30,INDIAN_OCEAN,27.6,2.0,1.07,0.0,19.4,0
2022-10-31,INDIAN_OCEAN,26.7,3.3,1.33,0.0,20.8,0
2022-11-01,INDIAN_OCEAN,25.3,3.0,0.93,0.0,17.9,0
2022-11-02,INDIAN_OCEAN,30.1,2.0,1.24,0.0,16.9,0
2022-11-03,INDIAN_OCEAN,28.6,2.0,1.93,0.0,18.9,0
2022-11-04,INDIAN_OCEAN,28.5,3.9,1.73,0.0,16.5,0
2022-11-05,INDIAN_OCEAN,26.0,2.8,0.7,0.0,19.2,0
2022-11-06,INDIAN_OCEAN,26.4,2.0,0.47,0.0,18.3,0
2022-11-07,INDIAN_OCEAN,25.1,4.9,1.1,0.0,15.7,0
2022-11-08,INDIAN_OCEAN,24.7,7.4,1.38,0.0,20.5,0
2022-11-09,INDIAN_OCEAN,26.7,17.0,1.86,0.0,14.4,0
2022-11-10,INDIAN_OCEAN,27.5,18.0,2.2,0.0,12.5,0
2022-11-11,INDIAN_OCEAN,28.3,18.8,2.27,0.0,16.1,0
2022-11-12,INDIAN_OCEAN,25.5,17.4,2.49,0.0,14.0,0
2022-11-13,INDIAN_OCEAN,28.5,19.8,2.74,0.0,16.1,0
2022-11-14,INDIAN_OCEAN,26.6,21.1,3.12,0.0,13.0,0
2022-11-15,INDIAN_OCEAN,29.0,24.5,3.13,0.0,12.3,0
2022-11-16,INDIAN_OCEAN,30.3,21.0,3.02,0.0,14.6,0
2022-11-17,INDIAN_OCEAN,30.8,18.3,2.5,0.0,15.8,0
2022-11-18,INDIAN_OCEAN,29.0,15.9,1.96,0.0,16.7,0
2022-11-19,INDIAN_OCEAN,29.0,18.4,2.59,0.0,14.7,0
2022-11-20,INDIAN_OCEAN,28.1,23.0,2.69,0.0,14.3,0
2022-11-21,INDIAN_OCEAN,28.1,20.0,2.64,0.0,15.5,0
2022-11-22,INDIAN_OCEAN,27.6,17.5,2.35,0.0,15.4,0
2022-11-23,INDIAN_OCEAN,24.6,18.0,1.99,0.0,14.7,0
2022-11-24,INDIAN_OCEAN,26.8,16.4,1.82,0.0,13.2,0
2022-11-25,INDIAN_OCEAN,26.8,19.4,2.4,0.0,15.5,0
2022-11-26,INDIAN_OCEAN,26.2,10.4,1.99,0.0,17.2,0
2022-11-27,INDIAN_OCEAN,25.6,7.9,1.07,0.0,17.2,0
2022-11-28,INDIAN_OCEAN,26.5,5.9,0.88,0.0,20.3,0
2022-11-29,INDIAN_OCEAN,25.4,2.0,1.33,0.0,17.3,0
2022-11-30,INDIAN_OCEAN,22.4,2.0,1.13,0.0,21.9,0
2022-12-01,INDIAN_OCEAN,23.8,2.0,0.39,0.0,19.4,0
2022-12-02,INDIAN_OCEAN,25.2,2.0,1.14,0.0,19.9,0
2022-12-03,INDIAN_OCEAN,25.3,4.5,1.42,0.0,18.1,0
2022-12-04,INDIAN_OCEAN,24.0,5.0,1.3,0.0,16.1,0
2022-12-05,INDIAN_OCEAN,24.8,2.5,0.95,0.0,19.1,0
2022-12-06,INDIAN_OCEAN,23.1,3.9,1.37,0.0,19.4,0
2022-12-07,INDIAN_OCEAN,22.3,9.1,1.32,0.0,18.5,0
2022-12-08,INDIAN_OCEAN,22.0,6.2,1.53,0.0,18.0,0
2022-12-09,INDIAN_OCEAN,24.2,4.0,1.49,0.0,15.6,0
2022-12-10,INDIAN_OCEAN,24.3,7.4,1.61,0.0,15.6,0
2022-12-11,INDIAN_OCEAN,24.2,7.4,1.54,0.0,21.0,0
2022-12-12,INDIAN_OCEAN,27.7,10.6,1.52,0.0,15.4,0
2022-12-13,INDIAN_OCEAN,28.3,11.0,1.84,0.0,19.1,0
2022-12-14,INDIAN_OCEAN,28.8,13.8,1.53,0.0,14.7,0
2022-12-15,INDIAN_OCEAN,28.2,10.0,0.71,0.0,16.9,0
2022-12-16,INDIAN_OCEAN,27.3,10.4,1.03,0.0,18.0,0
2022-12-17,INDIAN_OCEAN,24.2,10.1,1.26,0.0,16.0,0
2022-12-18,INDIAN_OCEAN,26.3,6.1,1.2,0.0,20.7,0
2022-12-19,INDIAN_OCEAN,27.2,2.0,1.08,0.0,19.6,0
2022-12-20,INDIAN_OCEAN,27.1,5.7,1.08,0.0,19.1,0
2022-12-21,INDIAN_OCEAN,27.1,5.6,1.32,0.0,18.0,0
2022-12-22,INDIAN_OCEAN,28.4,3.0,1.08,0.0,20.1,0
2022-12-23,INDIAN_OCEAN,26.1,4.2,0.9,0.0,21.2,0
2022-12-24,INDIAN_OCEAN,25.5,9.6,1.04,0.0,17.1,0
2022-12-25,INDIAN_OCEAN,24.3,2.0,1.4,0.0,22.0,0
2022-12-26,INDIAN_OCEAN,27.6,2.0,0.63,0.0,18.5,0
2022-12-27,INDIAN_OCEAN,29.0,2.0,0.83,0.0,20.6,0
2022-12-28,INDIAN_OCEAN,25.6,4.7,0.33,0.0,19.4,0
2022-12-29,INDIAN_OCEAN,23.8,7.0,0.51,0.0,16.4,0
2022-12-30,INDIAN_OCEAN,24.3,10.7,0.62,0.0,17.3,0
2022-12-31,INDIAN_OCEAN,24.2,6.9,0.2,0.0,18.1,0
2023-01-01,INDIAN_OCEAN,22.9,3.8,0.2,0.0,17.7,0
2023-01-02,INDIAN_OCEAN,26.6,6.8,0.2,0.0,18.6,0
2023-01-03,INDIAN_OCEAN,27.4,7.9,0.2,0.0,18.0,0
2023-01-04,INDIAN_OCEAN,28.3,10.7,0.34,0.0,16.9,0
2023-01-05,INDIAN_OCEAN,27.3,10.3,1.0,0.0,17.0,0
2023-01-06,INDIAN_OCEAN,28.5,11.7,1.63,0.0,16.6,0
2023-01-07,INDIAN_OCEAN,28.0,12.5,1.71,0.0,15.9,0
2023-01-08,INDIAN_OCEAN,27.6,15.4,1.77,0.0,15.9,0
2023-01-09,INDIAN_OCEAN,28.7,17.9,2.3,0.0,14.0,0
2023-01-10,INDIAN_OCEAN,26.2,11.3,2.41,0.0,20.8,0
2023-01-11,INDIAN_OCEAN,28.9,3.5,2.18,0.0,16.9,0
2023-01-12,INDIAN_OCEAN,29.1,8.5,1.81,0.0,16.7,0
2023-01-13,INDIAN_OCEAN,31.0,13.5,1.97,0.0,15.5,0
2023-01-14,INDIAN_OCEAN,29.0,9.7,1.81,0.0,20.3,0
2023-01-15,INDIAN_OCEAN,27.5,3.5,0.7,0.0,17.0,0
2023-01-16,INDIAN_OCEAN,25.9,5.3,0.97,0.0,19.2,0
2023-01-17,INDIAN_OCEAN,26.7,9.8,1.99,0.0,17.6,0
2023-01-18,INDIAN_OCEAN,27.1,16.8,2.39,0.0,15.8,0
2023-01-19,INDIAN_OCEAN,26.6,18.1,2.8,0.0,16.8,0
2023-01-20,INDIAN_OCEAN,25.3,16.0,2.5,0.0,17.4,0
2023-01-21,INDIAN_OCEAN,23.9,12.3,2.07,0.0,15.9,0
2023-01-22,INDIAN_OCEAN,24.5,12.5,2.04,0.0,16.8,0
2023-01-23,INDIAN_OCEAN,24.4,11.5,1.54,0.0,14.0,0
2023-01-24,INDIAN_OCEAN,24.0,8.0,0.95,0.0,17.9,0
2023-01-25,INDIAN_OCEAN,27.0,16.2,1.82,0.0,14.3,0
2023-01-26,INDIAN_OCEAN,27.1,22.1,2.53,0.0,13.5,0
2023-01-27,INDIAN_OCEAN,29.2,24.9,2.14,0.0,10.5,0
2023-01-28,INDIAN_OCEAN,28.3,19.8,2.18,0.0,15.1,0
2023-01-29,INDIAN_OCEAN,28.6,21.8,2.13,0.0,11.3,0
2023-01-30,INDIAN_OCEAN,28.5,22.8,2.22,0.0,13.8,0
2023-01-31,INDIAN_OCEAN,25.9,23.0,2.29,0.0,11.7,0
2023-02-01,INDIAN_OCEAN,28.4,26.0,2.69,0.0,11.4,0
2023-02-02,INDIAN_OCEAN,28.2,26.3,2.58,0.0,14.4,0
2023-02-03,INDIAN_OCEAN,29.3,27.0,2.99,0.0,13.3,0
2023-02-04,INDIAN_OCEAN,28.1,27.2,2.9,0.0,14.1,0
2023-02-05,INDIAN_OCEAN,27.8,26.3,2.9,0.0,15.0,0
2023-02-06,INDIAN_OCEAN,26.6,17.9,1.98,0.0,13.8,0
2023-02-07,INDIAN_OCEAN,28.7,17.5,2.64,0.0,17.3,0
2023-02-08,INDIAN_OCEAN,29.1,14.9,2.44,0.0,13.6,0
2023-02-09,INDIAN_OCEAN,29.5,10.0,2.24,0.0,18.3,0
2023-02-10,INDIAN_OCEAN,31.3,16.6,1.76,0.0,14.6,0
2023-02-11,INDIAN_OCEAN,32.6,22.3,1.68,0.0,12.4,0
2023-02-12,INDIAN_OCEAN,33.1,25.8,2.31,0.0,13.7,0
2023-02-13,INDIAN_OCEAN,30.2,24.8,2.28,0.0,14.5,0
2023-02-14,INDIAN_OCEAN,28.8,28.0,1.66,0.0,13.5,0
2023-02-15,INDIAN_OCEAN,27.2,25.8,1.99,0.0,13.1,0
2023-02-16,INDIAN_OCEAN,28.4,24.7,1.72,0.0,13.3,0
2023-02-17,INDIAN_OCEAN,28.6,19.0,1.97,0.0,15.5,0
2023-02-18,INDIAN_OCEAN,26.4,19.6,1.88,0.0,15.0,0
2023-02-19,INDIAN_OCEAN,26.4,18.9,1.86,0.0,15.5,0
2023-02-20,INDIAN_OCEAN,24.3,13.4,1.95,0.0,16.6,0
2023-02-21,INDIAN_OCEAN,24.8,13.2,1.48,0.0,17.6,0
2023-02-22,INDIAN_OCEAN,22.8,12.9,1.06,0.0,13.9,0
2023-02-23,INDIAN_OCEAN,24.3,19.5,1.36,0.0,14.4,0
2023-02-24,INDIAN_OCEAN,25.4,21.8,1.81,0.0,11.8,0
2023-02-25,INDIAN_OCEAN,28.6,20.6,1.25,0.0,14.7,0
2023-02-26,INDIAN_OCEAN,29.8,20.4,0.72,0.0,16.7,0
2023-02-27,INDIAN_OCEAN,28.8,19.5,1.15,0.0,13.8,0
2023-02-28,INDIAN_OCEAN,29.9,17.9,0.94,0.0,15.2,0
2023-03-01,INDIAN_OCEAN,27.4,13.3,0.68,0.0,17.4,0
2023-03-02,INDIAN_OCEAN,26.0,12.8,0.2,0.0,13.3,0
2023-03-03,INDIAN_OCEAN,26.7,10.3,0.2,0.0,16.3,0
2023-03-04,INDIAN_OCEAN,23.6,6.3,0.2,0.0,18.8,0
2023-03-05,INDIAN_OCEAN,24.1,9.2,0.65,0.0,13.1,0
2023-03-06,INDIAN_OCEAN,23.1,11.3,0.56,0.0,15.4,0
2023-03-07,INDIAN_OCEAN,23.9,5.2,0.97,0.0,20.2,0
2023-03-08,INDIAN_OCEAN,22.8,6.0,0.75,0.0,19.8,0
2023-03-09,INDIAN_OCEAN,24.1,10.8,0.77,0.0,17.5,0
2023-03-10,INDIAN_OCEAN,24.6,15.0,1.61,0.0,17.1,0
2023-03-11,INDIAN_OCEAN,27.1,18.5,1.81,0.0,15.1,0
2023-03-12,INDIAN_OCEAN,27.2,17.9,1.52,0.0,15.8,0
2023-03-13,INDIAN_OCEAN,26.0,14.3,1.28,0.0,15.5,0
2023-03-14,INDIAN_OCEAN,25.8,10.3,1.58,0.0,17.3,0
2023-03-15,INDIAN_OCEAN,24.0,12.1,2.1,0.0,15.7,0
2023-03-16,INDIAN_OCEAN,25.1,13.7,1.71,0.0,18.1,0
2023-03-17,INDIAN_OCEAN,26.2,18.4,1.84,0.0,17.1,0
2023-03-18,INDIAN_OCEAN,30.1,21.7,1.97,0.0,16.0,0
2023-03-19,INDIAN_OCEAN,28.7,20.0,1.48,0.0,13.8,0
2023-03-20,INDIAN_OCEAN,28.0,14.6,1.21,0.0,14.5,0
2023-03-21,INDIAN_OCEAN,27.0,13.4,1.18,0.0,18.2,0
2023-03-22,INDIAN_OCEAN,27.3,14.3,1.65,0.0,16.8,0
2023-03-23,INDIAN_OCEAN,27.8,13.5,1.98,0.0,16.7,0
2023-03-24,INDIAN_OCEAN,27.5,11.5,1.62,0.0,15.8,0
2023-03-25,INDIAN_OCEAN,29.0,12.8,1.52,0.0,17.1,0
2023-03-26,INDIAN_OCEAN,27.8,11.2,1.62,0.0,15.2,0
2023-03-27,INDIAN_OCEAN,29.1,9.4,1.23,0.0,18.3,0
2023-03-28,INDIAN_OCEAN,29.5,11.2,1.5,0.0,18.9,0
2023-03-29,INDIAN_OCEAN,29.0,10.2,1.35,0.0,19.6,0
2023-03-30,INDIAN_OCEAN,28.2,11.7,1.03,0.0,17.8,0
2023-03-31,INDIAN_OCEAN,31.6,13.0,0.78,0.0,14.3,0
2023-04-01,INDIAN_OCEAN,29.6,9.1,1.2,0.0,17.7,0
2023-04-02,INDIAN_OCEAN,29.5,8.2,1.07,0.0,20.9,0
2023-04-03,INDIAN_OCEAN,27.9,14.3,1.95,0.0,14.7,0
2023-04-04,INDIAN_OCEAN,30.4,10.1,1.43,0.0,17.1,0
2023-04-05,INDIAN_OCEAN,31.1,3.1,1.12,0.0,21.3,0
2023-04-06,INDIAN_OCEAN,29.3,2.0,1.85,0.0,20.4,0
2023-04-07,INDIAN_OCEAN,29.6,2.0,1.24,0.0,23.2,0
2023-04-08,INDIAN_OCEAN,29.5,2.8,0.49,0.0,18.1,0
2023-04-09,INDIAN_OCEAN,28.2,4.1,1.07,0.0,17.4,0
2023-04-10,INDIAN_OCEAN,29.0,10.1,1.02,0.0,19.0,0
2023-04-11,INDIAN_OCEAN,29.1,2.0,0.62,0.0,17.6,0
2023-04-12,INDIAN_OCEAN,29.0,4.6,0.56,0.0,18.4,0
2023-04-13,INDIAN_OCEAN,28.5,11.7,1.06,0.0,16.6,0
2023-04-14,INDIAN_OCEAN,28.7,8.1,0.56,0.0,19.3,0
2023-04-15,INDIAN_OCEAN,28.6,7.7,0.57,0.0,18.8,0
2023-04-16,INDIAN_OCEAN,28.3,6.0,0.73,0.0,19.0,0
2023-04-17,INDIAN_OCEAN,26.9,4.1,0.3,0.0,18.3,0
2023-04-18,INDIAN_OCEAN,29.3,4.5,0.2,0.0,20.6,0
2023-04-19,INDIAN_OCEAN,27.2,11.2,0.51,0.0,22.9,0
2023-04-20,INDIAN_OCEAN,27.6,18.3,0.48,0.0,15.9,0
2023-04-21,INDIAN_OCEAN,26.8,16.6,0.45,0.0,15.5,0
2023-04-22,INDIAN_OCEAN,29.2,23.2,1.02,0.0,11.6,0
2023-04-23,INDIAN_OCEAN,27.3,22.0,0.97,0.0,12.9,0
2023-04-24,INDIAN_OCEAN,25.9,27.3,1.28,0.0,12.0,0
2023-04-25,INDIAN_OCEAN,24.4,25.1,1.3,0.0,12.2,0
2023-04-26,INDIAN_OCEAN,25.0,24.0,1.12,0.0,13.2,0
2023-04-27,INDIAN_OCEAN,23.0,24.0,1.5,0.0,16.0,0
2023-04-28,INDIAN_OCEAN,22.6,34.1,2.58,0.0,12.3,0
2023-04-29,INDIAN_OCEAN,19.8,34.3,2.37,0.0,10.2,0
2023-04-30,INDIAN_OCEAN,21.0,28.8,2.26,0.0,10.1,0
2023-05-01,INDIAN_OCEAN,20.8,30.2,2.2,0.0,13.5,0
2023-05-02,INDIAN_OCEAN,19.2,26.7,2.14,0.0,12.5,0
2023-05-03,INDIAN_OCEAN,21.7,23.2,2.48,0.0,10.9,0
2023-05-04,INDIAN_OCEAN,20.3,25.2,2.63,0.0,14.0,0
2023-05-05,INDIAN_OCEAN,22.2,23.8,1.76,0.0,14.9,0
2023-05-06,INDIAN_OCEAN,21.5,23.5,1.92,0.0,9.8,0
2023-05-07,INDIAN_OCEAN,24.4,22.3,2.27,0.0,12.5,0
2023-05-08,INDIAN_OCEAN,25.6,22.5,2.09,0.0,13.5,0
2023-05-09,INDIAN_OCEAN,24.0,22.9,2.4,0.0,14.7,0
2023-05-10,INDIAN_OCEAN,22.7,14.8,1.61,0.0,15.1,0
2023-05-11,INDIAN_OCEAN,23.9,17.2,1.15,0.0,13.9,0
2023-05-12,INDIAN_OCEAN,23.7,13.4,1.07,0.0,17.3,0
2023-05-13,INDIAN_OCEAN,23.6,8.5,0.23,0.0,16.9,0
2023-05-14,INDIAN_OCEAN,25.6,9.3,0.34,0.0,18.2,0
2023-05-15,INDIAN_OCEAN,24.4,10.5,1.01,0.0,15.4,0
2023-05-16,INDIAN_OCEAN,24.5,8.8,0.26,0.0,15.5,0
2023-05-17,INDIAN_OCEAN,26.0,12.7,0.2,0.0,17.6,0
2023-05-18,INDIAN_OCEAN,26.9,8.3,0.2,0.0,18.1,0
2023-05-19,INDIAN_OCEAN,26.3,7.9,0.2,0.0,19.2,0
2023-05-20,INDIAN_OCEAN,25.6,6.9,0.2,0.0,17.3,0
2023-05-21,INDIAN_OCEAN,22.8,8.0,0.75,0.0,16.6,0
2023-05-22,INDIAN_OCEAN,21.5,10.2,1.25,0.0,19.2,0
2023-05-23,INDIAN_OCEAN,22.4,7.3,1.26,0.0,15.7,0
2023-05-24,INDIAN_OCEAN,22.5,11.2,1.45,0.0,18.7,0
2023-05-25,INDIAN_OCEAN,22.8,12.1,1.57,0.0,18.6,0
2023-05-26,INDIAN_OCEAN,24.6,5.8,0.88,0.0,19.7,0
2023-05-27,INDIAN_OCEAN,22.8,2.0,1.0,0.0,18.4,0
2023-05-28,INDIAN_OCEAN,22.6,2.5,0.56,0.0,18.1,0
2023-05-29,INDIAN_OCEAN,23.1,3.6,0.95,0.0,18.7,0
2023-05-30,INDIAN_OCEAN,22.2,5.1,1.42,0.0,16.6,0
2023-05-31,INDIAN_OCEAN,24.6,6.6,1.45,0.0,16.7,0
2023-06-01,INDIAN_OCEAN,25.9,8.7,1.39,0.0,18.5,0
2023-06-02,INDIAN_OCEAN,26.1,13.2,1.69,0.0,17.3,0
2023-06-03,INDIAN_OCEAN,28.5,9.6,0.39,0.0,15.7,0
2023-06-04,INDIAN_OCEAN,25.5,6.3,0.47,0.0,19.3,0
2023-06-05,INDIAN_OCEAN,25.3,3.7,0.39,0.0,19.6,0
2023-06-06,INDIAN_OCEAN,25.6,6.6,0.6,0.0,20.4,0
2023-06-07,INDIAN_OCEAN,24.0,12.4,1.21,0.0,17.4,0
2023-06-08,INDIAN_OCEAN,24.4,11.4,1.13,0.0,18.4,0
2023-06-09,INDIAN_OCEAN,22.7,3.0,0.31,0.0,19.9,0
2023-06-10,INDIAN_OCEAN,23.9,2.0,0.3,0.0,20.9,0
2023-06-11,INDIAN_OCEAN,25.5,2.0,0.4,0.0,17.5,0
2023-06-12,INDIAN_OCEAN,25.6,2.0,0.5,0.0,19.3,0
2023-06-13,INDIAN_OCEAN,22.6,2.0,0.6,0.0,19.4,0
2023-06-14,INDIAN_OCEAN,21.3,2.6,1.02,0.0,18.9,0
2023-06-15,INDIAN_OCEAN,22.5,3.4,0.62,0.0,19.7,0
2023-06-16,INDIAN_OCEAN,22.7,9.1,0.99,0.0,18.4,0
2023-06-17,INDIAN_OCEAN,18.8,7.7,1.4,0.0,18.4,0
2023-06-18,INDIAN_OCEAN,21.4,5.8,0.6,0.0,18.1,0
2023-06-19,INDIAN_OCEAN,22.0,9.0,0.88,0.0,16.4,0
2023-06-20,INDIAN_OCEAN,21.0,4.5,0.48,0.0,20.4,0
2023-06-21,INDIAN_OCEAN,22.9,7.6,0.57,0.0,18.4,0
2023-06-22,INDIAN_OCEAN,22.0,9.3,0.41,0.0,15.9,0
2023-06-23,INDIAN_OCEAN,21.2,9.7,0.5,0.0,17.0,0
2023-06-24,INDIAN_OCEAN,22.1,16.4,1.61,0.0,12.8,0
2023-06-25,INDIAN_OCEAN,25.0,14.1,1.01,0.0,16.1,0
2023-06-26,INDIAN_OCEAN,27.2,21.8,1.03,0.0,13.6,0
2023-06-27,INDIAN_OCEAN,27.2,20.1,0.61,0.0,13.5,0
2023-06-28,INDIAN_OCEAN,27.3,14.9,1.17,0.0,18.2,0
2023-06-29,INDIAN_OCEAN,28.0,15.3,1.06,0.0,14.0,0
2023-06-30,INDIAN_OCEAN,25.4,11.5,0.92,0.0,17.8,0
2023-07-01,INDIAN_OCEAN,26.1,9.5,0.73,0.0,20.6,0
2023-07-02,INDIAN_OCEAN,24.6,11.9,0.58,0.0,18.3,0
2023-07-03,INDIAN_OCEAN,24.9,14.5,0.75,0.0,15.9,0
2023-07-04,INDIAN_OCEAN,24.4,12.5,1.65,0.0,14.8,0
2023-07-05,INDIAN_OCEAN,25.0,16.6,2.27,0.0,13.3,0
2023-07-06,INDIAN_OCEAN,24.9,20.7,2.0,0.0,13.6,0
2023-07-07,INDIAN_OCEAN,20.1,25.1,2.38,0.0,11.9,0
2023-07-08,INDIAN_OCEAN,20.9,25.7,2.0,0.0,11.7,0
2023-07-09,INDIAN_OCEAN,22.2,29.1,1.51,0.0,11.4,0
2023-07-10,INDIAN_OCEAN,23.1,20.4,1.55,0.0,14.1,0
2023-07-11,INDIAN_OCEAN,23.0,18.6,1.89,0.0,15.5,0
2023-07-12,INDIAN_OCEAN,25.5,15.1,2.02,0.0,13.9,0
2023-07-13,INDIAN_OCEAN,25.7,15.6,1.75,0.0,14.6,0
2023-07-14,INDIAN_OCEAN,26.0,13.6,1.51,0.0,15.9,0
2023-07-15,INDIAN_OCEAN,27.2,13.4,1.73,0.0,16.0,0
2023-07-16,INDIAN_OCEAN,27.2,20.6,2.13,0.0,17.0,0
2023-07-17,INDIAN_OCEAN,25.3,19.3,1.83,0.0,15.0,0
2023-07-18,INDIAN_OCEAN,21.4,20.3,1.24,0.0,11.9,0
2023-07-19,INDIAN_OCEAN,21.0,18.8,1.28,0.0,15.4,0
2023-07-20,INDIAN_OCEAN,22.5,18.6,1.71,0.0,15.6,0
2023-07-21,INDIAN_OCEAN,22.1,18.3,1.23,0.0,14.7,0
2023-07-22,INDIAN_OCEAN,23.5,19.5,1.58,0.0,12.7,0
2023-07-23,INDIAN_OCEAN,23.8,23.2,1.88,0.0,16.1,0
2023-07-24,INDIAN_OCEAN,25.7,28.0,2.37,0.0,10.5,0
2023-07-25,INDIAN_OCEAN,24.9,27.3,2.57,0.0,13.3,0
2023-07-26,INDIAN_OCEAN,25.4,27.8,2.22,0.0,12.5,0
2023-07-27,INDIAN_OCEAN,25.9,21.8,1.3,0.0,14.8,0
2023-07-28,INDIAN_OCEAN,27.8,20.6,1.13,0.0,16.8,0
2023-07-29,INDIAN_OCEAN,24.6,23.3,1.68,0.0,14.3,0
2023-07-30,INDIAN_OCEAN,23.8,25.3,1.6,0.0,12.1,0
2023-07-31,INDIAN_OCEAN,25.0,24.7,1.37,0.0,14.7,0
2023-08-01,INDIAN_OCEAN,27.1,26.6,0.9,0.0,11.6,0
2023-08-02,INDIAN_OCEAN,27.0,26.7,1.75,0.0,12.8,0
2023-08-03,INDIAN_OCEAN,26.0,29.4,2.22,0.0,9.8,0
2023-08-04,INDIAN_OCEAN,26.8,28.4,2.42,0.0,10.5,0
2023-08-05,INDIAN_OCEAN,27.7,25.3,2.53,0.0,13.0,0
2023-08-06,INDIAN_OCEAN,26.5,25.1,2.59,0.0,13.5,0
2023-08-07,INDIAN_OCEAN,26.6,13.1,1.76,0.0,13.8,0
2023-08-08,INDIAN_OCEAN,28.0,14.9,1.69,0.0,16.6,0
2023-08-09,INDIAN_OCEAN,30.2,2.0,0.82,0.0,18.2,0
2023-08-10,INDIAN_OCEAN,30.3,2.0,1.75,0.0,21.4,0
2023-08-11,INDIAN_OCEAN,29.4,2.1,1.74,0.0,18.9,0
2023-08-12,INDIAN_OCEAN,28.5,5.9,1.56,0.0,16.7,0
2023-08-13,INDIAN_OCEAN,28.7,3.2,1.46,0.0,19.2,0
2023-08-14,INDIAN_OCEAN,27.8,2.5,0.92,0.0,17.9,0
2023-08-15,INDIAN_OCEAN,27.5,9.4,1.77,0.0,19.3,0
2023-08-16,INDIAN_OCEAN,25.4,8.6,1.35,0.0,17.6,0
2023-08-17,INDIAN_OCEAN,27.1,17.8,1.92,0.0,14.8,0
2023-08-18,INDIAN_OCEAN,24.9,17.4,2.2,0.0,16.0,0
2023-08-19,INDIAN_OCEAN,24.1,18.7,2.26,0.0,13.3,0
2023-08-20,INDIAN_OCEAN,24.3,24.0,2.41,0.0,11.3,0
2023-08-21,INDIAN_OCEAN,27.2,23.2,2.26,0.0,14.1,0
2023-08-22,INDIAN_OCEAN,26.1,18.5,1.9,0.0,13.2,0
2023-08-23,INDIAN_OCEAN,24.8,17.7,1.58,0.0,13.4,0
2023-08-24,INDIAN_OCEAN,23.9,17.2,1.37,0.0,16.4,0
2023-08-25,INDIAN_OCEAN,26.4,12.1,1.67,0.0,17.4,0
2023-08-26,INDIAN_OCEAN,21.9,11.7,1.51,0.0,14.9,0
2023-08-27,INDIAN_OCEAN,20.7,9.6,1.06,0.0,16.4,0
2023-08-28,INDIAN_OCEAN,25.4,13.8,1.09,0.0,14.8,0
2023-08-29,INDIAN_OCEAN,26.1,14.2,1.54,0.0,18.7,0
2023-08-30,INDIAN_OCEAN,24.2,13.4,1.7,0.0,17.6,0
2023-08-31,INDIAN_OCEAN,24.2,13.3,1.81,0.0,15.6,0
2023-09-01,INDIAN_OCEAN,24.3,14.4,1.67,0.0,16.8,0
2023-09-02,INDIAN_OCEAN,25.6,16.8,1.92,0.0,13.3,0
2023-09-03,INDIAN_OCEAN,28.2,13.0,1.4,0.0,15.4,0
2023-09-04,INDIAN_OCEAN,28.2,9.6,1.11,0.0,17.5,0
2023-09-05,INDIAN_OCEAN,26.9,14.4,1.69,0.0,16.6,0
2023-09-06,INDIAN_OCEAN,27.7,13.1,1.87,0.0,16.2,0
2023-09-07,INDIAN_OCEAN,26.2,8.3,1.15,0.0,18.0,0
2023-09-08,INDIAN_OCEAN,24.4,11.0,0.95,0.0,17.0,0
2023-09-09,INDIAN_OCEAN,21.8,13.3,1.14,0.0,16.0,0
2023-09-10,INDIAN_OCEAN,19.9,8.1,1.53,0.0,17.3,0
2023-09-11,INDIAN_OCEAN,19.3,10.0,0.83,0.0,16.6,0
2023-09-12,INDIAN_OCEAN,18.4,13.4,1.15,0.0,16.6,0
2023-09-13,INDIAN_OCEAN,19.8,15.0,0.76,0.0,16.4,0
2023-09-14,INDIAN_OCEAN,18.8,17.3,0.77,0.0,15.5,0
2023-09-15,INDIAN_OCEAN,15.0,11.9,0.51,0.0,14.9,0
2023-09-16,INDIAN_OCEAN,14.9,13.6,0.58,0.0,14.7,0
2023-09-17,INDIAN_OCEAN,15.7,12.7,0.48,0.0,17.0,0
2023-09-18,INDIAN_OCEAN,16.2,11.3,0.57,0.0,19.0,0
2023-09-19,INDIAN_OCEAN,19.8,15.0,0.68,0.0,16.0,0
2023-09-20,INDIAN_OCEAN,19.7,20.4,0.55,0.0,13.7,0
2023-09-21,INDIAN_OCEAN,21.9,26.0,1.33,0.0,13.1,0
2023-09-22,INDIAN_OCEAN,22.3,29.1,1.87,0.0,10.2,0
2023-09-23,INDIAN_OCEAN,22.7,26.6,2.08,0.0,14.5,0
2023-09-24,INDIAN_OCEAN,21.8,26.1,1.47,0.0,13.0,0
2023-09-25,INDIAN_OCEAN,22.3,27.2,1.72,0.0,11.4,0
2023-09-26,INDIAN_OCEAN,21.6,25.8,1.94,0.0,12.5,0
2023-09-27,INDIAN_OCEAN,22.4,24.6,1.5,0.0,12.3,0
2023-09-28,INDIAN_OCEAN,22.5,26.1,1.65,0.0,14.7,0
2023-09-29,INDIAN_OCEAN,21.6,24.2,1.56,0.0,12.9,0
2023-09-30,INDIAN_OCEAN,23.7,20.1,2.07,0.0,14.6,0
2023-10-01,INDIAN_OCEAN,24.6,17.8,2.56,0.0,15.9,0
2023-10-02,INDIAN_OCEAN,24.1,19.7,1.83,0.0,13.4,0
2023-10-03,INDIAN_OCEAN,24.5,18.9,2.65,0.0,15.0,0
2023-10-04,INDIAN_OCEAN,24.6,19.5,2.13,0.0,15.0,0
2023-10-05,INDIAN_OCEAN,23.5,21.2,2.45,0.0,11.7,0
2023-10-06,INDIAN_OCEAN,23.9,18.8,2.53,0.0,15.1,0
2023-10-07,INDIAN_OCEAN,23.3,20.9,2.08,0.0,14.1,0
2023-10-08,INDIAN_OCEAN,22.3,21.3,2.19,0.0,14.2,0
2023-10-09,INDIAN_OCEAN,20.4,15.9,1.77,0.0,15.6,0
2023-10-10,INDIAN_OCEAN,20.7,20.9,2.14,0.0,14.5,0
2023-10-11,INDIAN_OCEAN,22.3,18.1,1.99,0.0,16.9,0
2023-10-12,INDIAN_OCEAN,21.9,11.6,2.0,0.0,15.0,0
2023-10-13,INDIAN_OCEAN,26.3,8.3,1.69,0.0,17.2,0
2023-10-14,INDIAN_OCEAN,27.6,5.5,1.36,0.0,19.5,0
2023-10-15,INDIAN_OCEAN,29.3,7.0,1.73,0.0,18.8,0
2023-10-16,INDIAN_OCEAN,30.1,7.1,1.79,0.0,18.7,0
2023-10-17,INDIAN_OCEAN,32.3,7.0,1.88,0.0,22.2,0
2023-10-18,INDIAN_OCEAN,30.2,10.3,1.62,0.0,18.0,0
2023-10-19,INDIAN_OCEAN,25.8,12.1,1.24,0.0,18.3,0
2023-10-20,INDIAN_OCEAN,25.2,13.6,1.1,0.0,15.7,0
2023-10-21,INDIAN_OCEAN,26.2,15.2,0.99,0.0,14.3,0
2023-10-22,INDIAN_OCEAN,26.5,17.2,1.45,0.0,14.7,0
2023-10-23,INDIAN_OCEAN,26.9,9.2,1.4,0.0,18.5,0
2023-10-24,INDIAN_OCEAN,28.9,8.6,1.25,0.0,18.2,0
2023-10-25,INDIAN_OCEAN,29.1,2.0,1.39,0.0,20.0,0
2023-10-26,INDIAN_OCEAN,29.9,3.6,1.82,0.0,18.7,0
2023-10-27,INDIAN_OCEAN,28.0,5.2,1.78,0.0,18.0,0
2023-10-28,INDIAN_OCEAN,26.2,10.2,1.55,0.0,16.9,0
2023-10-29,INDIAN_OCEAN,28.7,15.1,2.28,0.0,16.9,0
2023-10-30,INDIAN_OCEAN,28.6,15.7,2.1,0.0,16.9,0
2023-10-31,INDIAN_OCEAN,27.4,13.6,1.9,0.0,14.7,0
2023-11-01,INDIAN_OCEAN,26.4,15.4,1.74,0.0,16.8,0
2023-11-02,INDIAN_OCEAN,25.5,13.3,1.24,0.0,15.3,0
2023-11-03,INDIAN_OCEAN,24.7,13.4,0.72,0.0,17.0,0
2023-11-04,INDIAN_OCEAN,23.1,17.0,1.24,0.0,15.0,0
2023-11-05,INDIAN_OCEAN,21.4,14.5,0.88,0.0,18.3,0
2023-11-06,INDIAN_OCEAN,22.0,17.3,2.21,0.0,14.5,0
2023-11-07,INDIAN_OCEAN,21.9,19.2,1.76,0.0,14.9,0
2023-11-08,INDIAN_OCEAN,24.3,15.0,1.06,0.0,16.7,0
2023-11-09,INDIAN_OCEAN,25.2,18.3,1.47,0.0,13.6,0
2023-11-10,INDIAN_OCEAN,25.9,20.1,2.12,0.0,14.3,0
2023-11-11,INDIAN_OCEAN,25.0,19.5,2.01,0.0,14.1,0
2023-11-12,INDIAN_OCEAN,25.2,15.9,1.95,0.0,14.8,0
2023-11-13,INDIAN_OCEAN,26.1,12.5,1.0,0.0,15.8,0
2023-11-14,INDIAN_OCEAN,27.3,10.7,0.71,0.0,18.7,0
2023-11-15,INDIAN_OCEAN,27.2,13.1,0.53,0.0,15.4,0
2023-11-16,INDIAN_OCEAN,28.9,9.7,0.2,0.0,18.1,0
2023-11-17,INDIAN_OCEAN,28.7,11.9,0.23,0.0,17.1,0
2023-11-18,INDIAN_OCEAN,29.7,7.7,0.2,0.0,15.8,0
2023-11-19,INDIAN_OCEAN,28.7,7.8,0.2,0.0,18.6,0
2023-11-20,INDIAN_OCEAN,25.8,9.1,0.2,0.0,15.3,0
2023-11-21,INDIAN_OCEAN,26.5,18.5,0.2,0.0,15.8,0
2023-11-22,INDIAN_OCEAN,27.7,12.8,0.2,0.0,15.6,0
2023-11-23,INDIAN_OCEAN,28.6,18.2,0.73,0.0,14.9,0
2023-11-24,INDIAN_OCEAN,29.1,18.0,1.2,0.0,13.0,0
2023-11-25,INDIAN_OCEAN,28.4,18.8,1.57,0.0,14.9,0
2023-11-26,INDIAN_OCEAN,27.1,18.4,1.96,0.0,16.2,0
2023-11-27,INDIAN_OCEAN,28.0,19.3,1.91,0.0,13.4,0
2023-11-28,INDIAN_OCEAN,28.6,17.8,1.88,0.0,14.1,0
2023-11-29,INDIAN_OCEAN,27.7,22.4,2.21,0.0,14.4,0
2023-11-30,INDIAN_OCEAN,29.4,19.4,2.02,0.0,15.3,0
2023-12-01,INDIAN_OCEAN,27.9,22.6,1.94,0.0,10.0,0
2023-12-02,INDIAN_OCEAN,27.0,18.9,1.59,0.0,17.7,0
2023-12-03,INDIAN_OCEAN,29.6,17.8,1.24,0.0,15.8,0
2023-12-04,INDIAN_OCEAN,30.7,13.3,1.21,0.0,17.3,0
2023-12-05,INDIAN_OCEAN,29.7,14.9,1.27,0.0,15.6,0
2023-12-06,INDIAN_OCEAN,29.9,19.9,1.29,0.0,11.7,0
2023-12-07,INDIAN_OCEAN,29.9,18.6,1.05,0.0,15.8,0
2023-12-08,INDIAN_OCEAN,25.5,17.1,0.64,0.0,14.4,0
2023-12-09,INDIAN_OCEAN,24.5,12.5,0.92,0.0,17.3,0
2023-12-10,INDIAN_OCEAN,25.0,11.8,0.98,0.0,16.4,0
2023-12-11,INDIAN_OCEAN,25.0,6.2,0.43,0.0,18.6,0
2023-12-12,INDIAN_OCEAN,25.8,4.0,0.71,0.0,17.7,0
2023-12-13,INDIAN_OCEAN,27.9,6.2,0.63,0.0,19.6,0
2023-12-14,INDIAN_OCEAN,27.4,12.0,0.47,0.0,14.9,0
2023-12-15,INDIAN_OCEAN,26.0,22.3,1.5,0.0,17.1,0
2023-12-16,INDIAN_OCEAN,26.8,18.8,1.17,0.0,18.1,0
2023-12-17,INDIAN_OCEAN,26.6,23.1,1.32,0.0,16.0,0
2023-12-18,INDIAN_OCEAN,26.6,22.5,1.39,0.0,15.6,0
2023-12-19,INDIAN_OCEAN,26.4,20.5,1.77,0.0,14.1,0
2023-12-20,INDIAN_OCEAN,30.1,21.0,1.77,0.0,15.9,0
2023-12-21,INDIAN_OCEAN,26.5,20.0,1.27,0.0,14.3,0
2023-12-22,INDIAN_OCEAN,26.2,19.4,1.5,0.0,12.2,0
2023-12-23,INDIAN_OCEAN,26.5,16.9,1.21,0.0,17.5,0
2023-12-24,INDIAN_OCEAN,25.6,11.3,1.66,0.0,18.5,0
2023-12-25,INDIAN_OCEAN,27.4,6.0,1.3,0.0,18.3,0
2023-12-26,INDIAN_OCEAN,28.8,9.4,0.58,0.0,15.5,0
2023-12-27,INDIAN_OCEAN,28.6,9.0,0.79,0.0,16.6,0
2023-12-28,INDIAN_OCEAN,28.2,7.4,1.46,0.0,15.2,0
2023-12-29,INDIAN_OCEAN,28.1,8.3,1.97,0.0,19.1,0
2023-12-30,INDIAN_OCEAN,28.0,11.9,2.62,0.0,14.3,0
2023-12-31,INDIAN_OCEAN,27.9,12.7,2.01,0.0,16.9,0
2024-01-01,INDIAN_OCEAN,27.7,10.4,2.07,0.0,15.8,0
2024-01-02,INDIAN_OCEAN,28.2,15.2,1.86,0.0,13.6,0
2024-01-03,INDIAN_OCEAN,29.4,20.5,2.11,0.0,14.6,0
2024-01-04,INDIAN_OCEAN,27.4,21.2,1.58,0.0,13.6,0
2024-01-05,INDIAN_OCEAN,26.0,23.5,1.48,0.0,14.7,0
2024-01-06,INDIAN_OCEAN,23.8,26.4,1.44,0.0,10.7,0
2024-01-07,INDIAN_OCEAN,25.8,28.4,1.96,0.0,10.9,0
2024-01-08,INDIAN_OCEAN,26.6,28.3,2.26,0.0,8.5,0
2024-01-09,INDIAN_OCEAN,27.6,28.2,2.3,0.0,8.8,0
2024-01-10,INDIAN_OCEAN,25.6,27.8,1.74,0.0,14.9,0
2024-01-11,INDIAN_OCEAN,28.7,21.6,1.37,0.0,17.1,0
2024-01-12,INDIAN_OCEAN,27.8,22.8,1.22,0.0,13.7,0
2024-01-13,INDIAN_OCEAN,28.1,16.5,1.32,0.0,14.2,0
2024-01-14,INDIAN_OCEAN,29.5,13.1,1.6,0.0,15.9,0
2024-01-15,INDIAN_OCEAN,27.8,17.8,2.14,0.0,16.3,0
2024-01-16,INDIAN_OCEAN,27.1,20.1,1.86,0.0,13.6,0
2024-01-17,INDIAN_OCEAN,27.6,24.4,1.03,0.0,13.5,0
2024-01-18,INDIAN_OCEAN,32.0,21.7,0.42,0.0,13.9,0
2024-01-19,INDIAN_OCEAN,31.9,16.2,0.91,0.0,14.6,0
2024-01-20,INDIAN_OCEAN,33.8,14.9,0.8,0.0,15.0,0
2024-01-21,INDIAN_OCEAN,34.8,15.0,0.64,0.0,16.2,0
2024-01-22,INDIAN_OCEAN,34.4,15.0,1.38,0.0,14.3,0
2024-01-23,INDIAN_OCEAN,32.0,18.8,2.02,0.0,15.4,0
2024-01-24,INDIAN_OCEAN,33.1,16.6,1.82,0.0,14.6,0
2024-01-25,INDIAN_OCEAN,30.1,17.3,1.67,0.0,15.3,0
2024-01-26,INDIAN_OCEAN,32.3,13.1,1.37,0.0,18.4,0
2024-01-27,INDIAN_OCEAN,32.0,14.7,1.51,0.0,15.6,0
2024-01-28,INDIAN_OCEAN,27.5,14.5,2.04,0.0,17.3,0
2024-01-29,INDIAN_OCEAN,27.1,11.6,1.91,0.0,14.1,0
2024-01-30,INDIAN_OCEAN,28.3,11.0,1.99,0.0,16.2,0
2024-01-31,INDIAN_OCEAN,27.9,10.6,2.23,0.0,17.1,0
2024-02-01,INDIAN_OCEAN,29.1,10.0,1.56,0.0,20.1,0
2024-02-02,INDIAN_OCEAN,27.7,16.9,2.08,0.0,12.3,0
2024-02-03,INDIAN_OCEAN,25.8,15.9,1.8,0.0,15.4,0
2024-02-04,INDIAN_OCEAN,26.1,14.6,0.75,0.0,18.1,0
2024-02-05,INDIAN_OCEAN,26.4,6.9,0.2,0.0,16.9,0
2024-02-06,INDIAN_OCEAN,26.2,4.6,0.2,0.0,18.4,0
2024-02-07,INDIAN_OCEAN,28.3,4.9,0.2,0.0,19.1,0
2024-02-08,INDIAN_OCEAN,27.0,3.7,0.2,0.0,19.2,0
2024-02-09,INDIAN_OCEAN,27.7,10.1,0.63,0.0,19.5,0
2024-02-10,INDIAN_OCEAN,27.9,10.0,1.42,0.0,17.9,0
2024-02-11,INDIAN_OCEAN,25.6,15.1,1.16,0.0,17.8,0
2024-02-12,INDIAN_OCEAN,24.0,15.0,1.18,0.0,15.2,0
2024-02-13,INDIAN_OCEAN,24.6,14.9,1.32,0.0,14.7,0
2024-02-14,INDIAN_OCEAN,28.1,14.3,1.03,0.0,15.6,0
2024-02-15,INDIAN_OCEAN,28.9,14.2,1.09,0.0,14.3,0
2024-02-16,INDIAN_OCEAN,26.2,20.2,0.86,0.0,15.1,0
2024-02-17,INDIAN_OCEAN,21.8,10.9,1.05,0.0,16.4,0
2024-02-18,INDIAN_OCEAN,23.8,4.0,0.48,0.0,17.9,0
2024-02-19,INDIAN_OCEAN,24.3,3.5,1.25,0.0,19.8,0
2024-02-20,INDIAN_OCEAN,26.6,5.0,1.22,0.0,16.9,0
2024-02-21,INDIAN_OCEAN,25.4,8.7,1.7,0.0,18.7,0
2024-02-22,INDIAN_OCEAN,26.3,11.1,1.67,0.0,16.2,0
2024-02-23,INDIAN_OCEAN,27.8,10.1,1.5,0.0,18.9,0
2024-02-24,INDIAN_OCEAN,27.1,14.3,1.42,0.0,15.4,0
2024-02-25,INDIAN_OCEAN,26.6,17.9,1.62,0.0,15.9,0
2024-02-26,INDIAN_OCEAN,26.8,17.9,1.71,0.0,15.3,0
2024-02-27,INDIAN_OCEAN,27.7,20.7,1.53,0.0,15.3,0
2024-02-28,INDIAN_OCEAN,27.7,20.6,1.5,0.0,14.4,0
2024-02-29,INDIAN_OCEAN,29.2,17.5,1.15,0.0,12.6,0
2024-03-01,INDIAN_OCEAN,28.2,19.4,2.14,0.0,16.1,0
2024-03-02,INDIAN_OCEAN,26.1,18.9,1.97,0.0,14.6,0
2024-03-03,INDIAN_OCEAN,29.3,18.1,2.4,0.0,16.1,0
2024-03-04,INDIAN_OCEAN,28.1,22.8,2.38,0.0,14.7,0
2024-03-05,INDIAN_OCEAN,27.2,12.6,1.84,0.0,15.3,0
2024-03-06,INDIAN_OCEAN,27.1,7.6,0.99,0.0,16.5,0
2024-03-07,INDIAN_OCEAN,27.2,4.3,0.66,0.0,19.8,0
2024-03-08,INDIAN_OCEAN,26.7,4.4,0.77,0.0,18.3,0
2024-03-09,INDIAN_OCEAN,26.7,4.9,1.38,0.0,20.0,0
2024-03-10,INDIAN_OCEAN,26.8,2.0,1.21,0.0,19.2,0
2024-03-11,INDIAN_OCEAN,27.1,2.0,1.6,0.0,21.0,0
2024-03-12,INDIAN_OCEAN,23.6,2.0,1.65,0.0,20.1,0
2024-03-13,INDIAN_OCEAN,26.9,9.4,2.42,0.0,17.8,0
2024-03-14,INDIAN_OCEAN,26.7,16.6,2.49,0.0,14.8,0
2024-03-15,INDIAN_OCEAN,27.7,14.7,3.04,0.0,16.2,0
2024-03-16,INDIAN_OCEAN,25.5,13.3,2.45,0.0,18.1,0
2024-03-17,INDIAN_OCEAN,25.0,9.2,1.74,0.0,17.3,0
2024-03-18,INDIAN_OCEAN,24.3,3.1,0.86,0.0,19.9,0
2024-03-19,INDIAN_OCEAN,26.9,4.3,1.74,0.0,18.9,0
2024-03-20,INDIAN_OCEAN,26.0,2.1,1.74,0.0,19.6,0
2024-03-21,INDIAN_OCEAN,27.3,3.6,1.49,0.0,21.6,0
2024-03-22,INDIAN_OCEAN,26.2,2.0,1.72,0.0,21.2,0
2024-03-23,INDIAN_OCEAN,25.6,2.0,1.76,0.0,19.6,0
2024-03-24,INDIAN_OCEAN,25.4,2.0,2.26,0.0,19.8,0
2024-03-25,INDIAN_OCEAN,27.5,4.9,1.53,0.0,17.6,0
2024-03-26,INDIAN_OCEAN,24.6,7.8,1.44,0.0,17.6,0
2024-03-27,INDIAN_OCEAN,22.9,4.0,0.99,0.0,19.4,0
2024-03-28,INDIAN_OCEAN,20.5,8.6,0.48,0.0,18.9,0
2024-03-29,INDIAN_OCEAN,19.8,6.5,0.87,0.0,19.3,0
2024-03-30,INDIAN_OCEAN,19.6,10.0,0.95,0.0,15.5,0
2024-03-31,INDIAN_OCEAN,18.2,10.6,1.28,0.0,18.5,0
2024-04-01,INDIAN_OCEAN,18.3,6.2,1.88,0.0,18.1,0
2024-04-02,INDIAN_OCEAN,16.5,6.3,1.56,0.0,16.8,0
2024-04-03,INDIAN_OCEAN,16.4,8.8,1.41,0.0,19.5,0
2024-04-04,INDIAN_OCEAN,19.7,11.8,1.53,0.0,18.9,0
2024-04-05,INDIAN_OCEAN,21.3,11.7,1.81,0.0,17.1,0
2024-04-06,INDIAN_OCEAN,22.3,17.6,1.78,0.0,16.1,0
2024-04-07,INDIAN_OCEAN,21.4,20.8,1.65,0.0,15.3,0
2024-04-08,INDIAN_OCEAN,19.8,18.9,1.93,0.0,16.8,0
2024-04-09,INDIAN_OCEAN,19.0,20.9,2.09,0.0,15.2,0
2024-04-10,INDIAN_OCEAN,20.0,26.9,1.57,0.0,10.5,0
2024-04-11,INDIAN_OCEAN,22.2,32.1,1.46,0.0,14.0,0
2024-04-12,INDIAN_OCEAN,24.1,25.1,1.8,0.0,14.6,0
2024-04-13,INDIAN_OCEAN,25.3,20.2,1.71,0.0,13.6,0
2024-04-14,INDIAN_OCEAN,24.3,24.7,1.64,0.0,11.5,0
2024-04-15,INDIAN_OCEAN,24.5,19.4,1.35,0.0,15.3,0
2024-04-16,INDIAN_OCEAN,24.2,13.9,1.13,0.0,15.7,0
2024-04-17,INDIAN_OCEAN,24.1,12.3,1.34,0.0,17.1,0
2024-04-18,INDIAN_OCEAN,27.4,14.1,0.92,0.0,17.2,0
2024-04-19,INDIAN_OCEAN,24.5,13.9,0.68,0.0,15.3,0
2024-04-20,INDIAN_OCEAN,24.3,11.7,0.79,0.0,15.1,0
2024-04-21,INDIAN_OCEAN,26.3,9.7,0.74,0.0,17.9,0
2024-04-22,INDIAN_OCEAN,24.0,7.9,0.92,0.0,17.0,0
2024-04-23,INDIAN_OCEAN,23.2,5.8,0.39,0.0,18.6,0
2024-04-24,INDIAN_OCEAN,22.8,15.4,1.1,0.0,13.7,0
2024-04-25,INDIAN_OCEAN,22.8,16.4,1.59,0.0,15.0,0
2024-04-26,INDIAN_OCEAN,20.8,19.3,1.88,0.0,15.7,0
2024-04-27,INDIAN_OCEAN,22.4,16.9,1.75,0.0,16.2,0
2024-04-28,INDIAN_OCEAN,23.8,16.0,1.61,0.0,14.3,0
2024-04-29,INDIAN_OCEAN,24.8,13.2,1.13,0.0,14.5,0
2024-04-30,INDIAN_OCEAN,23.5,4.0,0.66,0.0,18.9,0
2024-05-01,INDIAN_OCEAN,23.9,2.0,1.05,0.0,20.3,0
2024-05-02,INDIAN_OCEAN,22.7,2.0,0.93,0.0,20.0,0
2024-05-03,INDIAN_OCEAN,22.6,2.0,0.57,0.0,18.7,0
2024-05-04,INDIAN_OCEAN,26.1,2.0,0.42,0.0,19.9,0
2024-05-05,INDIAN_OCEAN,26.1,2.0,0.55,0.0,21.7,0
2024-05-06,INDIAN_OCEAN,24.1,2.0,0.44,0.0,19.7,0
2024-05-07,INDIAN_OCEAN,24.5,7.9,0.96,0.0,15.3,0
2024-05-08,INDIAN_OCEAN,22.5,10.5,1.29,0.0,17.4,0
2024-05-09,INDIAN_OCEAN,21.1,14.0,1.75,0.0,19.1,0
2024-05-10,INDIAN_OCEAN,20.1,10.9,2.02,0.0,15.0,0
2024-05-11,INDIAN_OCEAN,20.1,13.5,2.33,0.0,16.3,0
2024-05-12,INDIAN_OCEAN,22.2,16.4,1.93,0.0,15.1,0
2024-05-13,INDIAN_OCEAN,23.4,14.1,1.39,0.0,16.2,0
2024-05-14,INDIAN_OCEAN,24.4,16.3,1.45,0.0,15.7,0
2024-05-15,INDIAN_OCEAN,22.8,18.2,1.38,0.0,16.6,0
2024-05-16,INDIAN_OCEAN,22.2,15.8,0.88,0.0,15.7,0
2024-05-17,INDIAN_OCEAN,23.0,11.7,0.61,0.0,18.6,0
2024-05-18,INDIAN_OCEAN,22.2,8.0,0.37,0.0,17.6,0
2024-05-19,INDIAN_OCEAN,22.2,9.4,0.33,0.0,16.8,0
2024-05-20,INDIAN_OCEAN,23.2,11.5,0.47,0.0,15.8,0
2024-05-21,INDIAN_OCEAN,22.8,9.3,0.92,0.0,14.7,0
2024-05-22,INDIAN_OCEAN,23.4,10.3,1.07,0.0,17.5,0
2024-05-23,INDIAN_OCEAN,25.9,13.1,2.11,0.0,19.4,0
2024-05-24,INDIAN_OCEAN,25.4,15.7,2.13,0.0,16.3,0
2024-05-25,INDIAN_OCEAN,27.0,21.3,2.16,0.0,15.1,0
2024-05-26,INDIAN_OCEAN,27.4,25.0,2.25,0.0,12.4,0
2024-05-27,INDIAN_OCEAN,24.7,20.0,2.01,0.0,14.0,0
2024-05-28,INDIAN_OCEAN,23.0,25.4,2.35,0.0,14.4,0
2024-05-29,INDIAN_OCEAN,21.9,22.0,2.84,0.0,16.8,0
2024-05-30,INDIAN_OCEAN,20.9,24.8,2.45,0.0,15.3,0
2024-05-31,INDIAN_OCEAN,21.3,23.7,2.58,0.0,14.6,0
2024-06-01,INDIAN_OCEAN,22.6,21.0,2.36,0.0,14.2,0
2024-06-02,INDIAN_OCEAN,24.7,13.7,1.29,0.0,16.5,0
2024-06-03,INDIAN_OCEAN,25.1,13.4,1.55,0.0,15.1,0
2024-06-04,INDIAN_OCEAN,24.2,8.1,1.69,0.0,15.6,0
2024-06-05,INDIAN_OCEAN,21.1,12.8,1.47,0.0,14.7,0
2024-06-06,INDIAN_OCEAN,21.6,18.7,1.72,0.0,14.8,0
2024-06-07,INDIAN_OCEAN,22.0,15.4,0.89,0.0,15.3,0
2024-06-08,INDIAN_OCEAN,22.5,16.5,0.59,0.0,13.2,0
2024-06-09,INDIAN_OCEAN,25.9,13.8,1.0,0.0,16.1,0
2024-06-10,INDIAN_OCEAN,27.4,11.8,0.79,0.0,16.2,0
2024-06-11,INDIAN_OCEAN,28.1,15.2,0.64,0.0,14.0,0
2024-06-12,INDIAN_OCEAN,26.0,15.2,0.87,0.0,15.2,0
2024-06-13,INDIAN_OCEAN,24.9,21.5,1.1,0.0,13.5,0
2024-06-14,INDIAN_OCEAN,24.6,19.0,0.91,0.0,13.8,0
2024-06-15,INDIAN_OCEAN,23.3,22.1,1.46,0.0,15.2,0
2024-06-16,INDIAN_OCEAN,24.1,21.5,1.06,0.0,11.1,0
2024-06-17,INDIAN_OCEAN,24.6,23.5,0.96,0.0,10.4,0
2024-06-18,INDIAN_OCEAN,22.8,20.8,1.04,0.0,14.2,0
2024-06-19,INDIAN_OCEAN,24.7,19.9,1.47,0.0,14.6,0
2024-06-20,INDIAN_OCEAN,24.7,18.9,1.89,0.0,15.3,0
2024-06-21,INDIAN_OCEAN,21.9,15.4,1.41,0.0,14.9,0
2024-06-22,INDIAN_OCEAN,22.1,17.9,1.86,0.0,13.6,0
2024-06-23,INDIAN_OCEAN,22.8,19.9,1.61,0.0,14.4,0
2024-06-24,INDIAN_OCEAN,24.3,21.5,2.34,0.0,13.3,0
2024-06-25,INDIAN_OCEAN,23.7,26.2,2.03,0.0,15.0,0
2024-06-26,INDIAN_OCEAN,24.9,29.9,2.67,0.0,11.2,0
2024-06-27,INDIAN_OCEAN,25.0,26.4,2.15,0.0,12.5,0
2024-06-28,INDIAN_OCEAN,22.8,26.2,2.82,0.0,16.4,0
2024-06-29,INDIAN_OCEAN,20.8,22.4,2.66,0.0,13.4,0
2024-06-30,INDIAN_OCEAN,22.9,21.5,2.06,0.0,14.8,0
2024-07-01,INDIAN_OCEAN,24.8,18.6,1.65,0.0,15.8,0
2024-07-02,INDIAN_OCEAN,25.1,24.0,2.18,0.0,14.4,0
2024-07-03,INDIAN_OCEAN,27.1,24.1,2.49,0.0,13.7,0
2024-07-04,INDIAN_OCEAN,28.1,22.1,2.22,0.0,14.1,0
2024-07-05,INDIAN_OCEAN,28.5,25.5,2.31,0.0,13.0,0
2024-07-06,INDIAN_OCEAN,26.3,16.3,2.03,0.0,14.6,0
2024-07-07,INDIAN_OCEAN,28.5,9.0,1.59,0.0,18.0,0
2024-07-08,INDIAN_OCEAN,28.6,12.9,1.21,0.0,19.4,0
2024-07-09,INDIAN_OCEAN,27.2,13.6,0.96,0.0,18.0,0
2024-07-10,INDIAN_OCEAN,25.7,14.8,1.17,0.0,16.3,0
2024-07-11,INDIAN_OCEAN,25.7,10.2,1.41,0.0,18.4,0
2024-07-12,INDIAN_OCEAN,22.9,11.0,1.97,0.0,15.6,0
2024-07-13,INDIAN_OCEAN,24.0,19.0,2.49,0.0,14.3,0
2024-07-14,INDIAN_OCEAN,22.5,21.5,2.53,0.0,15.4,0
2024-07-15,INDIAN_OCEAN,23.2,21.3,2.62,0.0,16.3,0
2024-07-16,INDIAN_OCEAN,22.5,18.9,2.07,0.0,13.5,0
2024-07-17,INDIAN_OCEAN,22.2,17.1,1.82,0.0,14.5,0
2024-07-18,INDIAN_OCEAN,21.3,9.2,1.06,0.0,20.7,0
2024-07-19,INDIAN_OCEAN,21.4,11.2,0.7,0.0,17.0,0
2024-07-20,INDIAN_OCEAN,24.5,14.9,1.1,0.0,18.6,0
2024-07-21,INDIAN_OCEAN,26.5,9.4,0.94,0.0,17.7,0
2024-07-22,INDIAN_OCEAN,26.6,8.0,1.15,0.0,18.1,0
2024-07-23,INDIAN_OCEAN,26.1,5.0,1.17,0.0,18.1,0
2024-07-24,INDIAN_OCEAN,27.0,3.2,1.1,0.0,20.5,0
2024-07-25,INDIAN_OCEAN,28.1,5.3,1.34,0.0,20.5,0
2024-07-26,INDIAN_OCEAN,26.2,2.0,1.06,0.0,17.9,0
2024-07-27,INDIAN_OCEAN,25.7,4.1,1.24,0.0,18.3,0
2024-07-28,INDIAN_OCEAN,22.7,8.6,1.12,0.0,19.0,0
2024-07-29,INDIAN_OCEAN,24.5,8.8,1.24,0.0,17.3,0
2024-07-30,INDIAN_OCEAN,27.5,2.0,1.1,0.0,18.7,0
2024-07-31,INDIAN_OCEAN,27.0,2.0,0.78,0.0,21.0,0
2024-08-01,INDIAN_OCEAN,23.3,6.5,1.01,0.0,19.8,0
2024-08-02,INDIAN_OCEAN,24.3,2.0,0.54,0.0,18.8,0
2024-08-03,INDIAN_OCEAN,22.8,2.0,0.38,0.0,19.8,0
2024-08-04,INDIAN_OCEAN,22.0,2.0,0.2,0.0,17.6,0
2024-08-05,INDIAN_OCEAN,23.2,3.2,0.69,0.0,17.8,0
2024-08-06,INDIAN_OCEAN,23.6,2.7,1.06,0.0,19.4,0
2024-08-07,INDIAN_OCEAN,22.9,6.1,1.36,0.0,18.3,0
2024-08-08,INDIAN_OCEAN,22.1,9.6,2.15,0.0,15.9,0
2024-08-09,INDIAN_OCEAN,22.5,17.1,2.25,0.0,14.1,0
2024-08-10,INDIAN_OCEAN,22.1,16.2,3.13,0.0,13.9,0
2024-08-11,INDIAN_OCEAN,20.7,17.5,2.77,0.0,15.8,0
2024-08-12,INDIAN_OCEAN,20.7,11.9,2.32,0.0,13.7,0
2024-08-13,INDIAN_OCEAN,21.7,16.8,2.2,0.0,13.8,0
2024-08-14,INDIAN_OCEAN,21.8,13.9,2.04,0.0,13.3,0
2024-08-15,INDIAN_OCEAN,20.0,12.1,2.1,0.0,17.2,0
2024-08-16,INDIAN_OCEAN,22.1,12.6,1.9,0.0,13.8,0
2024-08-17,INDIAN_OCEAN,18.2,7.4,2.15,0.0,18.0,0
2024-08-18,INDIAN_OCEAN,18.4,9.5,2.1,0.0,19.8,0
2024-08-19,INDIAN_OCEAN,18.4,13.9,2.22,0.0,18.6,0
2024-08-20,INDIAN_OCEAN,19.4,15.2,1.77,0.0,13.0,0
2024-08-21,INDIAN_OCEAN,21.0,9.6,1.56,0.0,17.8,0
2024-08-22,INDIAN_OCEAN,23.1,10.0,1.44,0.0,15.7,0
2024-08-23,INDIAN_OCEAN,22.2,13.5,1.32,0.0,14.4,0
2024-08-24,INDIAN_OCEAN,23.4,7.1,0.71,0.0,17.8,0
2024-08-25,INDIAN_OCEAN,23.8,4.5,1.59,0.0,20.6,0
2024-08-26,INDIAN_OCEAN,21.3,9.3,1.59,0.0,18.3,0
2024-08-27,INDIAN_OCEAN,24.6,11.2,1.05,0.0,15.8,0
2024-08-28,INDIAN_OCEAN,22.4,13.3,0.93,0.0,17.3,0
2024-08-29,INDIAN_OCEAN,23.3,20.3,1.33,0.0,10.9,0
2024-08-30,INDIAN_OCEAN,24.1,21.3,1.63,0.0,12.9,0
2024-08-31,INDIAN_OCEAN,24.6,22.8,1.91,0.0,12.4,0
2024-09-01,INDIAN_OCEAN,23.8,31.4,2.55,0.0,11.3,0
2024-09-02,INDIAN_OCEAN,25.1,28.3,2.09,0.0,11.8,0
2024-09-03,INDIAN_OCEAN,22.7,23.5,1.95,0.0,13.2,0
2024-09-04,INDIAN_OCEAN,22.9,23.8,1.62,0.0,13.1,0
2024-09-05,INDIAN_OCEAN,22.3,24.1,1.45,0.0,13.3,0
2024-09-06,INDIAN_OCEAN,21.6,20.9,1.03,0.0,15.0,0
2024-09-07,INDIAN_OCEAN,22.7,16.3,0.49,0.0,15.7,0
2024-09-08,INDIAN_OCEAN,24.7,24.5,1.47,0.0,12.7,0
2024-09-09,INDIAN_OCEAN,24.2,24.3,1.78,0.0,13.8,0
2024-09-10,INDIAN_OCEAN,25.4,20.3,1.94,0.0,15.6,0
2024-09-11,INDIAN_OCEAN,25.4,22.8,2.01,0.0,12.8,0
2024-09-12,INDIAN_OCEAN,24.0,21.3,2.16,0.0,14.0,0
2024-09-13,INDIAN_OCEAN,23.7,19.4,1.34,0.0,16.3,0
2024-09-14,INDIAN_OCEAN,23.5,20.8,1.76,0.0,12.5,0
2024-09-15,INDIAN_OCEAN,22.7,15.3,1.53,0.0,18.4,0
2024-09-16,INDIAN_OCEAN,23.7,16.6,1.78,0.0,13.4,0
2024-09-17,INDIAN_OCEAN,24.2,23.2,2.18,0.0,13.0,0
2024-09-18,INDIAN_OCEAN,22.0,23.7,1.76,0.0,11.9,0
2024-09-19,INDIAN_OCEAN,20.0,21.0,1.1,0.0,17.4,0
2024-09-20,INDIAN_OCEAN,21.4,18.3,0.81,0.0,14.1,0
2024-09-21,INDIAN_OCEAN,20.7,16.3,1.06,0.0,14.7,0
2024-09-22,INDIAN_OCEAN,21.9,15.2,1.32,0.0,15.2,0
2024-09-23,INDIAN_OCEAN,23.6,13.8,0.77,0.0,16.3,0
2024-09-24,INDIAN_OCEAN,21.9,17.3,0.69,0.0,14.7,0
2024-09-25,INDIAN_OCEAN,20.3,10.7,0.26,0.0,16.8,0
2024-09-26,INDIAN_OCEAN,23.6,14.4,0.49,0.0,10.7,0
2024-09-27,INDIAN_OCEAN,24.4,13.1,0.2,0.0,16.4,0
2024-09-28,INDIAN_OCEAN,23.9,14.7,0.2,0.0,15.9,0
2024-09-29,INDIAN_OCEAN,22.8,10.6,0.2,0.0,18.6,0
2024-09-30,INDIAN_OCEAN,22.4,16.0,0.28,0.0,17.5,0
2024-10-01,INDIAN_OCEAN,21.1,20.3,0.29,0.0,14.0,0
2024-10-02,INDIAN_OCEAN,23.2,22.9,0.65,0.0,14.8,0
2024-10-03,INDIAN_OCEAN,22.4,16.2,0.91,0.0,13.8,0
2024-10-04,INDIAN_OCEAN,24.5,19.0,0.68,0.0,15.8,0
2024-10-05,INDIAN_OCEAN,24.1,19.8,0.82,0.0,13.6,0
2024-10-06,INDIAN_OCEAN,22.8,13.2,1.01,0.0,14.5,0
2024-10-07,INDIAN_OCEAN,22.6,13.3,0.92,0.0,16.0,0
2024-10-08,INDIAN_OCEAN,19.2,14.8,0.86,0.0,17.9,0
2024-10-09,INDIAN_OCEAN,20.0,16.8,1.47,0.0,15.6,0
2024-10-10,INDIAN_OCEAN,20.7,17.1,1.37,0.0,17.5,0
2024-10-11,INDIAN_OCEAN,22.7,17.7,1.82,0.0,13.9,0
2024-10-12,INDIAN_OCEAN,20.4,22.5,2.14,0.0,15.3,0
2024-10-13,INDIAN_OCEAN,23.0,25.7,2.1,0.0,11.8,0
2024-10-14,INDIAN_OCEAN,24.7,13.7,1.63,0.0,16.5,0
2024-10-15,INDIAN_OCEAN,26.8,12.7,1.62,0.0,16.8,0
2024-10-16,INDIAN_OCEAN,26.7,12.3,1.89,0.0,17.5,0
2024-10-17,INDIAN_OCEAN,28.1,6.3,1.26,0.0,18.6,0
2024-10-18,INDIAN_OCEAN,25.7,7.8,1.28,0.0,16.7,0
2024-10-19,INDIAN_OCEAN,26.9,13.3,1.48,0.0,17.6,0
2024-10-20,INDIAN_OCEAN,25.6,9.5,1.5,0.0,19.9,0
2024-10-21,INDIAN_OCEAN,23.3,11.4,1.14,0.0,15.9,0
2024-10-22,INDIAN_OCEAN,22.1,8.5,1.37,0.0,14.9,0
2024-10-23,INDIAN_OCEAN,22.8,7.0,1.39,0.0,18.8,0
2024-10-24,INDIAN_OCEAN,22.1,13.4,1.15,0.0,15.8,0
2024-10-25,INDIAN_OCEAN,23.4,11.5,1.51,0.0,16.6,0
2024-10-26,INDIAN_OCEAN,21.2,13.6,2.35,0.0,17.0,0
2024-10-27,INDIAN_OCEAN,18.8,6.9,2.17,0.0,17.4,0
2024-10-28,INDIAN_OCEAN,22.1,14.7,2.82,0.0,15.5,0
2024-10-29,INDIAN_OCEAN,24.1,16.7,2.66,0.0,15.2,0
2024-10-30,INDIAN_OCEAN,23.0,15.7,1.76,0.0,17.8,0
2024-10-31,INDIAN_OCEAN,23.6,17.5,1.11,0.0,15.2,0
2024-11-01,INDIAN_OCEAN,25.6,11.9,1.0,0.0,14.8,0
2024-11-02,INDIAN_OCEAN,26.4,16.4,1.05,0.0,13.6,0
2024-11-03,INDIAN_OCEAN,26.8,14.9,0.72,0.0,16.0,0
2024-11-04,INDIAN_OCEAN,28.4,14.0,0.78,0.0,14.4,0
2024-11-05,INDIAN_OCEAN,27.2,12.2,1.01,0.0,14.2,0
2024-11-06,INDIAN_OCEAN,27.2,10.3,0.44,0.0,18.1,0
2024-11-07,INDIAN_OCEAN,27.2,13.4,0.56,0.0,17.3,0
2024-11-08,INDIAN_OCEAN,26.8,14.3,1.3,0.0,15.4,0
2024-11-09,INDIAN_OCEAN,26.3,16.6,1.03,0.0,15.8,0
2024-11-10,INDIAN_OCEAN,26.5,16.1,1.4,0.0,15.8,0
2024-11-11,INDIAN_OCEAN,26.7,17.6,1.3,0.0,16.0,0
2024-11-12,INDIAN_OCEAN,25.2,15.5,1.43,0.0,16.6,0
2024-11-13,INDIAN_OCEAN,26.8,23.3,2.2,0.0,9.6,0
2024-11-14,INDIAN_OCEAN,25.4,16.2,2.02,0.0,15.1,0
2024-11-15,INDIAN_OCEAN,25.4,20.3,2.44,0.0,15.1,0
2024-11-16,INDIAN_OCEAN,25.3,24.2,2.05,0.0,12.6,0
2024-11-17,INDIAN_OCEAN,26.1,19.6,2.17,0.0,14.6,0
2024-11-18,INDIAN_OCEAN,23.2,26.7,2.1,0.0,13.7,0
2024-11-19,INDIAN_OCEAN,25.2,28.3,2.24,0.0,12.2,0
2024-11-20,INDIAN_OCEAN,24.5,29.6,2.35,0.0,14.0,0
2024-11-21,INDIAN_OCEAN,26.8,27.3,2.36,0.0,14.1,0
2024-11-22,INDIAN_OCEAN,26.3,24.4,2.26,0.0,13.0,0
2024-11-23,INDIAN_OCEAN,26.4,22.0,1.75,0.0,13.5,0
2024-11-24,INDIAN_OCEAN,29.5,22.1,1.26,0.0,9.5,0
2024-11-25,INDIAN_OCEAN,28.8,25.9,1.85,0.0,12.3,0
2024-11-26,INDIAN_OCEAN,30.5,24.6,1.86,0.0,11.1,0
2024-11-27,INDIAN_OCEAN,30.2,19.7,2.02,0.0,14.8,0
2024-11-28,INDIAN_OCEAN,30.5,21.7,2.02,0.0,14.2,0
2024-11-29,INDIAN_OCEAN,30.2,23.8,1.55,0.0,14.4,0
2024-11-30,INDIAN_OCEAN,31.1,24.6,1.98,0.0,15.2,0
2024-12-01,INDIAN_OCEAN,29.6,25.5,1.87,0.0,12.8,0
2024-12-02,INDIAN_OCEAN,27.9,22.7,1.85,0.0,17.1,0
2024-12-03,INDIAN_OCEAN,27.0,18.0,1.36,0.0,15.3,0
2024-12-04,INDIAN_OCEAN,27.3,14.1,1.79,0.0,14.1,0
2024-12-05,INDIAN_OCEAN,27.1,8.1,1.07,0.0,16.9,0
2024-12-06,INDIAN_OCEAN,28.3,9.7,1.02,0.0,16.7,0
2024-12-07,INDIAN_OCEAN,30.2,10.0,1.08,0.0,18.1,0
2024-12-08,INDIAN_OCEAN,28.5,8.9,0.64,0.0,16.1,0
2024-12-09,INDIAN_OCEAN,27.3,2.0,0.5,0.0,19.0,0
2024-12-10,INDIAN_OCEAN,25.3,2.0,1.12,0.0,19.2,0
2024-12-11,INDIAN_OCEAN,28.8,3.1,0.91,0.0,18.5,0
2024-12-12,INDIAN_OCEAN,29.2,2.2,0.98,0.0,20.6,0
2024-12-13,INDIAN_OCEAN,29.7,5.1,0.2,0.0,19.5,0
2024-12-14,INDIAN_OCEAN,27.5,2.0,0.2,0.0,21.2,0
2024-12-15,INDIAN_OCEAN,27.6,8.3,0.39,0.0,17.2,0
2024-12-16,INDIAN_OCEAN,28.5,8.5,0.23,0.0,19.4,0
2024-12-17,INDIAN_OCEAN,28.1,10.2,0.87,0.0,15.1,0
2024-12-18,INDIAN_OCEAN,29.7,19.0,1.24,0.0,12.6,0
2024-12-19,INDIAN_OCEAN,33.0,23.6,1.47,0.0,11.6,0
2024-12-20,INDIAN_OCEAN,30.9,20.9,1.26,0.0,14.2,0
2024-12-21,INDIAN_OCEAN,29.0,17.6,0.48,0.0,16.9,0
2024-12-22,INDIAN_OCEAN,27.6,15.7,0.2,0.0,14.7,0
2024-12-23,INDIAN_OCEAN,30.1,17.2,0.84,0.0,14.5,0
2024-12-24,INDIAN_OCEAN,31.4,16.2,0.2,0.0,15.1,0
2024-12-25,INDIAN_OCEAN,30.8,14.3,0.2,0.0,16.9,0
2024-12-26,INDIAN_OCEAN,30.5,19.4,0.4,0.0,13.9,0
2024-12-27,INDIAN_OCEAN,28.9,18.0,1.19,0.0,14.2,0
2024-12-28,INDIAN_OCEAN,30.2,25.5,1.91,0.0,10.8,0
2024-12-29,INDIAN_OCEAN,29.4,24.0,1.62,0.0,12.4,0
2024-12-30,INDIAN_OCEAN,28.9,28.8,2.37,0.0,13.7,0
2024-12-31,INDIAN_OCEAN,29.7,27.7,1.98,0.0,12.4,0
2025-01-01,INDIAN_OCEAN,29.2,29.0,2.41,0.0,10.8,0
2025-01-02,INDIAN_OCEAN,28.8,24.0,1.6,0.0,15.1,0
2025-01-03,INDIAN_OCEAN,28.7,19.2,1.79,0.0,13.7,0
2025-01-04,INDIAN_OCEAN,29.9,20.0,1.63,0.0,16.5,0
2025-01-05,INDIAN_OCEAN,32.2,22.5,1.38,0.0,15.8,0
2025-01-06,INDIAN_OCEAN,32.5,21.2,1.31,0.0,14.1,0
2025-01-07,INDIAN_OCEAN,33.1,15.3,1.18,0.0,13.5,0
2025-01-08,INDIAN_OCEAN,32.1,10.1,0.78,0.0,20.6,0
2025-01-09,INDIAN_OCEAN,30.5,5.4,0.81,0.0,19.1,0
2025-01-10,INDIAN_OCEAN,31.2,2.0,0.44,0.0,19.0,0
2025-01-11,INDIAN_OCEAN,31.0,2.5,0.74,0.0,20.7,0
2025-01-12,INDIAN_OCEAN,28.5,8.1,1.18,0.0,18.8,0
2025-01-13,INDIAN_OCEAN,28.0,8.8,1.16,0.0,19.5,0
2025-01-14,INDIAN_OCEAN,28.0,2.0,0.63,0.0,18.4,0
2025-01-15,INDIAN_OCEAN,27.3,2.4,0.72,0.0,19.8,0
2025-01-16,INDIAN_OCEAN,29.7,3.4,0.97,0.0,17.3,0
2025-01-17,INDIAN_OCEAN,30.2,12.4,2.12,0.0,17.5,0
2025-01-18,INDIAN_OCEAN,32.0,7.2,2.02,0.0,17.9,0
2025-01-19,INDIAN_OCEAN,31.9,6.7,2.13,0.0,18.6,0
2025-01-20,INDIAN_OCEAN,31.5,13.8,3.36,0.0,15.9,0
2025-01-21,INDIAN_OCEAN,29.6,15.3,3.21,0.0,15.3,0
2025-01-22,INDIAN_OCEAN,29.5,17.0,3.1,0.0,13.9,0
2025-01-23,INDIAN_OCEAN,29.3,16.8,3.01,0.0,16.5,0
2025-01-24,INDIAN_OCEAN,27.2,17.4,2.37,0.0,17.4,0
2025-01-25,INDIAN_OCEAN,26.5,19.6,2.13,0.0,13.7,0
2025-01-26,INDIAN_OCEAN,26.3,15.7,1.65,0.0,16.4,0
2025-01-27,INDIAN_OCEAN,27.3,18.4,1.97,0.0,15.5,0
2025-01-28,INDIAN_OCEAN,28.1,12.7,1.53,0.0,16.5,0
2025-01-29,INDIAN_OCEAN,27.3,13.9,1.58,0.0,13.8,0
2025-01-30,INDIAN_OCEAN,28.2,14.4,1.94,0.0,14.0,0
2025-01-31,INDIAN_OCEAN,27.9,12.0,2.01,0.0,15.5,0
2025-02-01,INDIAN_OCEAN,23.7,12.1,1.79,0.0,13.4,0
2025-02-02,INDIAN_OCEAN,23.6,10.0,1.33,0.0,19.3,0
2025-02-03,INDIAN_OCEAN,26.0,6.6,1.52,0.0,18.7,0
2025-02-04,INDIAN_OCEAN,23.8,6.3,1.67,0.0,18.2,0
2025-02-05,INDIAN_OCEAN,24.6,3.4,0.79,0.0,15.8,0
2025-02-06,INDIAN_OCEAN,27.5,6.0,0.81,0.0,15.6,0
2025-02-07,INDIAN_OCEAN,26.5,2.9,0.73,0.0,19.2,0
2025-02-08,INDIAN_OCEAN,26.8,7.0,1.22,0.0,21.0,0
2025-02-09,INDIAN_OCEAN,25.0,3.7,1.33,0.0,17.9,0
2025-02-10,INDIAN_OCEAN,27.9,3.1,1.29,0.0,20.4,0
2025-02-11,INDIAN_OCEAN,27.8,2.4,1.36,0.0,18.6,0
2025-02-12,INDIAN_OCEAN,27.9,8.8,1.57,0.0,17.6,0
2025-02-13,INDIAN_OCEAN,30.0,10.6,1.32,0.0,18.8,0
2025-02-14,INDIAN_OCEAN,30.7,10.3,1.17,0.0,16.6,0
2025-02-15,INDIAN_OCEAN,29.0,12.5,1.28,0.0,15.5,0
2025-02-16,INDIAN_OCEAN,27.9,5.0,0.88,0.0,20.7,0
2025-02-17,INDIAN_OCEAN,28.6,6.1,0.25,0.0,18.4,0
2025-02-18,INDIAN_OCEAN,27.6,14.4,0.65,0.0,17.6,0
2025-02-19,INDIAN_OCEAN,24.5,14.7,0.82,0.0,14.9,0
2025-02-20,INDIAN_OCEAN,24.9,14.8,0.82,0.0,18.0,0
2025-02-21,INDIAN_OCEAN,23.1,16.5,0.93,0.0,15.8,0
2025-02-22,INDIAN_OCEAN,26.3,19.3,1.34,0.0,15.3,0
2025-02-23,INDIAN_OCEAN,26.8,11.2,0.59,0.0,17.1,0
2025-02-24,INDIAN_OCEAN,25.5,5.5,0.2,0.0,17.7,0
2025-02-25,INDIAN_OCEAN,24.8,7.4,0.2,0.0,17.9,0
2025-02-26,INDIAN_OCEAN,22.4,5.8,0.4,0.0,17.7,0
2025-02-27,INDIAN_OCEAN,21.6,11.7,1.4,0.0,18.2,0
2025-02-28,INDIAN_OCEAN,24.0,10.8,1.59,0.0,16.7,0
2025-03-01,INDIAN_OCEAN,27.9,4.2,0.65,0.0,16.6,0
2025-03-02,INDIAN_OCEAN,28.9,2.0,0.48,0.0,16.9,0
2025-03-03,INDIAN_OCEAN,28.6,2.0,0.62,0.0,16.8,0
2025-03-04,INDIAN_OCEAN,27.8,2.0,0.7,0.0,20.4,0
2025-03-05,INDIAN_OCEAN,26.3,2.0,0.89,0.0,17.7,0
2025-03-06,INDIAN_OCEAN,29.6,2.0,0.52,0.0,19.9,0
2025-03-07,INDIAN_OCEAN,29.0,4.5,0.71,0.0,19.0,0
2025-03-08,INDIAN_OCEAN,31.9,10.2,1.17,0.0,17.1,0
2025-03-09,INDIAN_OCEAN,33.3,10.1,1.45,0.0,17.8,0
2025-03-10,INDIAN_OCEAN,29.8,2.9,0.73,0.0,19.4,0
2025-03-11,INDIAN_OCEAN,28.4,6.8,0.8,0.0,14.0,0
2025-03-12,INDIAN_OCEAN,27.2,9.8,0.2,0.0,16.8,0
2025-03-13,INDIAN_OCEAN,27.1,11.5,0.2,0.0,17.4,0
2025-03-14,INDIAN_OCEAN,27.0,15.4,0.31,0.0,18.1,0
2025-03-15,INDIAN_OCEAN,31.5,11.0,0.2,0.0,19.5,0
2025-03-16,INDIAN_OCEAN,29.2,18.6,0.62,0.0,12.7,0
2025-03-17,INDIAN_OCEAN,29.3,14.5,0.57,0.0,15.4,0
2025-03-18,INDIAN_OCEAN,29.8,17.1,0.2,0.0,12.9,0
2025-03-19,INDIAN_OCEAN,29.4,10.5,0.2,0.0,19.3,0
2025-03-20,INDIAN_OCEAN,29.2,7.7,0.2,0.0,19.4,0
2025-03-21,INDIAN_OCEAN,27.3,14.1,0.54,0.0,16.6,0
2025-03-22,INDIAN_OCEAN,27.4,13.1,0.2,0.0,16.6,0
2025-03-23,INDIAN_OCEAN,28.1,16.3,0.57,0.0,17.5,0
2025-03-24,INDIAN_OCEAN,28.3,16.8,0.66,0.0,17.1,0
2025-03-25,INDIAN_OCEAN,29.0,16.0,0.89,0.0,17.2,0
2025-03-26,INDIAN_OCEAN,30.7,20.6,1.26,0.0,14.9,0
2025-03-27,INDIAN_OCEAN,31.5,18.8,1.15,0.0,14.2,0
2025-03-28,INDIAN_OCEAN,30.9,11.7,0.32,0.0,17.9,0
2025-03-29,INDIAN_OCEAN,28.5,9.2,0.2,0.0,18.7,0
2025-03-30,INDIAN_OCEAN,27.3,11.9,0.2,0.0,16.4,0
2025-03-31,INDIAN_OCEAN,26.8,13.7,0.33,0.0,15.6,0
2025-04-01,INDIAN_OCEAN,27.1,8.1,0.2,0.0,19.4,0
2025-04-02,INDIAN_OCEAN,26.3,6.4,0.36,0.0,20.7,0
2025-04-03,INDIAN_OCEAN,24.9,5.5,0.33,0.0,17.3,0
2025-04-04,INDIAN_OCEAN,23.3,5.5,0.2,0.0,18.1,0
2025-04-05,INDIAN_OCEAN,21.3,2.0,0.2,0.0,20.0,0
2025-04-06,INDIAN_OCEAN,21.7,2.0,0.2,0.0,20.2,0
2025-04-07,INDIAN_OCEAN,20.1,2.0,0.42,0.0,18.7,0
2025-04-08,INDIAN_OCEAN,19.5,5.6,1.33,0.0,21.2,0
2025-04-09,INDIAN_OCEAN,19.9,9.9,1.21,0.0,17.9,0
2025-04-10,INDIAN_OCEAN,18.8,10.0,1.17,0.0,18.0,0
2025-04-11,INDIAN_OCEAN,20.5,9.3,1.27,0.0,20.0,0
2025-04-12,INDIAN_OCEAN,22.4,10.6,1.29,0.0,16.4,0
2025-04-13,INDIAN_OCEAN,22.1,8.2,0.96,0.0,17.6,0
2025-04-14,INDIAN_OCEAN,22.0,5.1,0.25,0.0,16.7,0
2025-04-15,INDIAN_OCEAN,23.4,3.1,0.2,0.0,18.9,0
2025-04-16,INDIAN_OCEAN,22.7,2.6,0.2,0.0,17.0,0
2025-04-17,INDIAN_OCEAN,22.0,2.0,0.2,0.0,20.6,0
2025-04-18,INDIAN_OCEAN,24.3,2.9,0.2,0.0,19.8,0
2025-04-19,INDIAN_OCEAN,25.8,7.3,0.2,0.0,17.5,0
2025-04-20,INDIAN_OCEAN,26.7,2.7,0.2,0.0,19.1,0
2025-04-21,INDIAN_OCEAN,27.9,4.6,0.27,0.0,19.8,0
2025-04-22,INDIAN_OCEAN,24.6,5.4,0.2,0.0,16.8,0
2025-04-23,INDIAN_OCEAN,26.8,8.0,0.29,0.0,18.1,0
2025-04-24,INDIAN_OCEAN,27.1,9.0,0.2,0.0,18.5,0
2025-04-25,INDIAN_OCEAN,28.4,4.6,0.2,0.0,16.0,0
2025-04-26,INDIAN_OCEAN,28.5,2.0,0.2,0.0,20.5,0
2025-04-27,INDIAN_OCEAN,28.1,3.7,0.45,0.0,16.4,0
2025-04-28,INDIAN_OCEAN,27.3,9.1,0.53,0.0,17.3,0
2025-04-29,INDIAN_OCEAN,27.5,2.0,0.66,0.0,17.7,0
2025-04-30,INDIAN_OCEAN,26.7,5.2,0.28,0.0,20.7,0
2025-05-01,INDIAN_OCEAN,27.8,11.0,0.24,0.0,15.2,0
2025-05-02,INDIAN_OCEAN,25.0,11.0,0.68,0.0,14.4,0
2025-05-03,INDIAN_OCEAN,24.2,13.6,1.5,0.0,16.4,0
2025-05-04,INDIAN_OCEAN,27.4,11.3,1.52,0.0,16.2,0
2025-05-05,INDIAN_OCEAN,26.1,11.4,1.44,0.0,14.5,0
2025-05-06,INDIAN_OCEAN,25.5,6.2,0.33,0.0,19.1,0
2025-05-07,INDIAN_OCEAN,24.1,2.0,0.2,0.0,16.5,0
2025-05-08,INDIAN_OCEAN,24.7,4.9,0.2,0.0,17.1,0
2025-05-09,INDIAN_OCEAN,23.6,2.9,0.2,0.0,18.3,0
2025-05-10,INDIAN_OCEAN,23.5,3.1,0.2,0.0,20.3,0
2025-05-11,INDIAN_OCEAN,25.0,2.0,0.2,0.0,21.4,0
2025-05-12,INDIAN_OCEAN,23.9,2.0,0.2,0.0,21.1,0
2025-05-13,INDIAN_OCEAN,25.2,2.0,0.54,0.0,19.2,0
2025-05-14,INDIAN_OCEAN,26.3,2.0,0.62,0.0,15.8,0
2025-05-15,INDIAN_OCEAN,27.7,2.8,1.12,0.0,19.8,0
2025-05-16,INDIAN_OCEAN,27.4,6.3,1.22,0.0,20.4,0
2025-05-17,INDIAN_OCEAN,31.8,8.9,1.24,0.0,19.4,0
2025-05-18,INDIAN_OCEAN,32.3,10.7,1.68,0.0,17.7,0
2025-05-19,INDIAN_OCEAN,31.6,17.1,1.54,0.0,13.4,0
2025-05-20,INDIAN_OCEAN,29.2,13.0,2.33,0.0,15.6,0
2025-05-21,INDIAN_OCEAN,28.4,13.2,2.26,0.0,19.2,0
2025-05-22,INDIAN_OCEAN,29.9,17.6,2.42,0.0,12.9,0
2025-05-23,INDIAN_OCEAN,31.6,21.8,2.63,0.0,12.2,0
2025-05-24,INDIAN_OCEAN,32.7,15.8,2.81,0.0,17.0,0
2025-05-25,INDIAN_OCEAN,32.7,14.6,2.76,0.0,15.3,0
2025-05-26,INDIAN_OCEAN,29.5,19.6,2.15,0.0,12.7,0
2025-05-27,INDIAN_OCEAN,29.4,20.9,2.6,0.0,16.5,0
2025-05-28,INDIAN_OCEAN,26.8,20.8,2.28,0.0,14.9,0
2025-05-29,INDIAN_OCEAN,24.2,19.2,2.11,0.0,14.0,0
2025-05-30,INDIAN_OCEAN,24.5,17.3,1.45,0.0,13.4,0
2025-05-31,INDIAN_OCEAN,25.2,18.1,1.68,0.0,18.0,0
2025-06-01,INDIAN_OCEAN,26.4,16.8,1.35,0.0,15.3,0
2025-06-02,INDIAN_OCEAN,26.8,16.5,1.38,0.0,17.5,0
2025-06-03,INDIAN_OCEAN,27.2,16.7,1.3,0.0,16.7,0
2025-06-04,INDIAN_OCEAN,25.2,14.1,1.89,0.0,15.3,0
2025-06-05,INDIAN_OCEAN,24.9,16.2,2.59,0.0,14.7,0
2025-06-06,INDIAN_OCEAN,22.5,26.7,2.9,0.0,14.7,0
2025-06-07,INDIAN_OCEAN,19.7,18.6,2.32,0.0,17.0,0
2025-06-08,INDIAN_OCEAN,21.4,19.4,2.07,0.0,11.8,0
2025-06-09,INDIAN_OCEAN,20.7,16.1,2.2,0.0,16.3,0
2025-06-10,INDIAN_OCEAN,22.4,18.1,2.03,0.0,14.7,0
2025-06-11,INDIAN_OCEAN,24.3,17.9,1.76,0.0,13.4,0
2025-06-12,INDIAN_OCEAN,23.3,20.4,2.18,0.0,14.7,0
2025-06-13,INDIAN_OCEAN,24.3,23.9,2.05,0.0,11.3,0
2025-06-14,INDIAN_OCEAN,23.2,23.4,1.96,0.0,12.7,0
2025-06-15,INDIAN_OCEAN,20.5,26.3,1.5,0.0,11.4,0
2025-06-16,INDIAN_OCEAN,21.2,16.3,1.34,0.0,14.7,0
2025-06-17,INDIAN_OCEAN,20.8,22.0,2.34,0.0,13.7,0
2025-06-18,INDIAN_OCEAN,20.6,22.4,2.49,0.0,12.2,0
2025-06-19,INDIAN_OCEAN,24.0,25.3,3.01,0.0,15.3,0
2025-06-20,INDIAN_OCEAN,21.7,19.5,2.18,0.0,15.3,0
2025-06-21,INDIAN_OCEAN,22.5,16.0,1.97,0.0,18.2,0
2025-06-22,INDIAN_OCEAN,21.2,16.5,1.54,0.0,15.1,0
2025-06-23,INDIAN_OCEAN,22.9,16.4,1.43,0.0,14.6,0
2025-06-24,INDIAN_OCEAN,23.5,17.3,1.75,0.0,17.8,0
2025-06-25,INDIAN_OCEAN,24.1,21.0,1.92,0.0,13.2,0
2025-06-26,INDIAN_OCEAN,22.6,13.9,1.0,0.0,15.8,0
2025-06-27,INDIAN_OCEAN,21.6,17.7,0.78,0.0,16.1,0
2025-06-28,INDIAN_OCEAN,23.3,17.5,0.41,0.0,13.2,0
2025-06-29,INDIAN_OCEAN,26.0,16.5,0.75,0.0,16.4,0
2025-06-30,INDIAN_OCEAN,26.3,11.1,1.36,0.0,17.8,0
2025-07-01,INDIAN_OCEAN,24.5,13.7,1.94,0.0,18.1,0
2025-07-02,INDIAN_OCEAN,24.9,5.3,0.71,0.0,19.8,0
2025-07-03,INDIAN_OCEAN,28.3,9.3,1.45,0.0,19.4,0
2025-07-04,INDIAN_OCEAN,27.8,4.9,1.49,0.0,18.5,0
2025-07-05,INDIAN_OCEAN,29.3,6.8,0.9,0.0,16.8,0
2025-07-06,INDIAN_OCEAN,27.3,7.7,0.84,0.0,21.0,0
2025-07-07,INDIAN_OCEAN,26.7,13.2,1.54,0.0,14.0,0
2025-07-08,INDIAN_OCEAN,27.1,13.0,1.67,0.0,14.2,0
2025-07-09,INDIAN_OCEAN,27.2,10.9,1.01,0.0,17.8,0
2025-07-10,INDIAN_OCEAN,25.5,9.9,1.21,0.0,19.7,0
2025-07-11,INDIAN_OCEAN,24.0,15.4,0.69,0.0,16.0,0
2025-07-12,INDIAN_OCEAN,25.4,17.4,0.85,0.0,16.6,0
2025-07-13,INDIAN_OCEAN,26.9,15.8,1.3,0.0,12.6,0
2025-07-14,INDIAN_OCEAN,28.6,15.0,1.28,0.0,15.1,0
2025-07-15,INDIAN_OCEAN,30.6,9.5,0.84,0.0,14.5,0
2025-07-16,INDIAN_OCEAN,29.7,11.9,1.33,0.0,17.8,0
2025-07-17,INDIAN_OCEAN,28.3,6.1,1.37,0.0,16.0,0
2025-07-18,INDIAN_OCEAN,29.6,10.3,1.96,0.0,15.2,0
2025-07-19,INDIAN_OCEAN,29.8,11.6,2.17,0.0,17.5,0
2025-07-20,INDIAN_OCEAN,27.4,20.9,2.82,0.0,15.7,0
2025-07-21,INDIAN_OCEAN,25.2,16.2,2.62,0.0,15.2,0
2025-07-22,INDIAN_OCEAN,25.7,15.8,2.45,0.0,16.4,0
2025-07-23,INDIAN_OCEAN,25.1,22.3,2.6,0.0,14.6,0
2025-07-24,INDIAN_OCEAN,24.8,25.6,2.5,0.0,12.5,0
2025-07-25,INDIAN_OCEAN,26.3,21.7,1.74,0.0,12.3,0
2025-07-26,INDIAN_OCEAN,27.0,21.6,1.38,0.0,14.8,0
2025-07-27,INDIAN_OCEAN,28.5,20.8,1.3,0.0,15.1,0
2025-07-28,INDIAN_OCEAN,24.9,21.1,1.47,0.0,15.4,0
2025-07-29,INDIAN_OCEAN,25.0,17.8,1.86,0.0,15.5,0
2025-07-30,INDIAN_OCEAN,25.9,17.2,1.74,0.0,13.4,0
2025-07-31,INDIAN_OCEAN,23.2,11.2,1.75,0.0,17.9,0
2025-08-01,INDIAN_OCEAN,22.3,12.4,2.08,0.0,16.5,0
2025-08-02,INDIAN_OCEAN,21.3,14.6,1.93,0.0,15.2,0
2025-08-03,INDIAN_OCEAN,21.7,13.9,1.99,0.0,15.7,0
2025-08-04,INDIAN_OCEAN,24.4,8.4,1.49,0.0,16.6,0
2025-08-05,INDIAN_OCEAN,27.3,13.1,2.11,0.0,17.7,0
2025-08-06,INDIAN_OCEAN,25.6,14.8,2.25,0.0,13.7,0
2025-08-07,INDIAN_OCEAN,26.1,12.4,1.52,0.0,15.0,0
2025-08-08,INDIAN_OCEAN,26.6,11.9,1.49,0.0,16.2,0
2025-08-09,INDIAN_OCEAN,26.7,7.1,1.78,0.0,20.4,0
2025-08-10,INDIAN_OCEAN,26.9,4.7,1.43,0.0,20.3,0
2025-08-11,INDIAN_OCEAN,26.9,4.4,1.46,0.0,16.3,0
2025-08-12,INDIAN_OCEAN,29.0,10.5,1.84,0.0,19.1,0
2025-08-13,INDIAN_OCEAN,29.9,9.0,1.25,0.0,19.5,0
2025-08-14,INDIAN_OCEAN,27.4,12.3,1.56,0.0,14.8,0
2025-08-15,INDIAN_OCEAN,28.1,10.9,0.92,0.0,13.2,0
2025-08-16,INDIAN_OCEAN,28.8,12.5,0.82,0.0,16.4,0
2025-08-17,INDIAN_OCEAN,28.5,12.5,1.28,0.0,18.2,0
2025-08-18,INDIAN_OCEAN,29.6,16.1,1.58,0.0,17.9,0
2025-08-19,INDIAN_OCEAN,29.0,14.1,1.34,0.0,14.7,0
2025-08-20,INDIAN_OCEAN,28.6,8.7,1.22,0.0,20.2,0
2025-08-21,INDIAN_OCEAN,28.1,4.8,0.97,0.0,15.3,0
2025-08-22,INDIAN_OCEAN,24.5,4.5,0.93,0.0,18.2,0
2025-08-23,INDIAN_OCEAN,24.3,2.0,1.02,0.0,18.8,0
2025-08-24,INDIAN_OCEAN,23.3,5.2,0.86,0.0,20.3,0
2025-08-25,INDIAN_OCEAN,21.6,5.1,0.87,0.0,20.5,0
2025-08-26,INDIAN_OCEAN,24.2,15.2,1.26,0.0,17.2,0
2025-08-27,INDIAN_OCEAN,24.9,9.0,0.4,0.0,15.5,0
2025-08-28,INDIAN_OCEAN,24.8,10.7,0.28,0.0,18.3,0
2025-08-29,INDIAN_OCEAN,23.9,7.4,0.85,0.0,18.7,0
2025-08-30,INDIAN_OCEAN,24.4,6.8,0.98,0.0,15.6,0
2025-08-31,INDIAN_OCEAN,25.9,8.6,0.59,0.0,14.5,0
2025-09-01,INDIAN_OCEAN,24.4,2.0,0.2,0.0,21.0,0
2025-09-02,INDIAN_OCEAN,24.4,4.2,0.2,0.0,18.5,0
2025-09-03,INDIAN_OCEAN,25.7,12.8,1.19,0.0,14.5,0
2025-09-04,INDIAN_OCEAN,22.7,11.5,1.07,0.0,16.5,0
2025-09-05,INDIAN_OCEAN,22.9,13.0,1.64,0.0,16.9,0
2025-09-06,INDIAN_OCEAN,22.5,17.1,1.89,0.0,15.1,0
2025-09-07,INDIAN_OCEAN,22.6,16.2,1.93,0.0,13.1,0
2025-09-08,INDIAN_OCEAN,22.2,14.0,1.23,0.0,18.9,0
2025-09-09,INDIAN_OCEAN,22.7,6.0,1.18,0.0,19.8,0
2025-09-10,INDIAN_OCEAN,25.9,9.7,1.19,0.0,16.8,0
2025-09-11,INDIAN_OCEAN,25.3,10.1,1.5,0.0,16.7,0
2025-09-12,INDIAN_OCEAN,25.6,7.2,0.98,0.0,18.5,0
2025-09-13,INDIAN_OCEAN,28.5,8.9,1.13,0.0,15.8,0
2025-09-14,INDIAN_OCEAN,27.2,7.7,1.18,0.0,18.3,0
2025-09-15,INDIAN_OCEAN,29.5,6.9,1.05,0.0,16.1,0
2025-09-16,INDIAN_OCEAN,28.9,10.3,1.34,0.0,17.0,0
2025-09-17,INDIAN_OCEAN,31.0,6.2,1.0,0.0,16.5,0
2025-09-18,INDIAN_OCEAN,31.2,11.3,1.0,0.0,15.2,0
2025-09-19,INDIAN_OCEAN,30.8,6.8,1.39,0.0,20.6,0
2025-09-20,INDIAN_OCEAN,29.8,5.7,1.62,0.0,18.5,0
2025-09-21,INDIAN_OCEAN,28.2,14.0,1.61,0.0,16.4,0
2025-09-22,INDIAN_OCEAN,27.9,18.2,1.97,0.0,11.9,0
2025-09-23,INDIAN_OCEAN,28.8,18.1,1.6,0.0,14.0,0
2025-09-24,INDIAN_OCEAN,28.3,14.2,0.96,0.0,16.7,0
2025-09-25,INDIAN_OCEAN,27.4,12.4,1.31,0.0,16.8,0
2025-09-26,INDIAN_OCEAN,26.7,13.0,0.71,0.0,13.1,0
2025-09-27,INDIAN_OCEAN,28.0,13.4,1.17,0.0,16.5,0
2025-09-28,INDIAN_OCEAN,29.4,13.3,1.1,0.0,16.8,0
2025-09-29,INDIAN_OCEAN,27.9,13.4,1.06,0.0,18.2,0
2025-09-30,INDIAN_OCEAN,26.5,12.9,1.22,0.0,15.4,0
2025-10-01,INDIAN_OCEAN,26.9,7.9,1.19,0.0,14.4,0
2025-10-02,INDIAN_OCEAN,29.0,7.1,0.81,0.0,16.5,0
2025-10-03,INDIAN_OCEAN,30.3,11.5,1.32,0.0,15.1,0
2025-10-04,INDIAN_OCEAN,27.7,7.1,1.11,0.0,19.1,0
2025-10-05,INDIAN_OCEAN,27.0,7.5,0.65,0.0,13.8,0
2025-10-06,INDIAN_OCEAN,25.4,5.6,0.56,0.0,17.7,0
2025-10-07,INDIAN_OCEAN,25.1,7.4,1.21,0.0,20.1,0
2025-10-08,INDIAN_OCEAN,27.6,7.1,1.75,0.0,18.0,0
2025-10-09,INDIAN_OCEAN,25.2,13.5,2.17,0.0,17.6,0
2025-10-10,INDIAN_OCEAN,22.9,15.5,1.66,0.0,13.2,0
2025-10-11,INDIAN_OCEAN,22.2,10.6,1.54,0.0,14.6,0
2025-10-12,INDIAN_OCEAN,23.2,13.6,1.91,0.0,18.3,0
2025-10-13,INDIAN_OCEAN,24.5,10.9,1.91,0.0,17.1,0
2025-10-14,INDIAN_OCEAN,25.4,9.4,1.96,0.0,17.5,0
2025-10-15,INDIAN_OCEAN,27.3,11.3,2.01,0.0,15.2,0
2025-10-16,INDIAN_OCEAN,24.5,9.9,1.75,0.0,17.4,0
2025-10-17,INDIAN_OCEAN,26.6,13.8,1.59,0.0,14.4,0
2025-10-18,INDIAN_OCEAN,26.1,11.1,0.71,0.0,18.7,0
2025-10-19,INDIAN_OCEAN,27.2,9.3,0.84,0.0,21.5,0
2025-10-20,INDIAN_OCEAN,25.1,7.7,0.87,0.0,18.6,0
2025-10-21,INDIAN_OCEAN,25.3,6.7,1.04,0.0,17.2,0
2025-10-22,INDIAN_OCEAN,25.9,11.7,0.79,0.0,12.9,0
2025-10-23,INDIAN_OCEAN,27.7,14.4,1.23,0.0,13.4,0
2025-10-24,INDIAN_OCEAN,25.1,20.5,2.3,0.0,16.6,0
2025-10-25,INDIAN_OCEAN,25.4,27.7,2.55,0.0,10.7,0
2025-10-26,INDIAN_OCEAN,24.0,21.9,2.13,0.0,13.3,0
2025-10-27,INDIAN_OCEAN,25.1,21.0,2.11,0.0,15.1,0
2025-10-28,INDIAN_OCEAN,26.6,15.7,2.48,0.0,17.8,0
2025-10-29,INDIAN_OCEAN,28.5,12.7,1.74,0.0,16.1,0
2025-10-30,INDIAN_OCEAN,27.5,10.6,1.61,0.0,16.4,0
2025-10-31,INDIAN_OCEAN,28.8,7.3,1.06,0.0,18.1,0
2025-11-01,INDIAN_OCEAN,30.5,4.5,0.71,0.0,17.8,0
2025-11-02,INDIAN_OCEAN,27.5,5.4,0.76,0.0,17.6,0
2025-11-03,INDIAN_OCEAN,28.4,2.3,1.11,0.0,20.0,0
2025-11-04,INDIAN_OCEAN,29.6,7.1,1.92,0.0,18.3,0
2025-11-05,INDIAN_OCEAN,28.8,4.8,1.77,0.0,21.9,0
2025-11-06,INDIAN_OCEAN,26.8,16.3,2.02,0.0,16.1,0
2025-11-07,INDIAN_OCEAN,28.2,14.3,2.7,0.0,17.7,0
2025-11-08,INDIAN_OCEAN,26.3,14.4,2.28,0.0,14.3,0
2025-11-09,INDIAN_OCEAN,26.2,9.7,1.64,0.0,18.1,0
2025-11-10,INDIAN_OCEAN,26.3,16.4,1.23,0.0,14.3,0
2025-11-11,INDIAN_OCEAN,27.5,20.1,1.95,0.0,15.0,0
2025-11-12,INDIAN_OCEAN,26.5,20.2,2.24,0.0,15.4,0
2025-11-13,INDIAN_OCEAN,25.6,14.3,2.69,0.0,16.1,0
2025-11-14,INDIAN_OCEAN,26.1,15.0,1.95,0.0,19.4,0
2025-11-15,INDIAN_OCEAN,27.8,10.8,2.14,0.0,19.1,0
2025-11-16,INDIAN_OCEAN,31.2,16.4,2.25,0.0,17.2,0
2025-11-17,INDIAN_OCEAN,28.4,18.9,2.5,0.0,15.8,0
2025-11-18,INDIAN_OCEAN,28.7,18.5,1.69,0.0,17.5,0
2025-11-19,INDIAN_OCEAN,26.9,9.0,1.71,0.0,15.3,0
2025-11-20,INDIAN_OCEAN,28.5,6.1,1.72,0.0,20.3,0
2025-11-21,INDIAN_OCEAN,27.0,9.7,1.72,0.0,15.8,0
2025-11-22,INDIAN_OCEAN,26.1,14.6,2.07,0.0,15.1,0
2025-11-23,INDIAN_OCEAN,25.5,18.4,1.84,0.0,15.7,0
2025-11-24,INDIAN_OCEAN,25.7,12.0,1.24,0.0,18.5,0
2025-11-25,INDIAN_OCEAN,26.5,13.3,1.13,0.0,14.6,0
2025-11-26,INDIAN_OCEAN,27.4,16.9,0.68,0.0,14.5,0
2025-11-27,INDIAN_OCEAN,27.5,10.4,0.82,0.0,17.2,0
2025-11-28,INDIAN_OCEAN,25.5,10.9,1.33,0.0,16.7,0
2025-11-29,INDIAN_OCEAN,27.0,12.2,1.11,0.0,17.9,0
2025-11-30,INDIAN_OCEAN,27.0,11.3,1.21,0.0,22.0,0
2025-12-01,INDIAN_OCEAN,28.9,4.9,0.78,0.0,19.2,0
2025-12-02,INDIAN_OCEAN,27.7,5.0,0.92,0.0,17.5,0
2025-12-03,INDIAN_OCEAN,25.4,5.1,0.68,0.0,16.6,0
2025-12-04,INDIAN_OCEAN,25.7,5.8,0.43,0.0,17.9,0
2025-12-05,INDIAN_OCEAN,28.0,4.9,0.86,0.0,17.2,0
2025-12-06,INDIAN_OCEAN,28.3,4.5,0.82,0.0,19.4,0
2025-12-07,INDIAN_OCEAN,27.9,5.7,1.6,0.0,19.1,0
2025-12-08,INDIAN_OCEAN,26.7,8.4,1.61,0.0,16.9,0
2025-12-09,INDIAN_OCEAN,29.5,8.0,1.14,0.0,20.7,0
2025-12-10,INDIAN_OCEAN,27.8,7.3,1.52,0.0,16.8,0
2025-12-11,INDIAN_OCEAN,26.8,8.5,1.7,0.0,17.4,0
2025-12-12,INDIAN_OCEAN,27.8,2.3,1.51,0.0,20.3,0
2025-12-13,INDIAN_OCEAN,25.1,5.7,1.95,0.0,19.8,0
2025-12-14,INDIAN_OCEAN,27.5,6.8,1.56,0.0,20.0,0
2025-12-15,INDIAN_OCEAN,28.5,7.9,1.44,0.0,18.4,0
2025-12-16,INDIAN_OCEAN,29.9,12.1,1.5,0.0,18.2,0
2025-12-17,INDIAN_OCEAN,30.5,5.2,0.64,0.0,17.5,0
2025-12-18,INDIAN_OCEAN,29.9,2.0,0.42,0.0,20.8,0
2025-12-19,INDIAN_OCEAN,28.1,2.4,0.98,0.0,20.7,0
2025-12-20,INDIAN_OCEAN,27.9,4.0,1.09,0.0,21.2,0
2025-12-21,INDIAN_OCEAN,26.5,5.9,0.65,0.0,15.8,0
2025-12-22,INDIAN_OCEAN,27.5,5.3,0.2,0.0,17.1,0
2025-12-23,INDIAN_OCEAN,28.9,8.9,1.04,0.0,18.7,0
2025-12-24,INDIAN_OCEAN,31.0,12.9,1.2,0.0,12.4,0
2025-12-25,INDIAN_OCEAN,31.2,14.6,1.07,0.0,16.6,0
2025-12-26,INDIAN_OCEAN,32.2,13.5,0.96,0.0,17.8,0
2025-12-27,INDIAN_OCEAN,31.2,5.8,0.2,0.0,17.5,0
2025-12-28,INDIAN_OCEAN,30.0,9.7,0.97,0.0,16.7,0
2025-12-29,INDIAN_OCEAN,30.5,14.6,1.1,0.0,14.3,0
2025-12-30,INDIAN_OCEAN,29.6,16.7,1.74,0.0,14.6,0
2025-12-31,INDIAN_OCEAN,29.9,12.9,1.51,0.0,15.6,0
2021-01-01,SOUTHERN_OCEAN,5.9,24.1,2.41,0.05,13.6,0
2021-01-02,SOUTHERN_OCEAN,9.2,21.7,2.54,0.025,15.1,0
2021-01-03,SOUTHERN_OCEAN,8.8,19.4,2.07,0.015,13.1,0
2021-01-04,SOUTHERN_OCEAN,7.5,19.1,2.47,0.0,12.3,0
2021-01-05,SOUTHERN_OCEAN,10.1,18.8,2.42,0.0,13.8,0
2021-01-06,SOUTHERN_OCEAN,9.0,26.3,2.68,0.0,13.8,0
2021-01-07,SOUTHERN_OCEAN,6.2,24.5,1.84,0.0,12.6,0
2021-01-08,SOUTHERN_OCEAN,5.1,25.7,1.88,0.0,12.5,0
2021-01-09,SOUTHERN_OCEAN,3.3,23.4,2.02,0.0,14.8,0
2021-01-10,SOUTHERN_OCEAN,1.0,21.3,2.61,0.0,12.8,0
2021-01-11,SOUTHERN_OCEAN,1.2,15.6,2.46,0.015,15.5,0
2021-01-12,SOUTHERN_OCEAN,1.8,11.2,2.55,0.003,14.6,0
2021-01-13,SOUTHERN_OCEAN,4.2,8.8,1.84,0.0,18.0,0
2021-01-14,SOUTHERN_OCEAN,5.5,11.7,1.9,0.005,17.1,0
2021-01-15,SOUTHERN_OCEAN,6.4,17.4,2.6,0.064,16.3,0
2021-01-16,SOUTHERN_OCEAN,5.0,12.0,1.9,0.026,14.9,0
2021-01-17,SOUTHERN_OCEAN,6.5,11.8,2.22,0.014,16.4,0
2021-01-18,SOUTHERN_OCEAN,8.5,8.7,2.24,0.0,15.6,0
2021-01-19,SOUTHERN_OCEAN,8.7,10.1,2.29,0.0,16.8,0
2021-01-20,SOUTHERN_OCEAN,8.9,16.0,2.35,0.0,17.7,0
2021-01-21,SOUTHERN_OCEAN,6.6,15.6,1.91,0.0,15.1,0
2021-01-22,SOUTHERN_OCEAN,8.1,16.7,2.62,0.0,13.3,0
2021-01-23,SOUTHERN_OCEAN,10.4,23.1,3.04,0.0,12.5,0
2021-01-24,SOUTHERN_OCEAN,10.2,24.9,3.12,0.0,10.6,0
2021-01-25,SOUTHERN_OCEAN,8.7,22.0,2.69,0.0,11.9,0
2021-01-26,SOUTHERN_OCEAN,8.0,22.9,2.67,0.0,14.6,0
2021-01-27,SOUTHERN_OCEAN,7.0,20.1,2.53,0.0,12.2,0
2021-01-28,SOUTHERN_OCEAN,6.3,22.3,2.71,0.0,14.2,0
2021-01-29,SOUTHERN_OCEAN,7.2,24.4,3.01,0.0,13.2,0
2021-01-30,SOUTHERN_OCEAN,7.4,19.5,2.36,0.0,13.8,0
2021-01-31,SOUTHERN_OCEAN,8.6,20.8,1.86,0.0,14.5,0
2021-02-01,SOUTHERN_OCEAN,8.7,20.9,1.97,0.0,12.7,0
2021-02-02,SOUTHERN_OCEAN,7.0,23.4,1.52,0.014,14.7,0
2021-02-03,SOUTHERN_OCEAN,6.0,26.5,1.73,0.0,11.5,0
2021-02-04,SOUTHERN_OCEAN,5.1,27.9,1.78,0.0,11.6,0
2021-02-05,SOUTHERN_OCEAN,4.9,26.3,2.04,0.0,11.9,0
2021-02-06,SOUTHERN_OCEAN,7.7,29.4,3.0,0.0,12.8,0
2021-02-07,SOUTHERN_OCEAN,10.3,25.5,2.04,0.006,13.7,0
2021-02-08,SOUTHERN_OCEAN,10.8,20.6,2.7,0.033,10.3,0
2021-02-09,SOUTHERN_OCEAN,10.1,9.7,1.98,0.126,17.7,0
2021-02-10,SOUTHERN_OCEAN,7.4,11.7,2.14,0.134,14.1,0
2021-02-11,SOUTHERN_OCEAN,7.4,10.7,1.51,0.054,16.5,0
2021-02-12,SOUTHERN_OCEAN,5.9,14.2,2.09,0.105,15.9,0
2021-02-13,SOUTHERN_OCEAN,8.2,8.7,1.8,0.097,17.0,0
2021-02-14,SOUTHERN_OCEAN,5.3,8.8,1.75,0.179,18.3,0
2021-02-15,SOUTHERN_OCEAN,5.9,12.9,1.23,0.231,17.5,0
2021-02-16,SOUTHERN_OCEAN,4.4,11.0,1.29,0.2,15.8,0
2021-02-17,SOUTHERN_OCEAN,4.5,14.6,1.86,0.221,14.7,0
2021-02-18,SOUTHERN_OCEAN,5.6,14.1,1.77,0.188,16.0,0
2021-02-19,SOUTHERN_OCEAN,7.0,15.6,2.29,0.182,13.3,0
2021-02-20,SOUTHERN_OCEAN,6.6,19.2,2.82,0.204,13.9,0
2021-02-21,SOUTHERN_OCEAN,7.4,23.5,2.67,0.242,15.4,0
2021-02-22,SOUTHERN_OCEAN,6.0,24.1,3.22,0.268,11.0,0
2021-02-23,SOUTHERN_OCEAN,6.2,21.3,2.93,0.259,13.5,0
2021-02-24,SOUTHERN_OCEAN,7.4,20.3,2.76,0.347,13.4,0
2021-02-25,SOUTHERN_OCEAN,7.5,23.3,2.84,0.313,16.5,0
2021-02-26,SOUTHERN_OCEAN,6.2,20.0,2.6,0.234,13.6,0
2021-02-27,SOUTHERN_OCEAN,5.5,20.2,1.59,0.17,13.6,0
2021-02-28,SOUTHERN_OCEAN,6.9,19.6,1.61,0.229,13.0,0
2021-03-01,SOUTHERN_OCEAN,4.8,20.1,1.26,0.22,14.4,0
2021-03-02,SOUTHERN_OCEAN,3.3,17.3,1.9,0.222,15.6,0
2021-03-03,SOUTHERN_OCEAN,4.3,11.9,2.23,0.197,15.3,0
2021-03-04,SOUTHERN_OCEAN,3.6,15.9,2.65,0.178,17.0,0
2021-03-05,SOUTHERN_OCEAN,1.5,20.8,2.68,0.148,14.6,0
2021-03-06,SOUTHERN_OCEAN,3.9,15.1,1.94,0.172,17.0,0
2021-03-07,SOUTHERN_OCEAN,2.2,18.1,1.86,0.171,14.4,0
2021-03-08,SOUTHERN_OCEAN,2.2,23.2,2.86,0.192,13.9,0
2021-03-09,SOUTHERN_OCEAN,1.5,25.8,2.64,0.208,12.5,0
2021-03-10,SOUTHERN_OCEAN,1.3,24.3,1.69,0.192,15.4,0
2021-03-11,SOUTHERN_OCEAN,0.3,21.2,2.05,0.137,14.2,0
2021-03-12,SOUTHERN_OCEAN,1.9,22.3,2.69,0.084,13.8,0
2021-03-13,SOUTHERN_OCEAN,2.3,23.8,3.28,0.22,12.7,0
2021-03-14,SOUTHERN_OCEAN,3.9,24.5,3.52,0.281,12.4,0
2021-03-15,SOUTHERN_OCEAN,2.9,24.2,3.71,0.331,13.6,0
2021-03-16,SOUTHERN_OCEAN,6.1,20.6,3.29,0.296,15.5,0
2021-03-17,SOUTHERN_OCEAN,2.8,23.0,2.46,0.293,12.5,0
2021-03-18,SOUTHERN_OCEAN,0.5,25.3,2.56,0.257,13.1,0
2021-03-19,SOUTHERN_OCEAN,3.5,26.2,2.81,0.206,12.9,0
2021-03-20,SOUTHERN_OCEAN,4.1,26.7,2.73,0.189,13.1,0
2021-03-21,SOUTHERN_OCEAN,4.4,32.8,2.93,0.251,8.3,0
2021-03-22,SOUTHERN_OCEAN,4.8,29.7,2.41,0.288,10.3,0
2021-03-23,SOUTHERN_OCEAN,5.3,33.9,2.31,0.249,8.5,0
2021-03-24,SOUTHERN_OCEAN,5.3,30.3,2.91,0.241,11.6,0
2021-03-25,SOUTHERN_OCEAN,3.4,33.8,3.72,0.277,9.2,0
2021-03-26,SOUTHERN_OCEAN,4.5,37.3,3.73,0.257,8.8,0
2021-03-27,SOUTHERN_OCEAN,5.2,34.7,3.57,0.266,8.5,0
2021-03-28,SOUTHERN_OCEAN,6.9,39.6,3.33,0.288,0.1,1
2021-03-29,SOUTHERN_OCEAN,8.8,39.5,3.53,0.307,0.1,1
2021-03-30,SOUTHERN_OCEAN,8.3,34.5,3.84,0.319,11.5,0
2021-03-31,SOUTHERN_OCEAN,5.5,32.2,2.99,0.295,11.7,0
2021-04-01,SOUTHERN_OCEAN,7.6,35.6,3.29,0.278,10.3,0
2021-04-02,SOUTHERN_OCEAN,5.2,37.7,3.53,0.239,9.0,0
2021-04-03,SOUTHERN_OCEAN,5.2,32.5,3.37,0.189,7.9,0
2021-04-04,SOUTHERN_OCEAN,4.2,31.3,3.79,0.201,10.6,0
2021-04-05,SOUTHERN_OCEAN,3.2,31.5,4.33,0.25,10.0,0
2021-04-06,SOUTHERN_OCEAN,4.1,29.2,3.82,0.207,12.2,0
2021-04-07,SOUTHERN_OCEAN,4.0,37.5,4.25,0.235,10.4,0
2021-04-08,SOUTHERN_OCEAN,4.4,37.0,4.02,0.281,10.1,0
2021-04-09,SOUTHERN_OCEAN,2.7,35.5,3.52,0.219,12.0,0
2021-04-10,SOUTHERN_OCEAN,2.2,38.7,3.67,0.226,8.3,0
2021-04-11,SOUTHERN_OCEAN,0.8,35.9,3.66,0.309,9.0,0
2021-04-12,SOUTHERN_OCEAN,0.5,38.4,3.73,0.341,0.8,1
2021-04-13,SOUTHERN_OCEAN,0.4,30.9,2.92,0.274,11.6,0
2021-04-14,SOUTHERN_OCEAN,3.2,29.0,2.62,0.314,11.5,0
2021-04-15,SOUTHERN_OCEAN,2.4,32.7,2.65,0.296,13.6,0
2021-04-16,SOUTHERN_OCEAN,-1.0,37.8,2.64,0.337,10.3,0
2021-04-17,SOUTHERN_OCEAN,1.3,33.7,2.64,0.319,10.3,0
2021-04-18,SOUTHERN_OCEAN,1.8,29.8,2.64,0.33,10.6,0
2021-04-19,SOUTHERN_OCEAN,1.4,31.8,3.1,0.32,13.1,0
2021-04-20,SOUTHERN_OCEAN,0.5,29.1,2.6,0.334,12.2,0
2021-04-21,SOUTHERN_OCEAN,-0.9,28.2,2.36,0.323,12.1,0
2021-04-22,SOUTHERN_OCEAN,2.1,31.5,3.13,0.329,12.2,0
2021-04-23,SOUTHERN_OCEAN,1.9,29.3,2.89,0.296,13.1,0
2021-04-24,SOUTHERN_OCEAN,-1.0,22.2,2.5,0.334,14.6,0
2021-04-25,SOUTHERN_OCEAN,-0.4,18.6,2.22,0.356,16.1,0
2021-04-26,SOUTHERN_OCEAN,1.4,20.3,2.7,0.304,15.0,0
2021-04-27,SOUTHERN_OCEAN,1.4,15.0,2.76,0.363,16.6,0
2021-04-28,SOUTHERN_OCEAN,-0.3,16.2,3.06,0.37,14.4,0
2021-04-29,SOUTHERN_OCEAN,-1.8,13.2,2.71,0.39,19.0,0
2021-04-30,SOUTHERN_OCEAN,-3.0,21.7,2.65,0.433,12.1,0
2021-05-01,SOUTHERN_OCEAN,-0.4,30.7,3.72,0.454,11.9,0
2021-05-02,SOUTHERN_OCEAN,-0.6,26.8,3.64,0.507,10.5,0
2021-05-03,SOUTHERN_OCEAN,-3.1,28.2,3.32,0.498,11.9,0
2021-05-04,SOUTHERN_OCEAN,-2.2,25.1,3.54,0.543,12.1,0
2021-05-05,SOUTHERN_OCEAN,-1.8,24.8,3.11,0.547,13.3,0
2021-05-06,SOUTHERN_OCEAN,-2.4,32.1,3.85,0.567,11.5,0
2021-05-07,SOUTHERN_OCEAN,-3.8,30.2,4.08,0.581,10.1,0
2021-05-08,SOUTHERN_OCEAN,-5.0,29.2,3.42,0.628,11.8,0
2021-05-09,SOUTHERN_OCEAN,-2.8,26.0,3.32,0.65,14.8,0
2021-05-10,SOUTHERN_OCEAN,-2.2,30.9,3.68,0.624,9.4,0
2021-05-11,SOUTHERN_OCEAN,-1.4,19.1,3.85,0.593,13.4,0
2021-05-12,SOUTHERN_OCEAN,-1.1,19.3,3.25,0.589,15.9,0
2021-05-13,SOUTHERN_OCEAN,-0.7,20.8,3.63,0.557,14.3,0
2021-05-14,SOUTHERN_OCEAN,-1.5,20.0,3.31,0.518,14.6,0
2021-05-15,SOUTHERN_OCEAN,-1.9,24.7,2.88,0.44,14.6,0
2021-05-16,SOUTHERN_OCEAN,-0.1,30.0,3.01,0.393,10.4,0
2021-05-17,SOUTHERN_OCEAN,1.7,25.1,2.71,0.493,12.2,0
2021-05-18,SOUTHERN_OCEAN,-0.7,33.6,2.7,0.477,9.6,0
2021-05-19,SOUTHERN_OCEAN,-1.2,28.1,2.57,0.567,11.6,0
2021-05-20,SOUTHERN_OCEAN,-0.1,33.2,3.18,0.587,12.7,0
2021-05-21,SOUTHERN_OCEAN,2.4,33.5,3.22,0.588,8.1,0
2021-05-22,SOUTHERN_OCEAN,4.4,31.4,2.85,0.531,9.4,0
2021-05-23,SOUTHERN_OCEAN,2.2,29.9,2.7,0.541,9.6,0
2021-05-24,SOUTHERN_OCEAN,3.4,30.0,2.71,0.625,13.7,0
2021-05-25,SOUTHERN_OCEAN,2.6,31.0,2.83,0.688,10.4,0
2021-05-26,SOUTHERN_OCEAN,3.4,27.8,3.06,0.694,11.7,0
2021-05-27,SOUTHERN_OCEAN,3.7,27.6,3.05,0.642,9.9,0
2021-05-28,SOUTHERN_OCEAN,0.8,25.4,2.34,0.604,12.5,0
2021-05-29,SOUTHERN_OCEAN,1.1,22.0,2.0,0.574,15.1,0
2021-05-30,SOUTHERN_OCEAN,2.1,20.6,2.04,0.633,14.6,0
2021-05-31,SOUTHERN_OCEAN,1.3,18.1,2.36,0.701,14.8,0
2021-06-01,SOUTHERN_OCEAN,0.3,18.7,2.81,0.704,12.4,0
2021-06-02,SOUTHERN_OCEAN,-2.6,22.3,3.49,0.688,13.3,0
2021-06-03,SOUTHERN_OCEAN,-1.6,24.2,3.4,0.748,13.5,0
2021-06-04,SOUTHERN_OCEAN,-1.5,32.5,3.89,0.701,9.4,0
2021-06-05,SOUTHERN_OCEAN,-3.1,24.5,2.75,0.7,14.1,0
2021-06-06,SOUTHERN_OCEAN,-3.6,27.3,2.98,0.716,13.7,0
2021-06-07,SOUTHERN_OCEAN,-3.3,28.1,2.55,0.677,11.3,0
2021-06-08,SOUTHERN_OCEAN,-4.1,31.7,2.72,0.652,12.2,0
2021-06-09,SOUTHERN_OCEAN,-4.0,34.3,3.96,0.627,10.2,0
2021-06-10,SOUTHERN_OCEAN,-6.5,33.5,3.81,0.69,12.4,0
2021-06-11,SOUTHERN_OCEAN,-4.0,33.9,3.34,0.766,13.6,0
2021-06-12,SOUTHERN_OCEAN,-3.9,31.0,3.25,0.763,9.7,0
2021-06-13,SOUTHERN_OCEAN,-5.5,33.5,3.09,0.746,11.8,0
2021-06-14,SOUTHERN_OCEAN,-8.9,26.6,2.35,0.717,14.5,0
2021-06-15,SOUTHERN_OCEAN,-6.5,30.3,3.33,0.715,10.1,0
2021-06-16,SOUTHERN_OCEAN,-5.3,30.5,3.6,0.692,10.6,0
2021-06-17,SOUTHERN_OCEAN,-4.7,29.1,3.48,0.689,11.0,0
2021-06-18,SOUTHERN_OCEAN,-3.2,28.8,3.16,0.707,11.7,0
2021-06-19,SOUTHERN_OCEAN,-2.0,28.8,2.94,0.691,11.4,0
2021-06-20,SOUTHERN_OCEAN,-2.0,34.1,3.7,0.685,10.2,0
2021-06-21,SOUTHERN_OCEAN,-2.6,45.5,4.23,0.68,8.5,0
2021-06-22,SOUTHERN_OCEAN,-3.4,48.0,3.09,0.671,3.7,0
2021-06-23,SOUTHERN_OCEAN,-2.8,43.7,3.85,0.657,6.3,0
2021-06-24,SOUTHERN_OCEAN,-0.9,44.3,3.85,0.694,8.6,0
2021-06-25,SOUTHERN_OCEAN,-1.5,45.0,3.92,0.625,0.1,1
2021-06-26,SOUTHERN_OCEAN,0.4,39.9,3.96,0.697,0.1,1
2021-06-27,SOUTHERN_OCEAN,0.3,34.3,3.7,0.705,11.2,0
2021-06-28,SOUTHERN_OCEAN,0.2,33.9,3.79,0.731,12.5,0
2021-06-29,SOUTHERN_OCEAN,3.2,36.6,3.6,0.759,9.7,0
2021-06-30,SOUTHERN_OCEAN,4.6,30.3,2.72,0.727,10.0,0
2021-07-01,SOUTHERN_OCEAN,5.9,28.1,2.71,0.69,13.5,0
2021-07-02,SOUTHERN_OCEAN,3.2,30.9,3.35,0.652,13.9,0
2021-07-03,SOUTHERN_OCEAN,5.4,31.3,3.01,0.649,9.9,0
2021-07-04,SOUTHERN_OCEAN,3.9,36.7,2.97,0.684,9.8,0
2021-07-05,SOUTHERN_OCEAN,2.3,31.1,3.14,0.665,12.9,0
2021-07-06,SOUTHERN_OCEAN,-1.8,39.8,3.34,0.695,0.1,1
2021-07-07,SOUTHERN_OCEAN,-1.7,33.3,2.83,0.604,8.1,0
2021-07-08,SOUTHERN_OCEAN,-3.7,25.9,2.34,0.6,13.4,0
2021-07-09,SOUTHERN_OCEAN,-3.1,26.8,2.39,0.659,11.0,0
2021-07-10,SOUTHERN_OCEAN,-5.0,23.6,1.69,0.659,11.5,0
2021-07-11,SOUTHERN_OCEAN,-2.1,24.9,1.7,0.632,10.4,0
2021-07-12,SOUTHERN_OCEAN,-1.6,25.8,1.98,0.615,14.5,0
2021-07-13,SOUTHERN_OCEAN,1.5,26.2,2.18,0.505,11.4,0
2021-07-14,SOUTHERN_OCEAN,-0.9,24.2,2.56,0.486,13.7,0
2021-07-15,SOUTHERN_OCEAN,1.0,27.1,3.34,0.552,13.3,0
2021-07-16,SOUTHERN_OCEAN,-2.5,26.8,3.71,0.546,12.7,0
2021-07-17,SOUTHERN_OCEAN,-2.4,31.7,4.05,0.544,11.6,0
2021-07-18,SOUTHERN_OCEAN,-3.6,31.3,3.72,0.469,11.8,0
2021-07-19,SOUTHERN_OCEAN,-4.3,28.1,3.15,0.428,12.4,0
2021-07-20,SOUTHERN_OCEAN,-5.0,22.7,2.78,0.505,12.5,0
2021-07-21,SOUTHERN_OCEAN,-6.3,23.6,2.95,0.55,12.1,0
2021-07-22,SOUTHERN_OCEAN,-7.8,20.5,2.97,0.515,14.1,0
2021-07-23,SOUTHERN_OCEAN,-7.9,17.5,2.9,0.509,14.9,0
2021-07-24,SOUTHERN_OCEAN,-7.1,21.7,2.9,0.528,14.6,0
2021-07-25,SOUTHERN_OCEAN,-4.9,17.0,2.82,0.499,16.9,0
2021-07-26,SOUTHERN_OCEAN,-4.3,24.4,3.5,0.439,13.7,0
2021-07-27,SOUTHERN_OCEAN,-2.5,26.3,3.69,0.46,11.4,0
2021-07-28,SOUTHERN_OCEAN,-4.9,27.1,3.48,0.507,9.1,0
2021-07-29,SOUTHERN_OCEAN,-5.4,24.2,2.85,0.55,12.1,0
2021-07-30,SOUTHERN_OCEAN,-4.1,28.3,2.66,0.6,10.1,0
2021-07-31,SOUTHERN_OCEAN,-3.5,28.9,2.44,0.547,10.8,0
2021-08-01,SOUTHERN_OCEAN,-4.8,27.0,2.48,0.565,12.8,0
2021-08-02,SOUTHERN_OCEAN,-3.2,28.6,2.76,0.567,12.1,0
2021-08-03,SOUTHERN_OCEAN,-4.1,23.2,1.95,0.575,16.3,0
2021-08-04,SOUTHERN_OCEAN,-5.2,18.7,1.63,0.578,15.5,0
2021-08-05,SOUTHERN_OCEAN,-4.2,16.7,1.72,0.562,18.2,0
2021-08-06,SOUTHERN_OCEAN,-4.1,20.4,1.64,0.453,15.4,0
2021-08-07,SOUTHERN_OCEAN,-4.8,22.2,2.0,0.522,15.4,0
2021-08-08,SOUTHERN_OCEAN,-5.4,27.5,2.22,0.551,11.8,0
2021-08-09,SOUTHERN_OCEAN,-6.7,24.9,1.9,0.504,11.4,0
2021-08-10,SOUTHERN_OCEAN,-6.8,28.1,2.19,0.539,11.4,0
2021-08-11,SOUTHERN_OCEAN,-4.6,28.4,2.43,0.534,12.0,0
2021-08-12,SOUTHERN_OCEAN,-4.1,25.6,2.02,0.53,11.9,0
2021-08-13,SOUTHERN_OCEAN,-2.5,28.0,2.14,0.512,10.7,0
2021-08-14,SOUTHERN_OCEAN,-1.8,28.4,2.42,0.548,12.7,0
2021-08-15,SOUTHERN_OCEAN,-2.9,26.7,2.1,0.526,11.0,0
2021-08-16,SOUTHERN_OCEAN,-5.4,27.7,1.64,0.495,10.0,0
2021-08-17,SOUTHERN_OCEAN,-6.5,27.9,1.29,0.555,10.5,0
2021-08-18,SOUTHERN_OCEAN,-7.0,27.9,1.4,0.556,11.8,0
2021-08-19,SOUTHERN_OCEAN,-7.5,27.1,1.12,0.558,10.9,0
2021-08-20,SOUTHERN_OCEAN,-5.3,23.1,1.09,0.594,13.2,0
2021-08-21,SOUTHERN_OCEAN,-3.5,24.7,2.02,0.57,14.0,0
2021-08-22,SOUTHERN_OCEAN,-0.1,22.9,1.52,0.557,14.5,0
2021-08-23,SOUTHERN_OCEAN,-1.6,20.6,1.46,0.576,13.3,0
2021-08-24,SOUTHERN_OCEAN,0.6,21.4,2.42,0.518,12.1,0
2021-08-25,SOUTHERN_OCEAN,2.5,25.6,2.75,0.536,12.0,0
2021-08-26,SOUTHERN_OCEAN,1.4,27.2,2.64,0.513,13.4,0
2021-08-27,SOUTHERN_OCEAN,1.6,25.9,2.51,0.556,14.1,0
2021-08-28,SOUTHERN_OCEAN,2.8,24.7,2.6,0.582,13.6,0
2021-08-29,SOUTHERN_OCEAN,2.0,28.0,3.34,0.6,14.0,0
2021-08-30,SOUTHERN_OCEAN,1.1,19.9,2.6,0.535,17.0,0
2021-08-31,SOUTHERN_OCEAN,-0.3,24.5,2.47,0.535,12.4,0
2021-09-01,SOUTHERN_OCEAN,-4.1,18.8,1.68,0.493,17.0,0
2021-09-02,SOUTHERN_OCEAN,-3.7,15.5,1.65,0.499,15.3,0
2021-09-03,SOUTHERN_OCEAN,-4.5,16.0,1.23,0.414,17.0,0
2021-09-04,SOUTHERN_OCEAN,-5.7,26.1,1.72,0.367,13.7,0
2021-09-05,SOUTHERN_OCEAN,-4.5,32.9,1.89,0.434,7.8,0
2021-09-06,SOUTHERN_OCEAN,-6.3,35.2,2.58,0.461,8.7,0
2021-09-07,SOUTHERN_OCEAN,-4.4,35.8,2.51,0.456,8.1,0
2021-09-08,SOUTHERN_OCEAN,-3.3,28.4,2.37,0.428,9.4,0
2021-09-09,SOUTHERN_OCEAN,-3.6,29.3,1.89,0.396,13.1,0
2021-09-10,SOUTHERN_OCEAN,-3.4,27.5,2.01,0.418,15.4,0
2021-09-11,SOUTHERN_OCEAN,-4.9,25.1,1.56,0.415,12.6,0
2021-09-12,SOUTHERN_OCEAN,-3.2,26.5,1.66,0.488,13.9,0
2021-09-13,SOUTHERN_OCEAN,-2.6,25.4,2.57,0.483,15.1,0
2021-09-14,SOUTHERN_OCEAN,-2.0,29.3,3.08,0.488,12.1,0
2021-09-15,SOUTHERN_OCEAN,-1.1,22.5,2.61,0.435,13.7,0
2021-09-16,SOUTHERN_OCEAN,-2.1,23.9,3.78,0.427,12.9,0
2021-09-17,SOUTHERN_OCEAN,-4.2,21.7,3.06,0.441,14.7,0
2021-09-18,SOUTHERN_OCEAN,-2.3,21.5,3.32,0.431,15.3,0
2021-09-19,SOUTHERN_OCEAN,-1.0,23.9,2.68,0.417,14.0,0
2021-09-20,SOUTHERN_OCEAN,-1.8,20.8,2.38,0.436,14.8,0
2021-09-21,SOUTHERN_OCEAN,-1.0,22.8,1.96,0.5,13.6,0
2021-09-22,SOUTHERN_OCEAN,1.0,23.1,2.15,0.503,11.2,0
2021-09-23,SOUTHERN_OCEAN,2.5,21.7,2.14,0.544,15.3,0
2021-09-24,SOUTHERN_OCEAN,1.2,21.2,2.03,0.56,12.1,0
2021-09-25,SOUTHERN_OCEAN,-1.3,21.9,2.51,0.593,14.8,0
2021-09-26,SOUTHERN_OCEAN,-3.1,20.3,2.18,0.553,15.4,0
2021-09-27,SOUTHERN_OCEAN,-3.1,21.7,2.37,0.534,12.2,0
2021-09-28,SOUTHERN_OCEAN,-0.5,21.9,2.66,0.515,13.0,0
2021-09-29,SOUTHERN_OCEAN,-1.5,20.8,2.0,0.528,17.4,0
2021-09-30,SOUTHERN_OCEAN,-2.1,27.8,2.13,0.549,12.1,0
2021-10-01,SOUTHERN_OCEAN,-2.7,29.5,2.32,0.541,9.9,0
2021-10-02,SOUTHERN_OCEAN,-3.0,28.1,2.55,0.563,13.3,0
2021-10-03,SOUTHERN_OCEAN,-2.5,28.7,3.11,0.524,10.8,0
2021-10-04,SOUTHERN_OCEAN,-4.0,25.1,2.75,0.547,10.1,0
2021-10-05,SOUTHERN_OCEAN,-1.7,24.1,2.53,0.572,14.0,0
2021-10-06,SOUTHERN_OCEAN,-1.6,23.6,2.17,0.58,12.0,0
2021-10-07,SOUTHERN_OCEAN,2.5,19.9,2.14,0.565,14.9,0
2021-10-08,SOUTHERN_OCEAN,0.5,22.6,2.18,0.575,12.4,0
2021-10-09,SOUTHERN_OCEAN,2.9,21.7,2.07,0.518,15.0,0
2021-10-10,SOUTHERN_OCEAN,4.7,21.4,2.06,0.51,14.3,0
2021-10-11,SOUTHERN_OCEAN,3.6,20.4,2.25,0.507,10.4,0
2021-10-12,SOUTHERN_OCEAN,2.6,32.3,2.64,0.438,11.5,0
2021-10-13,SOUTHERN_OCEAN,1.0,29.3,2.24,0.448,11.4,0
2021-10-14,SOUTHERN_OCEAN,-0.3,21.7,2.1,0.387,16.1,0
2021-10-15,SOUTHERN_OCEAN,-0.0,16.9,0.81,0.364,15.9,0
2021-10-16,SOUTHERN_OCEAN,0.2,21.3,1.06,0.362,15.2,0
2021-10-17,SOUTHERN_OCEAN,-2.0,27.1,1.18,0.328,11.3,0
2021-10-18,SOUTHERN_OCEAN,2.0,24.8,1.77,0.33,11.9,0
2021-10-19,SOUTHERN_OCEAN,1.6,29.8,2.0,0.331,11.6,0
2021-10-20,SOUTHERN_OCEAN,1.7,32.2,2.05,0.295,10.4,0
2021-10-21,SOUTHERN_OCEAN,0.8,30.8,2.12,0.318,13.4,0
2021-10-22,SOUTHERN_OCEAN,0.6,29.4,1.96,0.285,11.5,0
2021-10-23,SOUTHERN_OCEAN,0.3,29.8,1.97,0.376,9.8,0
2021-10-24,SOUTHERN_OCEAN,0.6,32.6,2.29,0.362,9.6,0
2021-10-25,SOUTHERN_OCEAN,0.8,33.2,2.28,0.307,12.1,0
2021-10-26,SOUTHERN_OCEAN,2.2,29.9,2.07,0.263,11.4,0
2021-10-27,SOUTHERN_OCEAN,2.6,28.9,1.78,0.309,11.6,0
2021-10-28,SOUTHERN_OCEAN,3.7,35.7,1.88,0.288,11.6,0
2021-10-29,SOUTHERN_OCEAN,3.5,35.3,2.11,0.23,8.7,0
2021-10-30,SOUTHERN_OCEAN,3.7,37.2,2.48,0.265,6.2,0
2021-10-31,SOUTHERN_OCEAN,3.2,37.6,2.1,0.246,8.2,0
2021-11-01,SOUTHERN_OCEAN,4.7,37.0,2.54,0.271,10.0,0
2021-11-02,SOUTHERN_OCEAN,4.9,35.8,2.86,0.305,9.6,0
2021-11-03,SOUTHERN_OCEAN,4.4,37.7,3.33,0.308,7.1,0
2021-11-04,SOUTHERN_OCEAN,3.9,38.6,3.44,0.395,0.7,1
2021-11-05,SOUTHERN_OCEAN,3.6,37.8,3.56,0.308,9.7,0
2021-11-06,SOUTHERN_OCEAN,3.6,33.6,4.04,0.265,11.2,0
2021-11-07,SOUTHERN_OCEAN,3.5,33.9,3.72,0.249,11.1,0
2021-11-08,SOUTHERN_OCEAN,2.6,32.5,3.11,0.334,8.9,0
2021-11-09,SOUTHERN_OCEAN,3.9,30.5,2.4,0.392,11.9,0
2021-11-10,SOUTHERN_OCEAN,5.1,39.5,3.54,0.423,0.3,1
2021-11-11,SOUTHERN_OCEAN,7.5,31.9,3.73,0.368,12.8,0
2021-11-12,SOUTHERN_OCEAN,6.1,34.5,3.34,0.322,11.4,0
2021-11-13,SOUTHERN_OCEAN,6.7,30.1,2.78,0.274,12.3,0
2021-11-14,SOUTHERN_OCEAN,3.4,30.0,2.64,0.232,9.0,0
2021-11-15,SOUTHERN_OCEAN,4.7,38.6,3.52,0.285,9.2,0
2021-11-16,SOUTHERN_OCEAN,2.4,33.2,2.71,0.263,9.3,0
2021-11-17,SOUTHERN_OCEAN,1.2,29.5,1.85,0.248,13.7,0
2021-11-18,SOUTHERN_OCEAN,2.1,28.9,2.76,0.269,13.6,0
2021-11-19,SOUTHERN_OCEAN,1.5,25.3,2.67,0.19,11.5,0
2021-11-20,SOUTHERN_OCEAN,0.8,28.5,2.96,0.188,11.9,0
2021-11-21,SOUTHERN_OCEAN,0.6,26.2,2.7,0.139,13.0,0
2021-11-22,SOUTHERN_OCEAN,2.3,28.4,2.94,0.127,13.4,0
2021-11-23,SOUTHERN_OCEAN,1.2,23.2,2.07,0.103,11.0,0
2021-11-24,SOUTHERN_OCEAN,1.6,17.0,1.52,0.08,11.9,0
2021-11-25,SOUTHERN_OCEAN,1.5,17.4,1.68,0.093,15.2,0
2021-11-26,SOUTHERN_OCEAN,3.2,12.9,0.72,0.105,12.6,0
2021-11-27,SOUTHERN_OCEAN,4.7,20.2,1.2,0.097,14.6,0
2021-11-28,SOUTHERN_OCEAN,1.9,15.5,1.03,0.113,16.6,0
2021-11-29,SOUTHERN_OCEAN,3.9,13.2,1.0,0.078,18.2,0
2021-11-30,SOUTHERN_OCEAN,3.2,16.4,1.13,0.108,14.5,0
2021-12-01,SOUTHERN_OCEAN,3.8,15.6,0.91,0.099,15.9,0
2021-12-02,SOUTHERN_OCEAN,2.5,11.5,0.27,0.079,17.7,0
2021-12-03,SOUTHERN_OCEAN,3.5,20.9,1.09,0.049,12.4,0
2021-12-04,SOUTHERN_OCEAN,7.5,17.9,1.06,0.043,16.4,0
2021-12-05,SOUTHERN_OCEAN,7.4,18.2,0.79,0.122,15.3,0
2021-12-06,SOUTHERN_OCEAN,6.4,18.4,1.09,0.116,13.9,0
2021-12-07,SOUTHERN_OCEAN,5.8,21.9,1.36,0.067,14.1,0
2021-12-08,SOUTHERN_OCEAN,3.5,24.0,1.49,0.104,13.1,0
2021-12-09,SOUTHERN_OCEAN,6.0,21.1,0.75,0.083,15.3,0
2021-12-10,SOUTHERN_OCEAN,6.4,20.5,1.26,0.093,13.7,0
2021-12-11,SOUTHERN_OCEAN,4.6,20.3,1.0,0.066,14.7,0
2021-12-12,SOUTHERN_OCEAN,3.2,23.6,1.43,0.118,12.5,0
2021-12-13,SOUTHERN_OCEAN,3.6,19.5,1.13,0.089,13.1,0
2021-12-14,SOUTHERN_OCEAN,5.3,27.5,1.6,0.142,12.6,0
2021-12-15,SOUTHERN_OCEAN,3.6,24.3,2.05,0.092,11.8,0
2021-12-16,SOUTHERN_OCEAN,5.6,24.3,2.31,0.077,14.4,0
2021-12-17,SOUTHERN_OCEAN,5.4,20.1,2.53,0.131,15.3,0
2021-12-18,SOUTHERN_OCEAN,4.1,16.1,2.38,0.13,14.4,0
2021-12-19,SOUTHERN_OCEAN,3.6,14.2,2.35,0.213,16.4,0
2021-12-20,SOUTHERN_OCEAN,6.6,12.2,1.52,0.186,15.4,0
2021-12-21,SOUTHERN_OCEAN,4.4,12.5,1.48,0.182,14.1,0
2021-12-22,SOUTHERN_OCEAN,3.5,10.7,1.38,0.245,16.1,0
2021-12-23,SOUTHERN_OCEAN,5.2,15.2,2.12,0.165,15.7,0
2021-12-24,SOUTHERN_OCEAN,5.7,13.8,1.83,0.087,16.9,0
2021-12-25,SOUTHERN_OCEAN,4.5,12.1,1.85,0.051,16.8,0
2021-12-26,SOUTHERN_OCEAN,6.2,12.5,1.95,0.082,17.9,0
2021-12-27,SOUTHERN_OCEAN,7.6,17.8,2.6,0.014,13.5,0
2021-12-28,SOUTHERN_OCEAN,7.9,19.5,2.54,0.04,14.0,0
2021-12-29,SOUTHERN_OCEAN,6.7,19.8,2.78,0.061,16.9,0
2021-12-30,SOUTHERN_OCEAN,5.9,15.3,1.82,0.139,12.8,0
2021-12-31,SOUTHERN_OCEAN,6.3,12.5,1.13,0.171,15.8,0
2022-01-01,SOUTHERN_OCEAN,4.3,9.6,0.3,0.172,15.7,0
2022-01-02,SOUTHERN_OCEAN,6.5,16.5,1.2,0.213,15.1,0
2022-01-03,SOUTHERN_OCEAN,9.0,19.5,1.76,0.217,13.9,0
2022-01-04,SOUTHERN_OCEAN,8.2,17.1,2.05,0.18,16.1,0
2022-01-05,SOUTHERN_OCEAN,8.4,16.1,1.75,0.12,15.9,0
2022-01-06,SOUTHERN_OCEAN,9.8,14.3,1.51,0.089,14.0,0
2022-01-07,SOUTHERN_OCEAN,12.2,12.6,1.46,0.082,15.6,0
2022-01-08,SOUTHERN_OCEAN,13.6,15.9,2.22,0.084,15.5,0
2022-01-09,SOUTHERN_OCEAN,9.9,16.1,2.8,0.0,16.6,0
2022-01-10,SOUTHERN_OCEAN,8.8,24.8,3.36,0.0,16.7,0
2022-01-11,SOUTHERN_OCEAN,9.1,29.2,3.51,0.0,12.9,0
2022-01-12,SOUTHERN_OCEAN,7.9,33.1,4.02,0.021,9.2,0
2022-01-13,SOUTHERN_OCEAN,10.3,34.1,3.75,0.088,10.3,0
2022-01-14,SOUTHERN_OCEAN,12.1,31.1,3.29,0.091,11.6,0
2022-01-15,SOUTHERN_OCEAN,10.0,32.2,3.19,0.049,10.2,0
2022-01-16,SOUTHERN_OCEAN,9.1,29.7,2.64,0.0,12.4,0
2022-01-17,SOUTHERN_OCEAN,7.5,34.7,2.83,0.01,6.9,0
2022-01-18,SOUTHERN_OCEAN,7.0,34.6,2.44,0.0,11.1,0
2022-01-19,SOUTHERN_OCEAN,6.5,33.9,2.88,0.019,9.8,0
2022-01-20,SOUTHERN_OCEAN,7.9,32.9,3.03,0.078,10.6,0
2022-01-21,SOUTHERN_OCEAN,6.2,37.8,3.75,0.013,11.6,0
2022-01-22,SOUTHERN_OCEAN,2.3,30.6,2.67,0.039,9.5,0
2022-01-23,SOUTHERN_OCEAN,0.4,36.3,3.65,0.092,10.3,0
2022-01-24,SOUTHERN_OCEAN,-0.3,33.8,2.83,0.128,11.7,0
2022-01-25,SOUTHERN_OCEAN,-0.4,27.3,2.09,0.037,12.6,0
2022-01-26,SOUTHERN_OCEAN,0.8,24.1,1.8,0.005,10.8,0
2022-01-27,SOUTHERN_OCEAN,-0.0,18.2,2.1,0.0,16.9,0
2022-01-28,SOUTHERN_OCEAN,-1.0,21.4,2.34,0.0,13.7,0
2022-01-29,SOUTHERN_OCEAN,-1.4,18.1,2.07,0.014,14.1,0
2022-01-30,SOUTHERN_OCEAN,-2.0,19.6,1.87,0.0,14.0,0
2022-01-31,SOUTHERN_OCEAN,-1.7,24.4,1.68,0.0,12.6,0
2022-02-01,SOUTHERN_OCEAN,-1.5,22.0,2.11,0.0,12.1,0
2022-02-02,SOUTHERN_OCEAN,0.6,21.4,2.41,0.0,14.3,0
2022-02-03,SOUTHERN_OCEAN,-0.1,17.1,2.65,0.0,14.3,0
2022-02-04,SOUTHERN_OCEAN,0.2,16.8,2.66,0.0,16.3,0
2022-02-05,SOUTHERN_OCEAN,0.2,27.2,2.11,0.0,13.2,0
2022-02-06,SOUTHERN_OCEAN,2.2,29.6,1.87,0.0,14.1,0
2022-02-07,SOUTHERN_OCEAN,2.4,27.9,2.11,0.0,11.9,0
2022-02-08,SOUTHERN_OCEAN,4.5,25.2,1.94,0.016,11.7,0
2022-02-09,SOUTHERN_OCEAN,2.9,25.0,1.83,0.052,10.8,0
2022-02-10,SOUTHERN_OCEAN,3.2,25.4,1.58,0.06,16.2,0
2022-02-11,SOUTHERN_OCEAN,2.6,23.8,2.02,0.107,14.3,0
2022-02-12,SOUTHERN_OCEAN,1.2,25.8,2.36,0.092,11.7,0
2022-02-13,SOUTHERN_OCEAN,1.7,22.2,2.39,0.036,16.3,0
2022-02-14,SOUTHERN_OCEAN,4.8,19.2,1.99,0.062,16.7,0
2022-02-15,SOUTHERN_OCEAN,3.5,21.3,2.2,0.072,12.0,0
2022-02-16,SOUTHERN_OCEAN,3.6,17.7,1.54,0.097,13.9,0
2022-02-17,SOUTHERN_OCEAN,1.8,21.4,1.79,0.049,13.8,0
2022-02-18,SOUTHERN_OCEAN,0.1,21.9,1.0,0.128,12.3,0
2022-02-19,SOUTHERN_OCEAN,-0.4,15.8,0.39,0.156,15.4,0
2022-02-20,SOUTHERN_OCEAN,-0.3,17.6,0.68,0.143,16.2,0
2022-02-21,SOUTHERN_OCEAN,-0.1,12.6,1.57,0.105,14.4,0
2022-02-22,SOUTHERN_OCEAN,0.2,17.0,1.19,0.152,15.7,0
2022-02-23,SOUTHERN_OCEAN,-1.6,17.4,0.93,0.107,16.9,0
2022-02-24,SOUTHERN_OCEAN,-1.6,25.2,1.63,0.202,13.5,0
2022-02-25,SOUTHERN_OCEAN,0.1,29.1,2.63,0.173,11.7,0
2022-02-26,SOUTHERN_OCEAN,-1.3,24.7,2.49,0.24,12.1,0
2022-02-27,SOUTHERN_OCEAN,-1.0,17.6,2.37,0.225,16.3,0
2022-02-28,SOUTHERN_OCEAN,0.2,16.0,2.12,0.283,13.7,0
2022-03-01,SOUTHERN_OCEAN,-0.3,13.1,1.76,0.242,16.7,0
2022-03-02,SOUTHERN_OCEAN,0.9,21.5,2.23,0.237,14.0,0
2022-03-03,SOUTHERN_OCEAN,-0.9,22.1,2.03,0.264,15.5,0
2022-03-04,SOUTHERN_OCEAN,1.1,26.0,2.54,0.283,11.8,0
2022-03-05,SOUTHERN_OCEAN,2.1,25.0,1.9,0.318,12.3,0
2022-03-06,SOUTHERN_OCEAN,2.5,24.5,2.31,0.286,11.3,0
2022-03-07,SOUTHERN_OCEAN,4.4,24.6,2.35,0.281,13.8,0
2022-03-08,SOUTHERN_OCEAN,3.8,28.8,2.5,0.324,11.3,0
2022-03-09,SOUTHERN_OCEAN,2.8,29.5,1.97,0.285,10.4,0
2022-03-10,SOUTHERN_OCEAN,5.0,25.2,1.54,0.301,11.8,0
2022-03-11,SOUTHERN_OCEAN,7.5,31.2,2.46,0.284,12.1,0
2022-03-12,SOUTHERN_OCEAN,5.9,29.4,2.35,0.287,10.1,0
2022-03-13,SOUTHERN_OCEAN,5.3,27.3,2.41,0.285,10.8,0
2022-03-14,SOUTHERN_OCEAN,6.6,17.0,1.61,0.249,16.6,0
2022-03-15,SOUTHERN_OCEAN,6.0,20.7,1.87,0.238,14.0,0
2022-03-16,SOUTHERN_OCEAN,6.4,21.9,1.51,0.245,15.3,0
2022-03-17,SOUTHERN_OCEAN,7.1,23.0,1.76,0.242,13.0,0
2022-03-18,SOUTHERN_OCEAN,5.6,22.1,1.97,0.307,13.8,0
2022-03-19,SOUTHERN_OCEAN,5.9,20.7,2.08,0.344,14.4,0
2022-03-20,SOUTHERN_OCEAN,5.4,20.3,1.77,0.348,16.4,0
2022-03-21,SOUTHERN_OCEAN,3.2,23.0,1.87,0.311,15.5,0
2022-03-22,SOUTHERN_OCEAN,1.6,25.9,2.3,0.275,14.5,0
2022-03-23,SOUTHERN_OCEAN,0.8,25.2,2.23,0.356,12.0,0
2022-03-24,SOUTHERN_OCEAN,2.4,28.9,2.36,0.309,10.4,0
2022-03-25,SOUTHERN_OCEAN,3.9,28.4,3.07,0.313,13.2,0
2022-03-26,SOUTHERN_OCEAN,4.8,26.4,2.54,0.327,14.7,0
2022-03-27,SOUTHERN_OCEAN,5.0,27.3,2.97,0.313,14.1,0
2022-03-28,SOUTHERN_OCEAN,5.2,22.4,2.23,0.274,13.7,0
2022-03-29,SOUTHERN_OCEAN,5.2,24.0,2.56,0.247,14.4,0
2022-03-30,SOUTHERN_OCEAN,5.3,19.0,2.54,0.234,15.8,0
2022-03-31,SOUTHERN_OCEAN,5.5,16.6,2.15,0.216,15.6,0
2022-04-01,SOUTHERN_OCEAN,2.9,11.0,1.41,0.281,17.2,0
2022-04-02,SOUTHERN_OCEAN,1.5,12.9,0.86,0.288,16.5,0
2022-04-03,SOUTHERN_OCEAN,-0.0,20.9,1.24,0.274,13.0,0
2022-04-04,SOUTHERN_OCEAN,1.9,21.6,1.66,0.286,12.9,0
2022-04-05,SOUTHERN_OCEAN,4.3,24.9,1.56,0.321,12.0,0
2022-04-06,SOUTHERN_OCEAN,0.6,33.8,2.22,0.312,8.1,0
2022-04-07,SOUTHERN_OCEAN,3.1,34.4,1.86,0.355,10.6,0
2022-04-08,SOUTHERN_OCEAN,2.9,30.8,1.8,0.307,11.3,0
2022-04-09,SOUTHERN_OCEAN,4.2,28.1,1.44,0.362,13.3,0
2022-04-10,SOUTHERN_OCEAN,4.5,28.2,1.65,0.365,14.0,0
2022-04-11,SOUTHERN_OCEAN,6.1,26.0,1.55,0.367,14.7,0
2022-04-12,SOUTHERN_OCEAN,5.6,24.4,1.23,0.343,15.3,0
2022-04-13,SOUTHERN_OCEAN,2.9,28.6,1.44,0.301,10.9,0
2022-04-14,SOUTHERN_OCEAN,2.4,32.3,1.53,0.246,8.8,0
2022-04-15,SOUTHERN_OCEAN,2.9,25.8,0.99,0.234,14.2,0
2022-04-16,SOUTHERN_OCEAN,2.2,23.4,1.56,0.277,15.5,0
2022-04-17,SOUTHERN_OCEAN,2.9,22.5,1.55,0.255,16.0,0
2022-04-18,SOUTHERN_OCEAN,2.4,25.7,1.07,0.211,13.5,0
2022-04-19,SOUTHERN_OCEAN,1.2,30.3,1.36,0.199,8.5,0
2022-04-20,SOUTHERN_OCEAN,-0.6,39.9,2.44,0.209,9.4,0
2022-04-21,SOUTHERN_OCEAN,-1.0,36.6,2.15,0.22,10.6,0
2022-04-22,SOUTHERN_OCEAN,-0.6,34.0,2.74,0.24,12.4,0
2022-04-23,SOUTHERN_OCEAN,-3.4,35.5,2.53,0.304,12.2,0
2022-04-24,SOUTHERN_OCEAN,-4.1,32.1,2.64,0.372,12.4,0
2022-04-25,SOUTHERN_OCEAN,-6.5,31.2,3.0,0.463,10.4,0
2022-04-26,SOUTHERN_OCEAN,-6.5,29.5,3.03,0.401,10.2,0
2022-04-27,SOUTHERN_OCEAN,-3.8,20.1,1.99,0.376,15.2,0
2022-04-28,SOUTHERN_OCEAN,-5.1,22.0,1.79,0.416,12.6,0
2022-04-29,SOUTHERN_OCEAN,-3.4,22.5,2.34,0.407,15.9,0
2022-04-30,SOUTHERN_OCEAN,1.3,28.2,2.33,0.452,9.5,0
2022-05-01,SOUTHERN_OCEAN,3.2,28.5,2.75,0.466,12.9,0
2022-05-02,SOUTHERN_OCEAN,2.8,24.2,2.36,0.535,13.7,0
2022-05-03,SOUTHERN_OCEAN,3.5,24.2,2.42,0.576,12.9,0
2022-05-04,SOUTHERN_OCEAN,0.8,17.6,1.59,0.614,13.7,0
2022-05-05,SOUTHERN_OCEAN,-1.8,15.1,1.34,0.59,12.7,0
2022-05-06,SOUTHERN_OCEAN,-1.7,19.7,1.38,0.581,13.7,0
2022-05-07,SOUTHERN_OCEAN,-1.0,20.4,1.66,0.566,13.5,0
2022-05-08,SOUTHERN_OCEAN,0.6,25.3,2.05,0.504,14.6,0
2022-05-09,SOUTHERN_OCEAN,-0.6,19.0,1.98,0.569,13.5,0
2022-05-10,SOUTHERN_OCEAN,-0.4,19.9,1.88,0.598,15.1,0
2022-05-11,SOUTHERN_OCEAN,-0.3,19.8,1.61,0.581,12.5,0
2022-05-12,SOUTHERN_OCEAN,-0.7,24.9,2.04,0.633,13.7,0
2022-05-13,SOUTHERN_OCEAN,-1.0,28.2,1.92,0.602,8.7,0
2022-05-14,SOUTHERN_OCEAN,-2.4,30.9,2.58,0.527,14.5,0
2022-05-15,SOUTHERN_OCEAN,-1.9,36.5,2.85,0.573,9.6,0
2022-05-16,SOUTHERN_OCEAN,-1.6,34.4,2.66,0.524,6.2,0
2022-05-17,SOUTHERN_OCEAN,-2.3,38.7,3.1,0.523,8.1,0
2022-05-18,SOUTHERN_OCEAN,-1.2,33.8,2.83,0.54,9.2,0
2022-05-19,SOUTHERN_OCEAN,0.2,29.5,2.03,0.562,10.7,0
2022-05-20,SOUTHERN_OCEAN,0.8,32.5,1.93,0.601,10.3,0
2022-05-21,SOUTHERN_OCEAN,-1.2,26.9,2.21,0.625,11.5,0
2022-05-22,SOUTHERN_OCEAN,-1.2,29.7,2.44,0.647,10.5,0
2022-05-23,SOUTHERN_OCEAN,-2.7,30.3,1.92,0.613,9.8,0
2022-05-24,SOUTHERN_OCEAN,-2.5,34.4,2.41,0.626,11.6,0
2022-05-25,SOUTHERN_OCEAN,-3.9,33.7,2.28,0.566,12.4,0
2022-05-26,SOUTHERN_OCEAN,-1.8,33.6,2.08,0.636,10.2,0
2022-05-27,SOUTHERN_OCEAN,-0.7,35.2,1.9,0.58,10.1,0
2022-05-28,SOUTHERN_OCEAN,0.7,32.3,2.33,0.573,9.3,0
2022-05-29,SOUTHERN_OCEAN,1.8,29.7,1.59,0.527,11.8,0
2022-05-30,SOUTHERN_OCEAN,0.7,31.7,1.61,0.511,11.5,0
2022-05-31,SOUTHERN_OCEAN,-0.5,31.7,1.88,0.526,10.8,0
2022-06-01,SOUTHERN_OCEAN,1.8,30.2,2.56,0.518,12.1,0
2022-06-02,SOUTHERN_OCEAN,0.8,30.2,2.79,0.578,12.0,0
2022-06-03,SOUTHERN_OCEAN,-1.8,36.2,2.77,0.596,8.3,0
2022-06-04,SOUTHERN_OCEAN,-0.5,34.0,3.26,0.584,12.3,0
2022-06-05,SOUTHERN_OCEAN,-0.6,32.1,2.6,0.588,10.7,0
2022-06-06,SOUTHERN_OCEAN,1.2,25.9,2.43,0.645,15.3,0
2022-06-07,SOUTHERN_OCEAN,0.9,26.7,2.66,0.685,13.1,0
2022-06-08,SOUTHERN_OCEAN,0.3,29.9,2.48,0.639,14.6,0
2022-06-09,SOUTHERN_OCEAN,2.0,33.3,2.94,0.616,12.4,0
2022-06-10,SOUTHERN_OCEAN,-1.1,33.6,2.75,0.642,10.9,0
2022-06-11,SOUTHERN_OCEAN,-2.3,36.8,3.19,0.661,8.6,0
2022-06-12,SOUTHERN_OCEAN,-3.8,38.8,2.6,0.622,8.1,0
2022-06-13,SOUTHERN_OCEAN,-7.0,41.9,2.98,0.659,9.1,0
2022-06-14,SOUTHERN_OCEAN,-5.2,44.0,3.0,0.627,7.9,0
2022-06-15,SOUTHERN_OCEAN,-5.8,48.0,3.69,0.687,5.7,0
2022-06-16,SOUTHERN_OCEAN,-4.1,45.0,3.51,0.709,0.1,1
2022-06-17,SOUTHERN_OCEAN,-3.4,38.4,3.62,0.663,0.1,1
2022-06-18,SOUTHERN_OCEAN,-2.6,39.9,3.78,0.646,10.1,0
2022-06-19,SOUTHERN_OCEAN,-3.4,41.7,3.7,0.631,0.1,1
2022-06-20,SOUTHERN_OCEAN,-4.6,46.0,4.12,0.645,8.6,0
2022-06-21,SOUTHERN_OCEAN,-4.3,48.6,4.41,0.643,7.1,0
2022-06-22,SOUTHERN_OCEAN,-2.9,53.2,4.66,0.604,0.1,1
2022-06-23,SOUTHERN_OCEAN,-3.1,52.4,3.63,0.559,0.1,1
2022-06-24,SOUTHERN_OCEAN,-4.2,50.3,3.21,0.597,5.8,0
2022-06-25,SOUTHERN_OCEAN,-6.0,42.7,3.43,0.62,0.1,1
2022-06-26,SOUTHERN_OCEAN,-5.4,42.3,2.94,0.634,10.8,0
2022-06-27,SOUTHERN_OCEAN,-6.0,38.9,3.16,0.654,8.7,0
2022-06-28,SOUTHERN_OCEAN,-5.8,38.8,3.41,0.635,0.3,1
2022-06-29,SOUTHERN_OCEAN,-5.9,38.1,3.06,0.651,0.1,1
2022-06-30,SOUTHERN_OCEAN,-6.2,39.0,2.4,0.76,0.1,1
2022-07-01,SOUTHERN_OCEAN,-5.4,37.8,2.28,0.803,7.6,0
2022-07-02,SOUTHERN_OCEAN,-4.4,40.4,3.32,0.784,0.1,1
2022-07-03,SOUTHERN_OCEAN,-1.4,29.5,2.44,0.757,12.8,0
2022-07-04,SOUTHERN_OCEAN,-0.6,30.7,2.26,0.639,12.0,0
2022-07-05,SOUTHERN_OCEAN,1.2,35.4,2.23,0.69,11.8,0
2022-07-06,SOUTHERN_OCEAN,-0.8,41.8,3.14,0.725,0.1,1
2022-07-07,SOUTHERN_OCEAN,-3.7,43.1,3.15,0.703,0.1,1
2022-07-08,SOUTHERN_OCEAN,-3.7,47.6,3.19,0.648,7.6,0
2022-07-09,SOUTHERN_OCEAN,-2.5,46.1,3.7,0.61,0.1,1
2022-07-10,SOUTHERN_OCEAN,-1.7,44.1,3.77,0.639,6.8,0
2022-07-11,SOUTHERN_OCEAN,-0.2,44.4,3.38,0.644,8.3,0
2022-07-12,SOUTHERN_OCEAN,-4.6,42.6,2.86,0.679,8.2,0
2022-07-13,SOUTHERN_OCEAN,-2.6,38.4,3.16,0.687,8.3,0
2022-07-14,SOUTHERN_OCEAN,-2.3,35.7,3.02,0.729,9.7,0
2022-07-15,SOUTHERN_OCEAN,-4.9,31.3,2.24,0.743,13.4,0
2022-07-16,SOUTHERN_OCEAN,-3.7,33.5,1.81,0.774,12.7,0
2022-07-17,SOUTHERN_OCEAN,-3.5,33.4,1.62,0.685,10.9,0
2022-07-18,SOUTHERN_OCEAN,-3.0,32.1,1.36,0.639,11.1,0
2022-07-19,SOUTHERN_OCEAN,-1.6,30.2,0.81,0.633,9.4,0
2022-07-20,SOUTHERN_OCEAN,-1.3,32.4,0.91,0.684,13.5,0
2022-07-21,SOUTHERN_OCEAN,-3.9,35.3,1.1,0.762,11.7,0
2022-07-22,SOUTHERN_OCEAN,-4.2,30.9,1.09,0.751,12.5,0
2022-07-23,SOUTHERN_OCEAN,-6.5,26.5,1.81,0.723,9.2,0
2022-07-24,SOUTHERN_OCEAN,-5.2,30.9,2.08,0.643,11.4,0
2022-07-25,SOUTHERN_OCEAN,-2.9,26.3,1.92,0.684,12.5,0
2022-07-26,SOUTHERN_OCEAN,-4.9,29.2,2.37,0.665,12.8,0
2022-07-27,SOUTHERN_OCEAN,-5.7,35.6,2.66,0.787,9.4,0
2022-07-28,SOUTHERN_OCEAN,-6.8,41.0,3.14,0.749,0.1,1
2022-07-29,SOUTHERN_OCEAN,-7.0,42.4,3.33,0.829,9.0,0
2022-07-30,SOUTHERN_OCEAN,-5.9,43.5,3.43,0.846,6.6,0
2022-07-31,SOUTHERN_OCEAN,-6.2,50.0,4.74,0.79,0.1,1
2022-08-01,SOUTHERN_OCEAN,-4.9,39.0,4.31,0.789,0.1,1
2022-08-02,SOUTHERN_OCEAN,-3.1,36.4,3.56,0.811,11.8,0
2022-08-03,SOUTHERN_OCEAN,-1.5,38.9,3.71,0.789,10.3,0
2022-08-04,SOUTHERN_OCEAN,-3.5,36.8,3.2,0.813,11.3,0
2022-08-05,SOUTHERN_OCEAN,-1.4,40.6,3.52,0.832,0.1,1
2022-08-06,SOUTHERN_OCEAN,0.4,39.2,2.9,0.841,1.3,1
2022-08-07,SOUTHERN_OCEAN,2.2,38.7,2.53,0.824,0.1,1
2022-08-08,SOUTHERN_OCEAN,1.1,36.8,2.68,0.762,12.7,0
2022-08-09,SOUTHERN_OCEAN,-0.7,34.3,2.98,0.75,13.6,0
2022-08-10,SOUTHERN_OCEAN,-2.6,32.0,3.04,0.749,11.7,0
2022-08-11,SOUTHERN_OCEAN,-4.3,33.1,3.35,0.666,12.0,0
2022-08-12,SOUTHERN_OCEAN,-4.2,30.2,3.24,0.672,11.5,0
2022-08-13,SOUTHERN_OCEAN,-2.8,33.9,3.38,0.667,10.2,0
2022-08-14,SOUTHERN_OCEAN,-0.9,36.0,3.21,0.614,9.0,0
2022-08-15,SOUTHERN_OCEAN,-1.9,39.4,3.63,0.604,0.1,1
2022-08-16,SOUTHERN_OCEAN,-2.2,34.3,3.65,0.596,11.2,0
2022-08-17,SOUTHERN_OCEAN,-2.4,27.8,3.16,0.678,12.8,0
2022-08-18,SOUTHERN_OCEAN,-3.5,28.4,3.03,0.683,15.0,0
2022-08-19,SOUTHERN_OCEAN,-2.3,39.4,4.07,0.72,9.1,0
2022-08-20,SOUTHERN_OCEAN,-1.8,42.9,4.06,0.707,5.8,0
2022-08-21,SOUTHERN_OCEAN,-1.8,39.2,3.76,0.624,11.5,0
2022-08-22,SOUTHERN_OCEAN,-1.4,39.7,3.84,0.651,7.1,0
2022-08-23,SOUTHERN_OCEAN,-0.7,41.1,3.74,0.622,0.1,1
2022-08-24,SOUTHERN_OCEAN,-0.0,34.8,3.03,0.608,10.7,0
2022-08-25,SOUTHERN_OCEAN,-1.7,39.2,3.37,0.566,0.1,1
2022-08-26,SOUTHERN_OCEAN,-0.5,37.5,3.23,0.573,7.3,0
2022-08-27,SOUTHERN_OCEAN,-0.4,36.3,3.8,0.618,8.7,0
2022-08-28,SOUTHERN_OCEAN,-1.3,35.7,3.9,0.654,7.8,0
2022-08-29,SOUTHERN_OCEAN,-1.1,39.2,3.68,0.711,0.1,1
2022-08-30,SOUTHERN_OCEAN,-0.8,35.3,3.64,0.768,11.9,0
2022-08-31,SOUTHERN_OCEAN,0.6,28.6,3.28,0.668,10.2,0
2022-09-01,SOUTHERN_OCEAN,-1.4,30.1,3.7,0.611,13.1,0
2022-09-02,SOUTHERN_OCEAN,0.5,22.9,2.95,0.535,15.0,0
2022-09-03,SOUTHERN_OCEAN,0.2,23.1,2.91,0.564,12.5,0
2022-09-04,SOUTHERN_OCEAN,-0.9,28.6,3.03,0.536,9.0,0
2022-09-05,SOUTHERN_OCEAN,-1.8,31.0,3.1,0.519,9.7,0
2022-09-06,SOUTHERN_OCEAN,-3.3,34.8,2.9,0.514,9.4,0
2022-09-07,SOUTHERN_OCEAN,-5.7,36.4,3.2,0.533,12.1,0
2022-09-08,SOUTHERN_OCEAN,-4.1,44.3,3.7,0.474,7.4,0
2022-09-09,SOUTHERN_OCEAN,-0.7,40.1,3.9,0.431,0.1,1
2022-09-10,SOUTHERN_OCEAN,-3.3,40.2,3.76,0.441,9.0,0
2022-09-11,SOUTHERN_OCEAN,-4.4,37.2,3.35,0.498,7.7,0
2022-09-12,SOUTHERN_OCEAN,-2.8,39.6,3.7,0.499,0.1,1
2022-09-13,SOUTHERN_OCEAN,-2.7,38.0,3.23,0.469,7.9,0
2022-09-14,SOUTHERN_OCEAN,-1.2,43.1,3.85,0.388,6.7,0
2022-09-15,SOUTHERN_OCEAN,-1.3,39.3,3.95,0.438,0.1,1
2022-09-16,SOUTHERN_OCEAN,-2.2,43.0,4.43,0.414,0.6,1
2022-09-17,SOUTHERN_OCEAN,-2.3,43.2,4.36,0.377,1.2,1
2022-09-18,SOUTHERN_OCEAN,-5.7,41.2,3.88,0.319,6.9,0
2022-09-19,SOUTHERN_OCEAN,-6.7,41.4,3.81,0.278,0.1,1
2022-09-20,SOUTHERN_OCEAN,-4.3,40.7,3.8,0.26,0.1,1
2022-09-21,SOUTHERN_OCEAN,-2.0,40.3,3.47,0.272,10.5,0
2022-09-22,SOUTHERN_OCEAN,0.3,38.0,3.78,0.243,6.1,0
2022-09-23,SOUTHERN_OCEAN,0.9,34.3,3.67,0.272,10.5,0
2022-09-24,SOUTHERN_OCEAN,-2.7,32.4,3.1,0.281,10.2,0
2022-09-25,SOUTHERN_OCEAN,-3.3,25.9,3.4,0.386,9.9,0
2022-09-26,SOUTHERN_OCEAN,-0.8,29.5,3.43,0.324,9.7,0
2022-09-27,SOUTHERN_OCEAN,1.7,25.1,2.67,0.342,12.1,0
2022-09-28,SOUTHERN_OCEAN,3.5,24.9,2.32,0.358,13.1,0
2022-09-29,SOUTHERN_OCEAN,2.6,27.9,3.03,0.323,13.7,0
2022-09-30,SOUTHERN_OCEAN,0.3,31.2,3.76,0.337,11.8,0
2022-10-01,SOUTHERN_OCEAN,0.2,24.5,3.59,0.375,14.6,0
2022-10-02,SOUTHERN_OCEAN,0.2,24.8,3.85,0.383,13.1,0
2022-10-03,SOUTHERN_OCEAN,2.6,27.1,4.12,0.44,11.3,0
2022-10-04,SOUTHERN_OCEAN,2.6,27.6,4.03,0.349,12.0,0
2022-10-05,SOUTHERN_OCEAN,2.3,32.6,4.11,0.319,11.9,0
2022-10-06,SOUTHERN_OCEAN,2.2,29.1,3.87,0.385,13.4,0
2022-10-07,SOUTHERN_OCEAN,2.6,21.7,3.52,0.421,13.7,0
2022-10-08,SOUTHERN_OCEAN,3.3,25.6,3.21,0.437,11.4,0
2022-10-09,SOUTHERN_OCEAN,1.8,24.1,3.25,0.48,13.7,0
2022-10-10,SOUTHERN_OCEAN,0.1,18.5,3.32,0.391,15.5,0
2022-10-11,SOUTHERN_OCEAN,2.3,19.4,3.06,0.419,16.4,0
2022-10-12,SOUTHERN_OCEAN,-0.3,25.2,3.05,0.455,11.9,0
2022-10-13,SOUTHERN_OCEAN,2.4,21.1,2.9,0.418,13.1,0
2022-10-14,SOUTHERN_OCEAN,-0.7,30.6,3.01,0.515,12.6,0
2022-10-15,SOUTHERN_OCEAN,-1.2,27.2,2.31,0.504,11.8,0
2022-10-16,SOUTHERN_OCEAN,0.6,27.6,2.8,0.399,11.6,0
2022-10-17,SOUTHERN_OCEAN,0.8,23.3,2.37,0.406,15.4,0
2022-10-18,SOUTHERN_OCEAN,-1.0,24.1,2.42,0.368,11.2,0
2022-10-19,SOUTHERN_OCEAN,0.0,24.2,2.2,0.409,16.3,0
2022-10-20,SOUTHERN_OCEAN,0.4,19.4,2.46,0.42,13.7,0
2022-10-21,SOUTHERN_OCEAN,0.3,30.8,3.28,0.384,12.7,0
2022-10-22,SOUTHERN_OCEAN,-0.4,28.5,2.97,0.435,11.9,0
2022-10-23,SOUTHERN_OCEAN,-0.1,26.6,2.38,0.457,13.0,0
2022-10-24,SOUTHERN_OCEAN,-0.6,30.2,2.47,0.406,11.1,0
2022-10-25,SOUTHERN_OCEAN,3.5,36.3,3.03,0.387,11.1,0
2022-10-26,SOUTHERN_OCEAN,3.0,39.0,3.23,0.396,8.6,0
2022-10-27,SOUTHERN_OCEAN,2.3,32.9,2.95,0.368,9.9,0
2022-10-28,SOUTHERN_OCEAN,1.5,32.8,3.0,0.344,13.5,0
2022-10-29,SOUTHERN_OCEAN,4.4,25.2,2.86,0.336,13.0,0
2022-10-30,SOUTHERN_OCEAN,1.7,28.7,2.94,0.284,11.0,0
2022-10-31,SOUTHERN_OCEAN,2.4,22.5,2.73,0.191,11.5,0
2022-11-01,SOUTHERN_OCEAN,2.1,20.3,2.18,0.205,17.1,0
2022-11-02,SOUTHERN_OCEAN,0.1,21.3,3.16,0.128,13.2,0
2022-11-03,SOUTHERN_OCEAN,-0.7,23.7,3.0,0.098,16.5,0
2022-11-04,SOUTHERN_OCEAN,0.3,23.2,2.92,0.039,14.1,0
2022-11-05,SOUTHERN_OCEAN,-0.5,29.1,3.31,0.0,12.1,0
2022-11-06,SOUTHERN_OCEAN,0.4,31.4,3.14,0.029,11.5,0
2022-11-07,SOUTHERN_OCEAN,3.4,32.9,3.15,0.038,14.1,0
2022-11-08,SOUTHERN_OCEAN,3.7,27.5,2.82,0.044,9.0,0
2022-11-09,SOUTHERN_OCEAN,1.5,33.4,2.74,0.006,11.0,0
2022-11-10,SOUTHERN_OCEAN,0.5,29.5,2.72,0.0,11.4,0
2022-11-11,SOUTHERN_OCEAN,0.6,35.2,2.41,0.032,9.8,0
2022-11-12,SOUTHERN_OCEAN,0.5,41.1,3.44,0.044,8.7,0
2022-11-13,SOUTHERN_OCEAN,1.2,40.7,3.67,0.09,0.1,1
2022-11-14,SOUTHERN_OCEAN,2.1,42.2,3.89,0.137,8.5,0
2022-11-15,SOUTHERN_OCEAN,5.0,28.7,2.47,0.13,11.9,0
2022-11-16,SOUTHERN_OCEAN,4.8,27.5,2.16,0.059,10.3,0
2022-11-17,SOUTHERN_OCEAN,3.0,31.2,2.93,0.038,11.8,0
2022-11-18,SOUTHERN_OCEAN,4.9,33.7,4.52,0.045,11.6,0
2022-11-19,SOUTHERN_OCEAN,6.7,28.1,4.34,0.025,11.3,0
2022-11-20,SOUTHERN_OCEAN,6.6,26.7,4.29,0.0,15.3,0
2022-11-21,SOUTHERN_OCEAN,5.9,17.4,3.67,0.011,17.1,0
2022-11-22,SOUTHERN_OCEAN,6.6,20.1,3.18,0.121,15.6,0
2022-11-23,SOUTHERN_OCEAN,6.0,14.1,3.04,0.102,17.3,0
2022-11-24,SOUTHERN_OCEAN,2.7,19.9,2.71,0.104,14.5,0
2022-11-25,SOUTHERN_OCEAN,3.8,24.9,2.42,0.054,14.7,0
2022-11-26,SOUTHERN_OCEAN,5.3,23.3,1.88,0.11,15.8,0
2022-11-27,SOUTHERN_OCEAN,7.3,25.4,2.44,0.145,14.1,0
2022-11-28,SOUTHERN_OCEAN,5.9,24.6,2.38,0.174,12.3,0
2022-11-29,SOUTHERN_OCEAN,6.0,25.5,2.48,0.222,12.8,0
2022-11-30,SOUTHERN_OCEAN,6.2,21.3,2.26,0.193,14.9,0
2022-12-01,SOUTHERN_OCEAN,6.2,24.1,2.0,0.171,14.5,0
2022-12-02,SOUTHERN_OCEAN,6.2,18.3,1.55,0.232,14.8,0
2022-12-03,SOUTHERN_OCEAN,6.0,12.7,1.16,0.244,15.6,0
2022-12-04,SOUTHERN_OCEAN,6.2,14.1,0.86,0.14,18.4,0
2022-12-05,SOUTHERN_OCEAN,7.2,14.9,0.93,0.152,14.2,0
2022-12-06,SOUTHERN_OCEAN,8.7,17.4,0.86,0.122,13.7,0
2022-12-07,SOUTHERN_OCEAN,7.0,16.2,1.25,0.154,13.5,0
2022-12-08,SOUTHERN_OCEAN,6.5,24.2,2.04,0.163,11.8,0
2022-12-09,SOUTHERN_OCEAN,5.7,24.9,1.68,0.084,14.9,0
2022-12-10,SOUTHERN_OCEAN,4.8,25.7,1.77,0.094,14.7,0
2022-12-11,SOUTHERN_OCEAN,2.5,26.2,2.61,0.1,12.6,0
2022-12-12,SOUTHERN_OCEAN,2.9,29.6,2.4,0.111,12.5,0
2022-12-13,SOUTHERN_OCEAN,4.0,30.9,2.68,0.13,11.3,0
2022-12-14,SOUTHERN_OCEAN,4.0,31.5,2.76,0.183,9.4,0
2022-12-15,SOUTHERN_OCEAN,4.3,33.1,3.23,0.187,14.1,0
2022-12-16,SOUTHERN_OCEAN,5.1,25.2,2.87,0.175,15.0,0
2022-12-17,SOUTHERN_OCEAN,7.3,18.6,2.31,0.209,15.3,0
2022-12-18,SOUTHERN_OCEAN,6.4,19.2,2.32,0.283,13.3,0
2022-12-19,SOUTHERN_OCEAN,4.5,19.3,2.32,0.297,14.3,0
2022-12-20,SOUTHERN_OCEAN,4.6,22.1,2.4,0.28,12.8,0
2022-12-21,SOUTHERN_OCEAN,7.6,22.5,1.93,0.274,13.8,0
2022-12-22,SOUTHERN_OCEAN,5.6,24.8,2.57,0.262,13.5,0
2022-12-23,SOUTHERN_OCEAN,6.6,20.3,2.7,0.241,13.8,0
2022-12-24,SOUTHERN_OCEAN,8.2,20.8,2.25,0.308,12.0,0
2022-12-25,SOUTHERN_OCEAN,4.3,16.5,1.93,0.251,18.6,0
2022-12-26,SOUTHERN_OCEAN,5.2,19.0,1.99,0.277,15.0,0
2022-12-27,SOUTHERN_OCEAN,6.2,13.0,1.31,0.248,17.0,0
2022-12-28,SOUTHERN_OCEAN,5.7,15.9,0.89,0.168,14.9,0
2022-12-29,SOUTHERN_OCEAN,4.8,11.9,0.67,0.148,14.3,0
2022-12-30,SOUTHERN_OCEAN,4.1,12.3,0.79,0.115,16.4,0
2022-12-31,SOUTHERN_OCEAN,3.9,17.3,0.72,0.13,14.7,0
2023-01-01,SOUTHERN_OCEAN,3.7,19.1,1.15,0.124,15.7,0
2023-01-02,SOUTHERN_OCEAN,3.3,13.9,1.51,0.075,17.5,0
2023-01-03,SOUTHERN_OCEAN,3.2,13.0,1.84,0.13,17.5,0
2023-01-04,SOUTHERN_OCEAN,5.4,9.3,1.61,0.164,18.9,0
2023-01-05,SOUTHERN_OCEAN,3.7,5.4,0.76,0.215,21.2,0
2023-01-06,SOUTHERN_OCEAN,1.4,8.6,1.32,0.206,18.2,0
2023-01-07,SOUTHERN_OCEAN,3.9,12.9,1.65,0.188,18.0,0
2023-01-08,SOUTHERN_OCEAN,3.9,16.2,2.01,0.201,16.2,0
2023-01-09,SOUTHERN_OCEAN,3.7,19.5,2.87,0.161,11.7,0
2023-01-10,SOUTHERN_OCEAN,3.9,20.1,2.47,0.154,14.1,0
2023-01-11,SOUTHERN_OCEAN,4.5,19.7,1.36,0.135,13.2,0
2023-01-12,SOUTHERN_OCEAN,3.9,16.5,0.98,0.067,15.7,0
2023-01-13,SOUTHERN_OCEAN,5.0,16.0,1.34,0.069,14.3,0
2023-01-14,SOUTHERN_OCEAN,3.7,12.5,1.31,0.048,17.4,0
2023-01-15,SOUTHERN_OCEAN,3.6,11.2,0.91,0.038,18.3,0
2023-01-16,SOUTHERN_OCEAN,0.6,13.4,0.68,0.053,18.1,0
2023-01-17,SOUTHERN_OCEAN,3.2,14.6,0.85,0.102,18.3,0
2023-01-18,SOUTHERN_OCEAN,3.4,27.0,1.24,0.062,9.9,0
2023-01-19,SOUTHERN_OCEAN,4.8,21.7,1.42,0.047,12.1,0
2023-01-20,SOUTHERN_OCEAN,5.6,21.6,1.44,0.016,18.3,0
2023-01-21,SOUTHERN_OCEAN,6.5,16.9,1.15,0.0,16.8,0
2023-01-22,SOUTHERN_OCEAN,6.4,16.6,1.04,0.0,15.7,0
2023-01-23,SOUTHERN_OCEAN,6.9,16.4,1.32,0.0,15.4,0
2023-01-24,SOUTHERN_OCEAN,5.3,20.6,1.69,0.001,14.1,0
2023-01-25,SOUTHERN_OCEAN,3.6,19.5,1.82,0.019,11.6,0
2023-01-26,SOUTHERN_OCEAN,3.8,19.5,1.95,0.0,13.4,0
2023-01-27,SOUTHERN_OCEAN,3.1,18.7,1.93,0.04,14.6,0
2023-01-28,SOUTHERN_OCEAN,5.6,14.5,1.39,0.079,14.9,0
2023-01-29,SOUTHERN_OCEAN,6.2,13.6,1.19,0.042,15.3,0
2023-01-30,SOUTHERN_OCEAN,5.1,13.8,1.2,0.093,20.0,0
2023-01-31,SOUTHERN_OCEAN,4.7,15.7,2.17,0.103,15.2,0
2023-02-01,SOUTHERN_OCEAN,5.1,19.0,1.81,0.094,15.1,0
2023-02-02,SOUTHERN_OCEAN,5.1,18.9,1.73,0.106,15.1,0
2023-02-03,SOUTHERN_OCEAN,5.5,18.8,1.84,0.102,15.6,0
2023-02-04,SOUTHERN_OCEAN,5.6,13.5,1.52,0.121,15.5,0
2023-02-05,SOUTHERN_OCEAN,3.5,17.1,2.16,0.124,17.1,0
2023-02-06,SOUTHERN_OCEAN,0.6,15.7,1.96,0.107,16.3,0
2023-02-07,SOUTHERN_OCEAN,0.8,19.7,2.08,0.024,12.6,0
2023-02-08,SOUTHERN_OCEAN,2.3,25.2,2.67,0.051,12.8,0
2023-02-09,SOUTHERN_OCEAN,2.2,24.4,3.24,0.041,12.9,0
2023-02-10,SOUTHERN_OCEAN,4.5,20.7,3.4,0.077,13.9,0
2023-02-11,SOUTHERN_OCEAN,4.6,21.3,3.14,0.099,14.8,0
2023-02-12,SOUTHERN_OCEAN,6.7,23.0,3.04,0.085,14.5,0
2023-02-13,SOUTHERN_OCEAN,8.2,22.2,2.87,0.128,14.6,0
2023-02-14,SOUTHERN_OCEAN,9.3,20.5,2.73,0.135,14.8,0
2023-02-15,SOUTHERN_OCEAN,6.9,23.2,2.46,0.139,13.6,0
2023-02-16,SOUTHERN_OCEAN,6.6,25.3,2.88,0.131,9.7,0
2023-02-17,SOUTHERN_OCEAN,8.2,24.0,2.81,0.198,14.5,0
2023-02-18,SOUTHERN_OCEAN,8.1,18.2,2.42,0.162,15.6,0
2023-02-19,SOUTHERN_OCEAN,8.5,20.8,2.03,0.146,12.7,0
2023-02-20,SOUTHERN_OCEAN,5.8,18.7,1.99,0.095,15.2,0
2023-02-21,SOUTHERN_OCEAN,8.5,20.4,1.42,0.128,15.2,0
2023-02-22,SOUTHERN_OCEAN,6.8,21.7,1.44,0.106,15.7,0
2023-02-23,SOUTHERN_OCEAN,3.5,15.4,1.09,0.092,16.4,0
2023-02-24,SOUTHERN_OCEAN,3.1,17.2,1.46,0.077,15.7,0
2023-02-25,SOUTHERN_OCEAN,-0.4,20.3,2.41,0.087,15.7,0
2023-02-26,SOUTHERN_OCEAN,-1.3,23.3,2.73,0.044,13.0,0
2023-02-27,SOUTHERN_OCEAN,3.4,24.1,3.22,0.0,13.9,0
2023-02-28,SOUTHERN_OCEAN,3.0,17.2,2.94,0.005,14.3,0
2023-03-01,SOUTHERN_OCEAN,1.0,23.0,3.46,0.0,15.2,0
2023-03-02,SOUTHERN_OCEAN,1.5,24.9,4.0,0.0,10.6,0
2023-03-03,SOUTHERN_OCEAN,0.6,20.7,3.22,0.077,15.4,0
2023-03-04,SOUTHERN_OCEAN,2.4,18.6,2.63,0.081,14.8,0
2023-03-05,SOUTHERN_OCEAN,1.3,20.5,2.87,0.144,15.7,0
2023-03-06,SOUTHERN_OCEAN,2.1,23.8,2.9,0.149,12.2,0
2023-03-07,SOUTHERN_OCEAN,0.6,22.4,2.81,0.218,13.9,0
2023-03-08,SOUTHERN_OCEAN,5.0,25.9,2.79,0.199,12.8,0
2023-03-09,SOUTHERN_OCEAN,5.5,19.5,2.2,0.106,15.2,0
2023-03-10,SOUTHERN_OCEAN,5.0,16.7,2.64,0.114,13.7,0
2023-03-11,SOUTHERN_OCEAN,4.4,10.7,1.82,0.193,18.0,0
2023-03-12,SOUTHERN_OCEAN,3.4,9.8,2.01,0.218,14.5,0
2023-03-13,SOUTHERN_OCEAN,2.3,17.7,2.53,0.199,14.0,0
2023-03-14,SOUTHERN_OCEAN,1.2,26.4,2.31,0.216,10.3,0
2023-03-15,SOUTHERN_OCEAN,4.0,27.3,2.09,0.258,13.6,0
2023-03-16,SOUTHERN_OCEAN,3.1,24.9,1.83,0.254,13.6,0
2023-03-17,SOUTHERN_OCEAN,-0.1,24.4,2.13,0.359,13.9,0
2023-03-18,SOUTHERN_OCEAN,-1.4,26.4,2.16,0.329,14.8,0
2023-03-19,SOUTHERN_OCEAN,0.6,20.8,1.92,0.363,13.7,0
2023-03-20,SOUTHERN_OCEAN,0.6,19.7,1.4,0.384,15.4,0
2023-03-21,SOUTHERN_OCEAN,0.7,25.9,2.71,0.346,12.8,0
2023-03-22,SOUTHERN_OCEAN,2.8,22.3,2.51,0.323,13.6,0
2023-03-23,SOUTHERN_OCEAN,1.6,20.3,2.55,0.36,16.3,0
2023-03-24,SOUTHERN_OCEAN,2.7,21.4,2.34,0.359,17.1,0
2023-03-25,SOUTHERN_OCEAN,1.6,23.3,2.19,0.367,12.8,0
2023-03-26,SOUTHERN_OCEAN,2.6,21.7,2.83,0.296,15.2,0
2023-03-27,SOUTHERN_OCEAN,2.0,22.8,2.09,0.324,14.1,0
2023-03-28,SOUTHERN_OCEAN,1.6,25.7,2.38,0.335,13.3,0
2023-03-29,SOUTHERN_OCEAN,2.9,33.0,2.33,0.331,11.1,0
2023-03-30,SOUTHERN_OCEAN,3.9,31.7,2.23,0.346,10.6,0
2023-03-31,SOUTHERN_OCEAN,3.4,31.0,2.07,0.328,5.9,0
2023-04-01,SOUTHERN_OCEAN,2.4,36.0,2.1,0.306,12.2,0
2023-04-02,SOUTHERN_OCEAN,4.7,32.8,2.14,0.301,9.8,0
2023-04-03,SOUTHERN_OCEAN,5.1,27.3,1.08,0.287,12.0,0
2023-04-04,SOUTHERN_OCEAN,4.0,28.3,1.31,0.382,11.7,0
2023-04-05,SOUTHERN_OCEAN,2.7,32.1,1.73,0.417,9.8,0
2023-04-06,SOUTHERN_OCEAN,4.0,32.8,1.49,0.374,11.2,0
2023-04-07,SOUTHERN_OCEAN,3.8,31.8,2.25,0.456,11.0,0
2023-04-08,SOUTHERN_OCEAN,3.1,26.1,1.86,0.431,11.6,0
2023-04-09,SOUTHERN_OCEAN,3.0,26.2,1.91,0.428,12.9,0
2023-04-10,SOUTHERN_OCEAN,3.2,31.0,2.06,0.461,11.3,0
2023-04-11,SOUTHERN_OCEAN,2.8,26.2,1.92,0.376,14.1,0
2023-04-12,SOUTHERN_OCEAN,4.3,25.7,2.49,0.37,10.8,0
2023-04-13,SOUTHERN_OCEAN,5.7,24.7,3.33,0.351,11.9,0
2023-04-14,SOUTHERN_OCEAN,5.7,22.8,3.32,0.366,14.7,0
2023-04-15,SOUTHERN_OCEAN,7.0,24.6,3.61,0.387,12.2,0
2023-04-16,SOUTHERN_OCEAN,6.1,26.8,4.1,0.388,11.1,0
2023-04-17,SOUTHERN_OCEAN,6.3,28.7,3.97,0.388,11.1,0
2023-04-18,SOUTHERN_OCEAN,6.9,25.3,4.1,0.436,12.8,0
2023-04-19,SOUTHERN_OCEAN,7.4,19.9,3.79,0.45,14.3,0
2023-04-20,SOUTHERN_OCEAN,7.7,22.3,3.64,0.452,13.5,0
2023-04-21,SOUTHERN_OCEAN,7.5,21.5,3.46,0.459,12.4,0
2023-04-22,SOUTHERN_OCEAN,9.3,29.3,2.96,0.533,13.0,0
2023-04-23,SOUTHERN_OCEAN,7.1,36.1,3.35,0.534,11.9,0
2023-04-24,SOUTHERN_OCEAN,5.8,42.3,3.03,0.507,5.3,0
2023-04-25,SOUTHERN_OCEAN,4.6,37.0,2.24,0.429,7.3,0
2023-04-26,SOUTHERN_OCEAN,3.3,38.0,2.52,0.377,10.9,0
2023-04-27,SOUTHERN_OCEAN,-0.3,39.9,2.33,0.37,1.2,1
2023-04-28,SOUTHERN_OCEAN,1.8,41.1,2.56,0.379,5.3,0
2023-04-29,SOUTHERN_OCEAN,-0.1,38.1,2.6,0.369,10.5,0
2023-04-30,SOUTHERN_OCEAN,0.1,41.5,2.94,0.398,10.8,0
2023-05-01,SOUTHERN_OCEAN,-2.2,39.8,2.59,0.387,0.1,1
2023-05-02,SOUTHERN_OCEAN,-1.1,38.8,2.99,0.364,11.5,0
2023-05-03,SOUTHERN_OCEAN,-2.2,32.0,2.64,0.405,10.8,0
2023-05-04,SOUTHERN_OCEAN,-3.7,34.0,2.94,0.472,10.9,0
2023-05-05,SOUTHERN_OCEAN,-3.0,32.6,2.42,0.434,9.8,0
2023-05-06,SOUTHERN_OCEAN,-3.8,33.9,2.51,0.455,12.0,0
2023-05-07,SOUTHERN_OCEAN,-4.3,34.2,3.0,0.388,11.7,0
2023-05-08,SOUTHERN_OCEAN,-3.6,34.3,3.33,0.346,13.0,0
2023-05-09,SOUTHERN_OCEAN,-2.0,33.6,2.93,0.343,12.7,0
2023-05-10,SOUTHERN_OCEAN,-3.2,36.0,2.84,0.411,9.9,0
2023-05-11,SOUTHERN_OCEAN,-4.4,34.5,2.44,0.396,15.0,0
2023-05-12,SOUTHERN_OCEAN,-4.0,28.7,2.01,0.381,14.0,0
2023-05-13,SOUTHERN_OCEAN,-2.8,31.1,1.75,0.402,12.1,0
2023-05-14,SOUTHERN_OCEAN,-0.4,28.2,1.76,0.422,10.6,0
2023-05-15,SOUTHERN_OCEAN,-2.3,23.8,1.94,0.407,11.0,0
2023-05-16,SOUTHERN_OCEAN,-2.7,21.2,1.62,0.505,11.9,0
2023-05-17,SOUTHERN_OCEAN,-0.8,23.7,1.84,0.503,12.0,0
2023-05-18,SOUTHERN_OCEAN,2.0,24.5,1.91,0.518,15.2,0
2023-05-19,SOUTHERN_OCEAN,-0.1,17.9,2.06,0.511,15.7,0
2023-05-20,SOUTHERN_OCEAN,-1.5,18.5,1.88,0.538,13.9,0
2023-05-21,SOUTHERN_OCEAN,-1.1,24.6,2.03,0.595,12.9,0
2023-05-22,SOUTHERN_OCEAN,-2.1,24.0,1.77,0.664,12.9,0
2023-05-23,SOUTHERN_OCEAN,-3.3,24.6,1.52,0.63,14.3,0
2023-05-24,SOUTHERN_OCEAN,-2.8,29.4,2.13,0.674,10.5,0
2023-05-25,SOUTHERN_OCEAN,-0.4,32.6,2.35,0.691,11.4,0
2023-05-26,SOUTHERN_OCEAN,-2.7,36.1,2.64,0.725,10.3,0
2023-05-27,SOUTHERN_OCEAN,-0.4,25.5,2.64,0.713,11.6,0
2023-05-28,SOUTHERN_OCEAN,-1.6,32.7,3.45,0.698,13.2,0
2023-05-29,SOUTHERN_OCEAN,-1.3,34.8,2.84,0.731,9.8,0
2023-05-30,SOUTHERN_OCEAN,0.9,43.3,3.51,0.761,0.1,1
2023-05-31,SOUTHERN_OCEAN,0.8,38.7,3.34,0.813,0.4,1
2023-06-01,SOUTHERN_OCEAN,-0.2,31.4,2.77,0.805,11.3,0
2023-06-02,SOUTHERN_OCEAN,0.5,31.5,2.89,0.787,11.8,0
2023-06-03,SOUTHERN_OCEAN,-0.3,30.6,2.2,0.676,9.7,0
2023-06-04,SOUTHERN_OCEAN,0.1,33.2,2.96,0.611,11.9,0
2023-06-05,SOUTHERN_OCEAN,-0.7,36.9,3.31,0.601,12.9,0
2023-06-06,SOUTHERN_OCEAN,0.2,35.9,2.9,0.565,8.1,0
2023-06-07,SOUTHERN_OCEAN,-2.4,34.5,2.64,0.609,10.9,0
2023-06-08,SOUTHERN_OCEAN,-4.0,36.0,2.16,0.563,8.7,0
2023-06-09,SOUTHERN_OCEAN,-6.0,34.6,2.14,0.555,14.4,0
2023-06-10,SOUTHERN_OCEAN,-5.7,33.0,2.05,0.55,12.6,0
2023-06-11,SOUTHERN_OCEAN,-7.7,36.7,1.91,0.612,10.2,0
2023-06-12,SOUTHERN_OCEAN,-8.1,40.6,2.61,0.596,0.1,1
2023-06-13,SOUTHERN_OCEAN,-9.0,43.3,3.33,0.624,0.1,1
2023-06-14,SOUTHERN_OCEAN,-6.0,41.1,3.22,0.639,9.6,0
2023-06-15,SOUTHERN_OCEAN,-7.1,32.1,2.66,0.681,9.0,0
2023-06-16,SOUTHERN_OCEAN,-8.5,31.6,2.83,0.717,9.1,0
2023-06-17,SOUTHERN_OCEAN,-7.4,29.1,2.68,0.714,11.9,0
2023-06-18,SOUTHERN_OCEAN,-4.3,29.1,2.29,0.645,12.0,0
2023-06-19,SOUTHERN_OCEAN,-4.4,27.2,2.03,0.642,12.9,0
2023-06-20,SOUTHERN_OCEAN,-4.3,28.0,2.07,0.648,11.5,0
2023-06-21,SOUTHERN_OCEAN,-2.3,25.0,2.11,0.666,14.4,0
2023-06-22,SOUTHERN_OCEAN,-1.2,21.5,2.01,0.641,12.7,0
2023-06-23,SOUTHERN_OCEAN,-1.0,27.6,2.45,0.694,13.2,0
2023-06-24,SOUTHERN_OCEAN,-2.3,24.9,1.79,0.697,13.3,0
2023-06-25,SOUTHERN_OCEAN,-1.8,26.1,2.22,0.662,13.6,0
2023-06-26,SOUTHERN_OCEAN,-4.2,30.6,2.5,0.649,13.2,0
2023-06-27,SOUTHERN_OCEAN,-5.1,34.2,3.65,0.733,9.7,0
2023-06-28,SOUTHERN_OCEAN,-2.7,36.9,3.49,0.758,8.7,0
2023-06-29,SOUTHERN_OCEAN,-1.0,37.4,3.54,0.797,7.0,0
2023-06-30,SOUTHERN_OCEAN,-0.8,39.3,4.57,0.747,0.1,1
2023-07-01,SOUTHERN_OCEAN,-4.1,43.3,4.55,0.717,0.1,1
2023-07-02,SOUTHERN_OCEAN,-5.9,43.3,4.29,0.691,7.7,0
2023-07-03,SOUTHERN_OCEAN,-6.6,35.1,3.34,0.701,8.5,0
2023-07-04,SOUTHERN_OCEAN,-6.5,32.9,3.7,0.697,9.5,0
2023-07-05,SOUTHERN_OCEAN,-8.0,35.4,3.24,0.68,12.4,0
2023-07-06,SOUTHERN_OCEAN,-7.8,32.8,3.21,0.67,12.1,0
2023-07-07,SOUTHERN_OCEAN,-4.6,38.7,3.26,0.643,7.3,0
2023-07-08,SOUTHERN_OCEAN,-3.9,37.6,3.11,0.644,8.8,0
2023-07-09,SOUTHERN_OCEAN,-3.6,37.2,2.57,0.697,10.2,0
2023-07-10,SOUTHERN_OCEAN,-5.2,40.6,3.33,0.639,7.7,0
2023-07-11,SOUTHERN_OCEAN,-7.5,38.8,3.12,0.661,7.9,0
2023-07-12,SOUTHERN_OCEAN,-8.8,38.6,2.67,0.723,0.1,1
2023-07-13,SOUTHERN_OCEAN,-10.6,41.0,3.34,0.715,0.2,1
2023-07-14,SOUTHERN_OCEAN,-9.5,34.5,2.81,0.695,12.1,0
2023-07-15,SOUTHERN_OCEAN,-8.1,33.3,2.89,0.735,9.6,0
2023-07-16,SOUTHERN_OCEAN,-8.9,36.2,3.34,0.694,10.6,0
2023-07-17,SOUTHERN_OCEAN,-8.0,36.0,3.43,0.696,9.9,0
2023-07-18,SOUTHERN_OCEAN,-5.2,40.8,2.79,0.656,7.1,0
2023-07-19,SOUTHERN_OCEAN,-2.1,33.9,2.79,0.588,10.0,0
2023-07-20,SOUTHERN_OCEAN,-1.2,27.7,2.47,0.595,10.3,0
2023-07-21,SOUTHERN_OCEAN,-1.9,31.3,2.55,0.556,13.0,0
2023-07-22,SOUTHERN_OCEAN,-1.1,34.6,2.72,0.571,12.6,0
2023-07-23,SOUTHERN_OCEAN,0.5,33.7,2.14,0.63,10.0,0
2023-07-24,SOUTHERN_OCEAN,-3.1,35.0,2.42,0.712,9.2,0
2023-07-25,SOUTHERN_OCEAN,-1.0,37.4,2.15,0.716,11.1,0
2023-07-26,SOUTHERN_OCEAN,-2.3,33.8,2.05,0.756,12.4,0
2023-07-27,SOUTHERN_OCEAN,-3.3,31.1,2.14,0.767,9.6,0
2023-07-28,SOUTHERN_OCEAN,-3.9,32.0,2.7,0.745,10.8,0
2023-07-29,SOUTHERN_OCEAN,-3.4,35.4,2.59,0.664,10.0,0
2023-07-30,SOUTHERN_OCEAN,-5.1,30.8,2.96,0.732,10.2,0
2023-07-31,SOUTHERN_OCEAN,-5.4,30.4,3.24,0.687,12.1,0
2023-08-01,SOUTHERN_OCEAN,-4.3,29.9,2.95,0.743,10.6,0
2023-08-02,SOUTHERN_OCEAN,-3.9,31.8,2.6,0.759,10.3,0
2023-08-03,SOUTHERN_OCEAN,-3.3,31.9,2.12,0.713,10.9,0
2023-08-04,SOUTHERN_OCEAN,-3.8,30.0,2.26,0.723,9.4,0
2023-08-05,SOUTHERN_OCEAN,-2.7,34.9,2.33,0.804,7.1,0
2023-08-06,SOUTHERN_OCEAN,-1.3,32.6,2.77,0.854,12.2,0
2023-08-07,SOUTHERN_OCEAN,-0.1,31.6,2.48,0.816,10.1,0
2023-08-08,SOUTHERN_OCEAN,0.0,26.0,1.94,0.773,15.9,0
2023-08-09,SOUTHERN_OCEAN,0.9,24.4,2.06,0.767,16.1,0
2023-08-10,SOUTHERN_OCEAN,1.6,27.4,2.03,0.751,11.6,0
2023-08-11,SOUTHERN_OCEAN,4.9,29.3,2.24,0.79,15.3,0
2023-08-12,SOUTHERN_OCEAN,5.5,32.0,2.81,0.807,12.5,0
2023-08-13,SOUTHERN_OCEAN,4.0,34.0,2.95,0.724,9.5,0
2023-08-14,SOUTHERN_OCEAN,1.6,41.2,3.35,0.736,4.6,0
2023-08-15,SOUTHERN_OCEAN,0.5,37.2,3.2,0.72,10.6,0
2023-08-16,SOUTHERN_OCEAN,-0.5,30.6,2.24,0.715,11.5,0
2023-08-17,SOUTHERN_OCEAN,-0.2,27.1,2.3,0.718,13.1,0
2023-08-18,SOUTHERN_OCEAN,-1.6,25.3,2.32,0.758,12.6,0
2023-08-19,SOUTHERN_OCEAN,-0.0,22.8,2.54,0.785,11.9,0
2023-08-20,SOUTHERN_OCEAN,-2.5,24.5,2.81,0.74,12.5,0
2023-08-21,SOUTHERN_OCEAN,-5.0,30.1,2.94,0.726,12.6,0
2023-08-22,SOUTHERN_OCEAN,-4.9,35.9,3.55,0.698,9.4,0
2023-08-23,SOUTHERN_OCEAN,-5.8,37.1,3.4,0.623,9.1,0
2023-08-24,SOUTHERN_OCEAN,-7.2,44.0,3.76,0.618,5.4,0
2023-08-25,SOUTHERN_OCEAN,-7.5,40.9,3.42,0.691,8.7,0
2023-08-26,SOUTHERN_OCEAN,-7.9,33.6,3.19,0.614,8.9,0
2023-08-27,SOUTHERN_OCEAN,-7.1,37.1,3.17,0.612,11.0,0
2023-08-28,SOUTHERN_OCEAN,-7.3,29.7,3.37,0.608,10.6,0
2023-08-29,SOUTHERN_OCEAN,-7.4,27.2,3.83,0.618,11.9,0
2023-08-30,SOUTHERN_OCEAN,-6.6,29.7,4.02,0.577,14.9,0
2023-08-31,SOUTHERN_OCEAN,-4.4,29.6,4.3,0.521,11.2,0
2023-09-01,SOUTHERN_OCEAN,-1.9,29.2,3.4,0.471,11.2,0
2023-09-02,SOUTHERN_OCEAN,-1.7,25.2,2.54,0.535,13.8,0
2023-09-03,SOUTHERN_OCEAN,-1.4,26.1,2.45,0.499,10.0,0
2023-09-04,SOUTHERN_OCEAN,-1.7,30.5,2.7,0.486,13.3,0
2023-09-05,SOUTHERN_OCEAN,-1.0,30.6,2.64,0.577,12.9,0
2023-09-06,SOUTHERN_OCEAN,-0.6,27.7,1.92,0.546,13.0,0
2023-09-07,SOUTHERN_OCEAN,1.3,23.7,2.27,0.56,8.3,0
2023-09-08,SOUTHERN_OCEAN,-2.0,21.9,2.97,0.601,13.5,0
2023-09-09,SOUTHERN_OCEAN,-2.3,24.6,3.44,0.635,11.2,0
2023-09-10,SOUTHERN_OCEAN,-1.7,26.8,3.73,0.572,14.2,0
2023-09-11,SOUTHERN_OCEAN,-1.7,24.5,3.46,0.539,14.7,0
2023-09-12,SOUTHERN_OCEAN,-3.0,17.4,2.6,0.549,15.7,0
2023-09-13,SOUTHERN_OCEAN,-4.7,20.9,2.69,0.623,12.3,0
2023-09-14,SOUTHERN_OCEAN,-3.0,19.1,3.27,0.582,16.9,0
2023-09-15,SOUTHERN_OCEAN,-3.8,23.3,3.13,0.554,13.1,0
2023-09-16,SOUTHERN_OCEAN,-6.0,21.6,2.73,0.566,16.7,0
2023-09-17,SOUTHERN_OCEAN,-4.0,19.4,2.93,0.584,15.0,0
2023-09-18,SOUTHERN_OCEAN,-2.8,21.5,3.31,0.601,14.7,0
2023-09-19,SOUTHERN_OCEAN,-2.7,31.3,3.28,0.556,10.5,0
2023-09-20,SOUTHERN_OCEAN,-3.8,33.8,3.21,0.527,12.6,0
2023-09-21,SOUTHERN_OCEAN,-3.5,33.7,2.96,0.53,11.5,0
2023-09-22,SOUTHERN_OCEAN,-1.2,34.4,3.01,0.574,12.5,0
2023-09-23,SOUTHERN_OCEAN,-3.5,27.4,3.04,0.553,12.6,0
2023-09-24,SOUTHERN_OCEAN,-5.4,23.7,2.47,0.543,13.3,0
2023-09-25,SOUTHERN_OCEAN,-5.6,15.6,2.44,0.492,16.5,0
2023-09-26,SOUTHERN_OCEAN,-4.8,23.9,2.8,0.562,15.5,0
2023-09-27,SOUTHERN_OCEAN,-4.8,30.3,3.87,0.556,13.1,0
2023-09-28,SOUTHERN_OCEAN,-3.2,31.5,3.82,0.587,11.4,0
2023-09-29,SOUTHERN_OCEAN,-1.0,31.7,3.58,0.572,8.3,0
2023-09-30,SOUTHERN_OCEAN,-0.5,25.8,3.33,0.56,14.0,0
2023-10-01,SOUTHERN_OCEAN,0.5,25.5,3.03,0.485,10.7,0
2023-10-02,SOUTHERN_OCEAN,0.9,32.5,2.62,0.392,11.0,0
2023-10-03,SOUTHERN_OCEAN,0.8,32.4,2.57,0.443,10.7,0
2023-10-04,SOUTHERN_OCEAN,-1.2,29.9,2.4,0.441,9.5,0
2023-10-05,SOUTHERN_OCEAN,-2.5,23.4,1.56,0.445,14.0,0
2023-10-06,SOUTHERN_OCEAN,-4.0,29.2,1.99,0.389,15.1,0
2023-10-07,SOUTHERN_OCEAN,-3.5,28.9,1.36,0.352,11.4,0
2023-10-08,SOUTHERN_OCEAN,-2.5,22.5,1.18,0.396,14.8,0
2023-10-09,SOUTHERN_OCEAN,-4.2,20.1,1.37,0.463,17.9,0
2023-10-10,SOUTHERN_OCEAN,-3.3,16.8,1.41,0.428,16.6,0
2023-10-11,SOUTHERN_OCEAN,-4.0,18.0,1.45,0.448,14.0,0
2023-10-12,SOUTHERN_OCEAN,-4.8,20.3,1.66,0.445,14.7,0
2023-10-13,SOUTHERN_OCEAN,-4.8,19.7,1.46,0.43,15.2,0
2023-10-14,SOUTHERN_OCEAN,-5.6,23.8,1.81,0.495,15.5,0
2023-10-15,SOUTHERN_OCEAN,-3.6,24.7,2.0,0.461,14.9,0
2023-10-16,SOUTHERN_OCEAN,-3.1,29.0,1.98,0.497,7.7,0
2023-10-17,SOUTHERN_OCEAN,-1.2,27.6,2.14,0.494,11.0,0
2023-10-18,SOUTHERN_OCEAN,-1.4,38.6,2.87,0.476,0.1,1
2023-10-19,SOUTHERN_OCEAN,-1.5,34.9,2.68,0.514,8.7,0
2023-10-20,SOUTHERN_OCEAN,1.8,30.6,3.39,0.504,5.9,0
2023-10-21,SOUTHERN_OCEAN,-0.6,26.5,3.0,0.48,11.5,0
2023-10-22,SOUTHERN_OCEAN,1.7,25.9,2.77,0.516,12.7,0
2023-10-23,SOUTHERN_OCEAN,4.2,19.9,2.27,0.543,13.6,0
2023-10-24,SOUTHERN_OCEAN,5.1,22.1,2.01,0.565,12.3,0
2023-10-25,SOUTHERN_OCEAN,4.2,16.0,2.02,0.38,15.6,0
2023-10-26,SOUTHERN_OCEAN,6.0,18.3,1.88,0.387,15.4,0
2023-10-27,SOUTHERN_OCEAN,5.0,14.8,1.55,0.383,15.2,0
2023-10-28,SOUTHERN_OCEAN,3.6,15.3,1.45,0.369,17.8,0
2023-10-29,SOUTHERN_OCEAN,2.9,19.2,1.4,0.381,14.7,0
2023-10-30,SOUTHERN_OCEAN,2.0,28.7,1.39,0.378,10.7,0
2023-10-31,SOUTHERN_OCEAN,0.7,24.5,1.27,0.392,11.4,0
2023-11-01,SOUTHERN_OCEAN,2.7,24.3,1.8,0.365,12.9,0
2023-11-02,SOUTHERN_OCEAN,1.5,22.1,1.89,0.412,15.5,0
2023-11-03,SOUTHERN_OCEAN,1.7,19.6,2.41,0.424,13.3,0
2023-11-04,SOUTHERN_OCEAN,-0.2,18.1,2.56,0.425,15.8,0
2023-11-05,SOUTHERN_OCEAN,0.3,22.3,2.87,0.424,13.9,0
2023-11-06,SOUTHERN_OCEAN,-1.0,21.2,3.38,0.449,17.1,0
2023-11-07,SOUTHERN_OCEAN,-2.1,30.1,3.56,0.465,12.2,0
2023-11-08,SOUTHERN_OCEAN,-1.4,31.0,3.46,0.434,10.3,0
2023-11-09,SOUTHERN_OCEAN,0.9,26.7,3.1,0.45,13.6,0
2023-11-10,SOUTHERN_OCEAN,1.9,25.3,3.47,0.431,14.1,0
2023-11-11,SOUTHERN_OCEAN,3.0,22.5,3.13,0.483,13.1,0
2023-11-12,SOUTHERN_OCEAN,2.9,25.9,2.91,0.496,11.0,0
2023-11-13,SOUTHERN_OCEAN,2.5,20.0,2.74,0.439,15.2,0
2023-11-14,SOUTHERN_OCEAN,3.9,16.1,2.14,0.505,15.6,0
2023-11-15,SOUTHERN_OCEAN,3.1,15.4,2.28,0.387,13.4,0
2023-11-16,SOUTHERN_OCEAN,4.4,19.5,2.56,0.39,14.9,0
2023-11-17,SOUTHERN_OCEAN,6.2,24.8,2.69,0.339,12.1,0
2023-11-18,SOUTHERN_OCEAN,4.7,29.9,3.1,0.395,9.3,0
2023-11-19,SOUTHERN_OCEAN,3.5,31.2,2.54,0.38,10.7,0
2023-11-20,SOUTHERN_OCEAN,2.8,30.1,2.59,0.325,13.5,0
2023-11-21,SOUTHERN_OCEAN,0.9,32.2,2.55,0.296,12.8,0
2023-11-22,SOUTHERN_OCEAN,0.7,27.1,3.38,0.251,13.8,0
2023-11-23,SOUTHERN_OCEAN,3.2,20.2,2.93,0.227,14.7,0
2023-11-24,SOUTHERN_OCEAN,1.8,22.5,2.68,0.203,14.6,0
2023-11-25,SOUTHERN_OCEAN,4.2,19.3,1.96,0.165,14.7,0
2023-11-26,SOUTHERN_OCEAN,3.6,20.0,2.5,0.171,12.7,0
2023-11-27,SOUTHERN_OCEAN,7.0,21.2,2.38,0.181,12.7,0
2023-11-28,SOUTHERN_OCEAN,5.6,22.7,2.14,0.134,12.7,0
2023-11-29,SOUTHERN_OCEAN,5.3,26.4,2.49,0.065,14.7,0
2023-11-30,SOUTHERN_OCEAN,3.8,29.2,2.87,0.082,13.4,0
2023-12-01,SOUTHERN_OCEAN,3.0,29.3,3.06,0.105,10.2,0
2023-12-02,SOUTHERN_OCEAN,5.3,27.0,2.87,0.133,12.5,0
2023-12-03,SOUTHERN_OCEAN,6.0,27.1,2.87,0.151,11.8,0
2023-12-04,SOUTHERN_OCEAN,7.4,24.6,2.77,0.208,12.9,0
2023-12-05,SOUTHERN_OCEAN,5.1,23.9,2.79,0.236,12.5,0
2023-12-06,SOUTHERN_OCEAN,6.1,33.5,3.34,0.328,12.7,0
2023-12-07,SOUTHERN_OCEAN,4.5,32.8,3.61,0.427,10.8,0
2023-12-08,SOUTHERN_OCEAN,2.6,33.2,3.49,0.322,11.0,0
2023-12-09,SOUTHERN_OCEAN,3.4,29.4,2.88,0.209,12.1,0
2023-12-10,SOUTHERN_OCEAN,4.0,32.3,2.93,0.195,9.4,0
2023-12-11,SOUTHERN_OCEAN,4.3,33.9,3.26,0.203,10.7,0
2023-12-12,SOUTHERN_OCEAN,5.5,35.3,2.61,0.186,11.7,0
2023-12-13,SOUTHERN_OCEAN,6.8,34.4,2.0,0.202,12.6,0
2023-12-14,SOUTHERN_OCEAN,8.8,36.6,2.63,0.177,8.0,0
2023-12-15,SOUTHERN_OCEAN,6.6,39.4,3.39,0.138,0.1,1
2023-12-16,SOUTHERN_OCEAN,8.7,38.1,2.83,0.108,9.4,0
2023-12-17,SOUTHERN_OCEAN,11.0,35.7,2.8,0.095,11.7,0
2023-12-18,SOUTHERN_OCEAN,9.7,37.2,2.77,0.125,10.1,0
2023-12-19,SOUTHERN_OCEAN,6.6,32.0,2.47,0.098,12.1,0
2023-12-20,SOUTHERN_OCEAN,4.4,28.2,2.46,0.082,10.1,0
2023-12-21,SOUTHERN_OCEAN,3.9,27.4,1.98,0.101,11.5,0
2023-12-22,SOUTHERN_OCEAN,7.2,20.7,1.37,0.088,10.9,0
2023-12-23,SOUTHERN_OCEAN,7.0,24.2,1.61,0.128,13.0,0
2023-12-24,SOUTHERN_OCEAN,5.9,20.7,1.54,0.083,11.0,0
2023-12-25,SOUTHERN_OCEAN,4.9,19.5,1.22,0.034,16.5,0
2023-12-26,SOUTHERN_OCEAN,3.0,19.5,1.69,0.047,16.9,0
2023-12-27,SOUTHERN_OCEAN,4.8,20.3,1.68,0.062,14.5,0
2023-12-28,SOUTHERN_OCEAN,4.8,19.6,1.6,0.025,12.2,0
2023-12-29,SOUTHERN_OCEAN,8.1,20.0,1.84,0.08,15.0,0
2023-12-30,SOUTHERN_OCEAN,8.7,20.4,1.88,0.153,17.1,0
2023-12-31,SOUTHERN_OCEAN,9.6,19.4,2.2,0.116,15.3,0
2024-01-01,SOUTHERN_OCEAN,8.7,17.3,1.75,0.168,16.9,0
2024-01-02,SOUTHERN_OCEAN,6.6,22.2,1.56,0.06,13.1,0
2024-01-03,SOUTHERN_OCEAN,5.2,14.9,1.23,0.1,14.5,0
2024-01-04,SOUTHERN_OCEAN,3.3,15.5,1.43,0.059,15.6,0
2024-01-05,SOUTHERN_OCEAN,5.1,15.1,1.07,0.096,12.9,0
2024-01-06,SOUTHERN_OCEAN,4.6,17.9,0.89,0.052,18.4,0
2024-01-07,SOUTHERN_OCEAN,6.3,13.6,0.98,0.047,16.4,0
2024-01-08,SOUTHERN_OCEAN,6.4,13.4,0.87,0.014,17.6,0
2024-01-09,SOUTHERN_OCEAN,5.9,14.6,0.61,0.007,15.2,0
2024-01-10,SOUTHERN_OCEAN,4.2,19.8,1.49,0.083,12.1,0
2024-01-11,SOUTHERN_OCEAN,4.9,21.7,1.49,0.074,16.1,0
2024-01-12,SOUTHERN_OCEAN,4.8,17.7,1.87,0.155,13.3,0
2024-01-13,SOUTHERN_OCEAN,6.3,16.9,1.88,0.128,15.8,0
2024-01-14,SOUTHERN_OCEAN,5.2,21.2,2.23,0.179,14.7,0
2024-01-15,SOUTHERN_OCEAN,6.2,17.3,1.97,0.1,15.3,0
2024-01-16,SOUTHERN_OCEAN,8.7,18.0,1.07,0.082,13.8,0
2024-01-17,SOUTHERN_OCEAN,8.7,18.9,0.91,0.057,14.5,0
2024-01-18,SOUTHERN_OCEAN,9.4,18.3,1.08,0.117,13.5,0
2024-01-19,SOUTHERN_OCEAN,9.8,28.8,1.95,0.117,13.1,0
2024-01-20,SOUTHERN_OCEAN,12.0,26.6,1.33,0.026,13.4,0
2024-01-21,SOUTHERN_OCEAN,11.7,27.9,1.61,0.0,12.2,0
2024-01-22,SOUTHERN_OCEAN,11.9,24.5,1.24,0.0,12.3,0
2024-01-23,SOUTHERN_OCEAN,10.9,26.4,1.65,0.0,15.8,0
2024-01-24,SOUTHERN_OCEAN,9.0,29.2,1.96,0.029,9.9,0
2024-01-25,SOUTHERN_OCEAN,6.7,26.3,2.22,0.02,10.3,0
2024-01-26,SOUTHERN_OCEAN,8.5,25.8,2.64,0.001,12.7,0
2024-01-27,SOUTHERN_OCEAN,6.6,22.3,2.6,0.036,13.4,0
2024-01-28,SOUTHERN_OCEAN,7.6,18.5,2.66,0.0,16.5,0
2024-01-29,SOUTHERN_OCEAN,7.9,23.1,2.66,0.018,14.5,0
2024-01-30,SOUTHERN_OCEAN,9.0,21.3,3.52,0.038,14.1,0
2024-01-31,SOUTHERN_OCEAN,7.7,13.0,2.42,0.029,17.1,0
2024-02-01,SOUTHERN_OCEAN,6.2,21.1,2.52,0.049,14.8,0
2024-02-02,SOUTHERN_OCEAN,6.7,18.7,2.67,0.056,17.9,0
2024-02-03,SOUTHERN_OCEAN,6.1,18.6,2.83,0.077,15.2,0
2024-02-04,SOUTHERN_OCEAN,4.2,25.4,3.21,0.024,11.9,0
2024-02-05,SOUTHERN_OCEAN,7.3,24.8,3.27,0.054,13.4,0
2024-02-06,SOUTHERN_OCEAN,5.8,24.1,2.32,0.098,9.3,0
2024-02-07,SOUTHERN_OCEAN,4.3,19.8,2.69,0.11,14.4,0
2024-02-08,SOUTHERN_OCEAN,4.1,14.6,2.26,0.132,17.6,0
2024-02-09,SOUTHERN_OCEAN,6.1,15.5,2.69,0.124,16.6,0
2024-02-10,SOUTHERN_OCEAN,2.8,18.2,1.95,0.156,15.4,0
2024-02-11,SOUTHERN_OCEAN,4.9,20.2,2.18,0.153,15.3,0
2024-02-12,SOUTHERN_OCEAN,3.6,19.2,1.93,0.102,16.3,0
2024-02-13,SOUTHERN_OCEAN,4.2,20.1,2.22,0.136,16.5,0
2024-02-14,SOUTHERN_OCEAN,3.3,14.2,2.04,0.068,16.7,0
2024-02-15,SOUTHERN_OCEAN,6.6,17.4,2.31,0.084,14.6,0
2024-02-16,SOUTHERN_OCEAN,6.5,19.1,1.96,0.072,11.2,0
2024-02-17,SOUTHERN_OCEAN,5.2,27.1,2.38,0.059,13.9,0
2024-02-18,SOUTHERN_OCEAN,4.7,26.8,2.34,0.072,13.3,0
2024-02-19,SOUTHERN_OCEAN,4.9,23.2,2.37,0.05,13.7,0
2024-02-20,SOUTHERN_OCEAN,5.1,23.3,2.73,0.078,12.5,0
2024-02-21,SOUTHERN_OCEAN,5.7,22.4,2.67,0.087,15.2,0
2024-02-22,SOUTHERN_OCEAN,5.6,24.4,2.24,0.067,12.8,0
2024-02-23,SOUTHERN_OCEAN,3.4,24.6,2.32,0.129,13.1,0
2024-02-24,SOUTHERN_OCEAN,3.0,20.2,3.06,0.139,14.3,0
2024-02-25,SOUTHERN_OCEAN,4.2,15.0,3.23,0.166,16.5,0
2024-02-26,SOUTHERN_OCEAN,3.2,17.6,2.03,0.222,13.4,0
2024-02-27,SOUTHERN_OCEAN,4.4,23.7,2.37,0.272,14.2,0
2024-02-28,SOUTHERN_OCEAN,4.4,24.3,2.74,0.285,12.1,0
2024-02-29,SOUTHERN_OCEAN,4.1,27.4,2.76,0.262,11.3,0
2024-03-01,SOUTHERN_OCEAN,5.9,30.8,2.73,0.196,12.7,0
2024-03-02,SOUTHERN_OCEAN,3.0,31.0,2.64,0.203,9.8,0
2024-03-03,SOUTHERN_OCEAN,2.1,27.3,2.68,0.246,13.7,0
2024-03-04,SOUTHERN_OCEAN,4.3,27.8,2.27,0.254,12.4,0
2024-03-05,SOUTHERN_OCEAN,7.0,31.8,2.96,0.111,8.6,0
2024-03-06,SOUTHERN_OCEAN,9.9,32.9,2.96,0.155,12.8,0
2024-03-07,SOUTHERN_OCEAN,9.1,34.5,2.68,0.198,10.8,0
2024-03-08,SOUTHERN_OCEAN,8.9,31.6,2.99,0.187,11.7,0
2024-03-09,SOUTHERN_OCEAN,9.4,30.0,2.31,0.23,13.1,0
2024-03-10,SOUTHERN_OCEAN,10.4,29.0,2.14,0.254,14.1,0
2024-03-11,SOUTHERN_OCEAN,9.8,28.4,2.01,0.224,12.3,0
2024-03-12,SOUTHERN_OCEAN,10.3,32.3,3.1,0.276,11.9,0
2024-03-13,SOUTHERN_OCEAN,9.9,23.0,2.33,0.222,14.1,0
2024-03-14,SOUTHERN_OCEAN,9.7,23.6,1.59,0.222,12.9,0
2024-03-15,SOUTHERN_OCEAN,7.3,23.8,1.55,0.219,11.0,0
2024-03-16,SOUTHERN_OCEAN,6.2,19.3,1.65,0.189,14.9,0
2024-03-17,SOUTHERN_OCEAN,4.9,22.8,2.21,0.209,15.7,0
2024-03-18,SOUTHERN_OCEAN,2.8,20.8,2.96,0.267,15.1,0
2024-03-19,SOUTHERN_OCEAN,0.4,20.4,3.3,0.318,12.7,0
2024-03-20,SOUTHERN_OCEAN,0.1,28.1,3.54,0.343,13.8,0
2024-03-21,SOUTHERN_OCEAN,0.1,31.5,3.2,0.269,10.7,0
2024-03-22,SOUTHERN_OCEAN,0.6,32.9,3.77,0.218,7.6,0
2024-03-23,SOUTHERN_OCEAN,1.7,33.4,3.48,0.232,12.2,0
2024-03-24,SOUTHERN_OCEAN,2.1,31.9,3.04,0.238,9.6,0
2024-03-25,SOUTHERN_OCEAN,1.8,38.4,3.17,0.225,11.9,0
2024-03-26,SOUTHERN_OCEAN,0.5,39.6,2.77,0.31,0.6,1
2024-03-27,SOUTHERN_OCEAN,2.0,35.1,2.46,0.315,9.8,0
2024-03-28,SOUTHERN_OCEAN,1.9,28.9,2.17,0.338,12.6,0
2024-03-29,SOUTHERN_OCEAN,1.3,30.8,2.62,0.376,15.0,0
2024-03-30,SOUTHERN_OCEAN,1.1,30.1,2.47,0.375,13.1,0
2024-03-31,SOUTHERN_OCEAN,0.1,24.6,1.78,0.475,13.5,0
2024-04-01,SOUTHERN_OCEAN,-0.5,26.6,1.44,0.425,16.9,0
2024-04-02,SOUTHERN_OCEAN,-1.0,25.9,1.69,0.394,12.9,0
2024-04-03,SOUTHERN_OCEAN,-1.0,28.1,1.99,0.352,13.0,0
2024-04-04,SOUTHERN_OCEAN,0.3,29.7,1.99,0.416,10.3,0
2024-04-05,SOUTHERN_OCEAN,1.1,27.3,1.84,0.444,9.9,0
2024-04-06,SOUTHERN_OCEAN,3.5,29.7,2.25,0.416,11.3,0
2024-04-07,SOUTHERN_OCEAN,4.9,27.7,2.74,0.378,12.3,0
2024-04-08,SOUTHERN_OCEAN,7.3,26.2,2.35,0.435,13.2,0
2024-04-09,SOUTHERN_OCEAN,7.2,24.6,2.34,0.445,11.0,0
2024-04-10,SOUTHERN_OCEAN,7.1,29.3,2.93,0.497,12.8,0
2024-04-11,SOUTHERN_OCEAN,5.4,28.2,2.54,0.486,10.9,0
2024-04-12,SOUTHERN_OCEAN,6.0,33.2,2.8,0.499,11.6,0
2024-04-13,SOUTHERN_OCEAN,4.2,39.0,3.09,0.503,10.5,0
2024-04-14,SOUTHERN_OCEAN,1.5,34.8,2.42,0.47,9.7,0
2024-04-15,SOUTHERN_OCEAN,3.6,23.4,2.01,0.461,12.0,0
2024-04-16,SOUTHERN_OCEAN,1.3,28.0,2.33,0.411,14.5,0
2024-04-17,SOUTHERN_OCEAN,1.8,26.9,2.53,0.434,13.8,0
2024-04-18,SOUTHERN_OCEAN,0.2,24.1,1.96,0.466,13.5,0
2024-04-19,SOUTHERN_OCEAN,1.9,22.8,1.99,0.504,15.8,0
2024-04-20,SOUTHERN_OCEAN,3.5,22.3,2.53,0.527,13.9,0
2024-04-21,SOUTHERN_OCEAN,3.8,28.0,3.52,0.515,11.2,0
2024-04-22,SOUTHERN_OCEAN,5.1,28.8,3.84,0.573,10.4,0
2024-04-23,SOUTHERN_OCEAN,4.3,33.5,3.41,0.599,10.5,0
2024-04-24,SOUTHERN_OCEAN,7.0,34.7,3.53,0.643,11.4,0
2024-04-25,SOUTHERN_OCEAN,7.0,32.9,3.14,0.686,12.9,0
2024-04-26,SOUTHERN_OCEAN,4.5,31.0,3.09,0.662,11.4,0
2024-04-27,SOUTHERN_OCEAN,3.9,32.8,2.84,0.661,12.6,0
2024-04-28,SOUTHERN_OCEAN,3.0,35.3,2.35,0.676,9.8,0
2024-04-29,SOUTHERN_OCEAN,2.1,38.1,2.49,0.614,0.1,1
2024-04-30,SOUTHERN_OCEAN,-0.8,36.0,2.76,0.559,8.0,0
2024-05-01,SOUTHERN_OCEAN,-0.2,35.7,2.9,0.503,9.2,0
2024-05-02,SOUTHERN_OCEAN,-2.4,37.0,3.13,0.501,7.7,0
2024-05-03,SOUTHERN_OCEAN,-6.0,34.6,3.07,0.491,13.3,0
2024-05-04,SOUTHERN_OCEAN,-5.8,29.9,2.95,0.438,12.3,0
2024-05-05,SOUTHERN_OCEAN,-6.2,27.1,2.95,0.455,12.3,0
2024-05-06,SOUTHERN_OCEAN,-6.7,26.7,2.75,0.46,15.1,0
2024-05-07,SOUTHERN_OCEAN,-10.6,29.7,2.89,0.517,9.7,0
2024-05-08,SOUTHERN_OCEAN,-10.5,34.3,3.71,0.602,10.2,0
2024-05-09,SOUTHERN_OCEAN,-9.4,28.9,3.33,0.616,14.9,0
2024-05-10,SOUTHERN_OCEAN,-9.2,27.0,3.11,0.584,12.2,0
2024-05-11,SOUTHERN_OCEAN,-7.4,26.3,3.0,0.608,16.3,0
2024-05-12,SOUTHERN_OCEAN,-4.5,29.9,3.0,0.606,12.8,0
2024-05-13,SOUTHERN_OCEAN,-3.3,28.1,2.7,0.594,14.1,0
2024-05-14,SOUTHERN_OCEAN,-1.5,27.0,2.7,0.559,14.4,0
2024-05-15,SOUTHERN_OCEAN,0.1,22.5,2.26,0.544,13.7,0
2024-05-16,SOUTHERN_OCEAN,-1.8,25.6,2.38,0.542,12.1,0
2024-05-17,SOUTHERN_OCEAN,-1.1,25.8,2.13,0.58,12.6,0
2024-05-18,SOUTHERN_OCEAN,0.2,24.3,2.16,0.603,11.7,0
2024-05-19,SOUTHERN_OCEAN,-0.8,24.4,2.43,0.677,13.1,0
2024-05-20,SOUTHERN_OCEAN,-2.2,29.5,2.61,0.698,11.7,0
2024-05-21,SOUTHERN_OCEAN,-1.4,26.2,1.73,0.707,15.2,0
2024-05-22,SOUTHERN_OCEAN,-3.8,24.0,1.99,0.686,14.2,0
2024-05-23,SOUTHERN_OCEAN,-5.2,29.6,2.4,0.639,15.3,0
2024-05-24,SOUTHERN_OCEAN,-5.8,30.2,2.12,0.616,8.3,0
2024-05-25,SOUTHERN_OCEAN,-4.6,32.8,2.65,0.59,9.0,0
2024-05-26,SOUTHERN_OCEAN,-4.0,34.1,2.25,0.492,9.9,0
2024-05-27,SOUTHERN_OCEAN,-2.2,33.6,2.73,0.467,12.8,0
2024-05-28,SOUTHERN_OCEAN,-3.7,32.1,2.67,0.549,10.8,0
2024-05-29,SOUTHERN_OCEAN,-5.0,35.1,2.03,0.574,8.0,0
2024-05-30,SOUTHERN_OCEAN,-3.9,38.8,2.46,0.567,8.8,0
2024-05-31,SOUTHERN_OCEAN,-5.0,41.7,2.59,0.592,0.1,1
2024-06-01,SOUTHERN_OCEAN,-5.6,36.0,2.25,0.521,7.8,0
2024-06-02,SOUTHERN_OCEAN,-8.0,40.1,2.34,0.547,1.8,1
2024-06-03,SOUTHERN_OCEAN,-6.8,37.6,2.34,0.61,8.9,0
2024-06-04,SOUTHERN_OCEAN,-3.9,34.1,2.14,0.611,10.7,0
2024-06-05,SOUTHERN_OCEAN,-5.4,33.2,1.58,0.547,10.6,0
2024-06-06,SOUTHERN_OCEAN,-3.5,36.0,2.44,0.543,9.5,0
2024-06-07,SOUTHERN_OCEAN,-3.5,37.4,2.53,0.608,8.3,0
2024-06-08,SOUTHERN_OCEAN,-6.2,35.8,2.29,0.626,9.5,0
2024-06-09,SOUTHERN_OCEAN,-7.1,38.3,2.15,0.575,0.1,1
2024-06-10,SOUTHERN_OCEAN,-8.0,37.9,2.6,0.682,11.5,0
2024-06-11,SOUTHERN_OCEAN,-7.8,35.0,2.09,0.632,11.6,0
2024-06-12,SOUTHERN_OCEAN,-6.5,32.1,2.16,0.629,9.2,0
2024-06-13,SOUTHERN_OCEAN,-3.3,33.6,2.16,0.594,12.1,0
2024-06-14,SOUTHERN_OCEAN,-5.4,33.2,2.09,0.563,11.4,0
2024-06-15,SOUTHERN_OCEAN,-5.9,28.1,1.6,0.559,11.2,0
2024-06-16,SOUTHERN_OCEAN,-6.9,31.9,1.76,0.599,11.3,0
2024-06-17,SOUTHERN_OCEAN,-8.3,30.3,1.89,0.661,12.4,0
2024-06-18,SOUTHERN_OCEAN,-7.5,36.4,2.44,0.65,9.9,0
2024-06-19,SOUTHERN_OCEAN,-6.9,30.8,2.0,0.616,12.1,0
2024-06-20,SOUTHERN_OCEAN,-9.1,30.4,2.09,0.644,10.2,0
2024-06-21,SOUTHERN_OCEAN,-8.3,28.3,2.43,0.671,15.1,0
2024-06-22,SOUTHERN_OCEAN,-9.4,25.4,1.73,0.685,10.0,0
2024-06-23,SOUTHERN_OCEAN,-8.6,24.8,1.84,0.699,13.9,0
2024-06-24,SOUTHERN_OCEAN,-6.0,32.4,2.0,0.696,11.5,0
2024-06-25,SOUTHERN_OCEAN,-5.0,33.0,1.81,0.702,11.7,0
2024-06-26,SOUTHERN_OCEAN,-4.5,30.1,1.97,0.697,10.5,0
2024-06-27,SOUTHERN_OCEAN,-5.2,23.9,1.61,0.742,15.1,0
2024-06-28,SOUTHERN_OCEAN,-4.9,19.1,1.09,0.829,14.5,0
2024-06-29,SOUTHERN_OCEAN,-3.9,19.2,1.79,0.825,12.8,0
2024-06-30,SOUTHERN_OCEAN,-3.2,19.0,2.18,0.815,13.0,0
2024-07-01,SOUTHERN_OCEAN,-3.5,20.3,1.54,0.816,14.5,0
2024-07-02,SOUTHERN_OCEAN,-3.2,14.0,0.83,0.78,13.7,0
2024-07-03,SOUTHERN_OCEAN,-5.3,16.5,1.39,0.805,18.1,0
2024-07-04,SOUTHERN_OCEAN,-6.2,22.7,1.72,0.815,15.2,0
2024-07-05,SOUTHERN_OCEAN,-4.8,30.1,2.75,0.789,14.3,0
2024-07-06,SOUTHERN_OCEAN,-3.5,23.7,2.65,0.819,15.9,0
2024-07-07,SOUTHERN_OCEAN,-3.4,22.2,2.63,0.81,13.2,0
2024-07-08,SOUTHERN_OCEAN,-1.3,20.8,2.12,0.763,12.9,0
2024-07-09,SOUTHERN_OCEAN,-0.9,23.1,2.44,0.773,9.5,0
2024-07-10,SOUTHERN_OCEAN,-1.7,20.2,1.82,0.777,13.7,0
2024-07-11,SOUTHERN_OCEAN,-3.9,28.2,2.77,0.81,14.8,0
2024-07-12,SOUTHERN_OCEAN,-1.8,29.1,2.93,0.835,10.6,0
2024-07-13,SOUTHERN_OCEAN,-1.0,29.2,2.59,0.819,11.5,0
2024-07-14,SOUTHERN_OCEAN,1.3,35.5,3.21,0.791,9.2,0
2024-07-15,SOUTHERN_OCEAN,3.7,35.1,3.95,0.784,10.7,0
2024-07-16,SOUTHERN_OCEAN,0.6,36.2,3.73,0.792,11.8,0
2024-07-17,SOUTHERN_OCEAN,-2.0,33.0,3.62,0.804,8.4,0
2024-07-18,SOUTHERN_OCEAN,-6.6,28.1,3.06,0.807,10.1,0
2024-07-19,SOUTHERN_OCEAN,-4.8,26.6,2.93,0.795,14.8,0
2024-07-20,SOUTHERN_OCEAN,-3.7,35.4,2.75,0.827,11.2,0
2024-07-21,SOUTHERN_OCEAN,-3.6,37.4,2.89,0.788,9.2,0
2024-07-22,SOUTHERN_OCEAN,-5.5,37.7,2.96,0.88,12.0,0
2024-07-23,SOUTHERN_OCEAN,-5.4,33.4,3.42,0.894,8.6,0
2024-07-24,SOUTHERN_OCEAN,-4.9,36.6,2.82,0.83,11.1,0
2024-07-25,SOUTHERN_OCEAN,-3.5,31.2,2.49,0.825,11.2,0
2024-07-26,SOUTHERN_OCEAN,-3.2,25.8,2.74,0.844,13.7,0
2024-07-27,SOUTHERN_OCEAN,-2.3,24.8,2.55,0.816,9.5,0
2024-07-28,SOUTHERN_OCEAN,-2.7,33.1,2.88,0.745,10.3,0
2024-07-29,SOUTHERN_OCEAN,-1.1,39.9,2.92,0.699,0.1,1
2024-07-30,SOUTHERN_OCEAN,-0.5,37.2,2.5,0.72,9.5,0
2024-07-31,SOUTHERN_OCEAN,-2.8,34.1,1.8,0.647,12.3,0
2024-08-01,SOUTHERN_OCEAN,-0.8,28.0,1.49,0.594,14.0,0
2024-08-02,SOUTHERN_OCEAN,0.6,29.0,1.4,0.625,10.5,0
2024-08-03,SOUTHERN_OCEAN,0.7,30.1,1.75,0.622,12.8,0
2024-08-04,SOUTHERN_OCEAN,0.4,33.3,1.82,0.601,9.2,0
2024-08-05,SOUTHERN_OCEAN,2.3,36.5,2.01,0.589,9.9,0
2024-08-06,SOUTHERN_OCEAN,-1.0,35.2,1.99,0.539,11.1,0
2024-08-07,SOUTHERN_OCEAN,0.5,36.8,2.25,0.572,8.4,0
2024-08-08,SOUTHERN_OCEAN,-0.8,33.6,2.06,0.55,11.8,0
2024-08-09,SOUTHERN_OCEAN,0.5,35.4,1.93,0.54,9.3,0
2024-08-10,SOUTHERN_OCEAN,0.1,33.1,2.05,0.567,9.9,0
2024-08-11,SOUTHERN_OCEAN,-2.3,34.6,2.67,0.566,11.4,0
2024-08-12,SOUTHERN_OCEAN,-3.2,35.6,2.82,0.547,8.8,0
2024-08-13,SOUTHERN_OCEAN,-1.6,35.4,2.62,0.478,8.8,0
2024-08-14,SOUTHERN_OCEAN,-2.2,37.8,2.77,0.51,11.0,0
2024-08-15,SOUTHERN_OCEAN,-3.3,31.3,1.77,0.527,11.4,0
2024-08-16,SOUTHERN_OCEAN,-4.2,27.6,1.73,0.518,10.1,0
2024-08-17,SOUTHERN_OCEAN,-3.0,27.3,1.74,0.489,13.6,0
2024-08-18,SOUTHERN_OCEAN,-0.4,22.8,1.35,0.504,13.0,0
2024-08-19,SOUTHERN_OCEAN,-4.0,22.7,1.27,0.536,11.5,0
2024-08-20,SOUTHERN_OCEAN,0.4,22.7,1.34,0.55,9.9,0
2024-08-21,SOUTHERN_OCEAN,0.2,28.8,2.2,0.623,13.3,0
2024-08-22,SOUTHERN_OCEAN,0.7,29.8,2.73,0.651,10.4,0
2024-08-23,SOUTHERN_OCEAN,-0.5,33.8,2.59,0.643,8.7,0
2024-08-24,SOUTHERN_OCEAN,-0.8,34.6,2.5,0.669,11.3,0
2024-08-25,SOUTHERN_OCEAN,-0.8,32.2,2.29,0.665,12.2,0
2024-08-26,SOUTHERN_OCEAN,-2.6,32.6,2.71,0.661,9.7,0
2024-08-27,SOUTHERN_OCEAN,-3.8,35.1,2.91,0.706,11.5,0
2024-08-28,SOUTHERN_OCEAN,-1.8,38.8,3.14,0.659,2.2,1
2024-08-29,SOUTHERN_OCEAN,-4.2,37.2,3.25,0.653,11.6,0
2024-08-30,SOUTHERN_OCEAN,-3.2,30.4,2.66,0.694,13.3,0
2024-08-31,SOUTHERN_OCEAN,-3.6,24.4,2.86,0.695,13.6,0
2024-09-01,SOUTHERN_OCEAN,-4.8,24.2,2.76,0.668,12.5,0
2024-09-02,SOUTHERN_OCEAN,-1.4,16.9,2.02,0.59,15.2,0
2024-09-03,SOUTHERN_OCEAN,-2.9,25.5,2.37,0.496,13.5,0
2024-09-04,SOUTHERN_OCEAN,-4.5,28.5,2.98,0.586,10.1,0
2024-09-05,SOUTHERN_OCEAN,-4.4,26.6,2.66,0.595,11.4,0
2024-09-06,SOUTHERN_OCEAN,-5.1,23.2,2.81,0.567,11.4,0
2024-09-07,SOUTHERN_OCEAN,-4.6,28.1,2.74,0.579,12.5,0
2024-09-08,SOUTHERN_OCEAN,-3.9,24.5,2.26,0.537,13.3,0
2024-09-09,SOUTHERN_OCEAN,-3.2,21.7,2.39,0.523,12.9,0
2024-09-10,SOUTHERN_OCEAN,-3.1,20.3,1.98,0.486,15.5,0
2024-09-11,SOUTHERN_OCEAN,-3.9,22.3,2.42,0.433,12.2,0
2024-09-12,SOUTHERN_OCEAN,-2.5,25.8,2.7,0.357,11.8,0
2024-09-13,SOUTHERN_OCEAN,-2.5,30.8,2.6,0.309,12.6,0
2024-09-14,SOUTHERN_OCEAN,-3.0,34.5,2.78,0.37,11.7,0
2024-09-15,SOUTHERN_OCEAN,-0.5,33.8,2.58,0.343,9.3,0
2024-09-16,SOUTHERN_OCEAN,-0.8,37.0,2.93,0.38,10.0,0
2024-09-17,SOUTHERN_OCEAN,0.9,33.5,3.46,0.429,9.4,0
2024-09-18,SOUTHERN_OCEAN,2.5,26.5,2.86,0.435,12.3,0
2024-09-19,SOUTHERN_OCEAN,3.9,24.6,2.89,0.428,13.3,0
2024-09-20,SOUTHERN_OCEAN,4.3,22.5,2.7,0.437,14.5,0
2024-09-21,SOUTHERN_OCEAN,3.5,21.3,2.58,0.424,14.5,0
2024-09-22,SOUTHERN_OCEAN,2.8,19.1,2.34,0.476,15.0,0
2024-09-23,SOUTHERN_OCEAN,2.0,19.1,2.0,0.549,13.0,0
2024-09-24,SOUTHERN_OCEAN,-1.6,22.9,2.34,0.597,14.2,0
2024-09-25,SOUTHERN_OCEAN,-0.3,30.1,2.59,0.495,12.4,0
2024-09-26,SOUTHERN_OCEAN,0.1,23.8,1.98,0.472,14.4,0
2024-09-27,SOUTHERN_OCEAN,1.3,20.0,2.23,0.468,13.3,0
2024-09-28,SOUTHERN_OCEAN,0.9,18.5,2.19,0.483,16.2,0
2024-09-29,SOUTHERN_OCEAN,1.8,22.9,2.31,0.407,11.6,0
2024-09-30,SOUTHERN_OCEAN,-0.5,23.1,2.81,0.338,12.9,0
2024-10-01,SOUTHERN_OCEAN,-2.1,21.4,1.98,0.398,13.6,0
2024-10-02,SOUTHERN_OCEAN,-5.5,25.1,2.68,0.376,11.1,0
2024-10-03,SOUTHERN_OCEAN,-4.8,29.2,2.52,0.318,11.4,0
2024-10-04,SOUTHERN_OCEAN,-5.1,29.1,2.62,0.282,12.2,0
2024-10-05,SOUTHERN_OCEAN,-5.6,26.1,2.26,0.307,10.0,0
2024-10-06,SOUTHERN_OCEAN,-4.2,27.5,2.05,0.282,11.7,0
2024-10-07,SOUTHERN_OCEAN,-4.1,26.8,2.59,0.301,9.9,0
2024-10-08,SOUTHERN_OCEAN,-5.5,26.2,3.22,0.268,15.7,0
2024-10-09,SOUTHERN_OCEAN,-0.7,24.7,2.92,0.208,13.4,0
2024-10-10,SOUTHERN_OCEAN,-0.5,28.6,3.14,0.279,12.2,0
2024-10-11,SOUTHERN_OCEAN,-1.8,29.5,3.1,0.302,12.1,0
2024-10-12,SOUTHERN_OCEAN,-2.4,33.0,3.82,0.293,11.7,0
2024-10-13,SOUTHERN_OCEAN,-2.1,37.1,3.07,0.277,11.1,0
2024-10-14,SOUTHERN_OCEAN,-1.8,37.4,3.22,0.341,7.2,0
2024-10-15,SOUTHERN_OCEAN,0.6,34.2,2.76,0.363,12.4,0
2024-10-16,SOUTHERN_OCEAN,0.7,37.0,2.09,0.405,11.5,0
2024-10-17,SOUTHERN_OCEAN,3.6,37.3,2.16,0.372,9.5,0
2024-10-18,SOUTHERN_OCEAN,2.7,45.2,3.41,0.368,7.2,0
2024-10-19,SOUTHERN_OCEAN,3.2,43.7,3.11,0.377,3.1,0
2024-10-20,SOUTHERN_OCEAN,4.5,43.8,3.45,0.347,5.9,0
2024-10-21,SOUTHERN_OCEAN,5.9,42.4,3.8,0.338,8.9,0
2024-10-22,SOUTHERN_OCEAN,7.3,39.8,3.57,0.309,10.6,0
2024-10-23,SOUTHERN_OCEAN,6.2,37.1,3.4,0.322,10.7,0
2024-10-24,SOUTHERN_OCEAN,5.6,36.7,2.69,0.265,9.6,0
2024-10-25,SOUTHERN_OCEAN,1.4,37.1,2.53,0.288,12.5,0
2024-10-26,SOUTHERN_OCEAN,1.2,39.8,3.09,0.298,0.4,1
2024-10-27,SOUTHERN_OCEAN,3.1,39.0,3.09,0.286,0.1,1
2024-10-28,SOUTHERN_OCEAN,4.3,35.5,3.06,0.3,13.3,0
2024-10-29,SOUTHERN_OCEAN,4.0,33.1,2.97,0.28,9.1,0
2024-10-30,SOUTHERN_OCEAN,6.3,27.4,3.45,0.249,10.1,0
2024-10-31,SOUTHERN_OCEAN,5.2,33.3,3.42,0.27,10.0,0
2024-11-01,SOUTHERN_OCEAN,3.8,30.4,3.74,0.289,10.4,0
2024-11-02,SOUTHERN_OCEAN,3.0,33.3,3.73,0.263,10.1,0
2024-11-03,SOUTHERN_OCEAN,1.3,33.3,4.17,0.234,11.9,0
2024-11-04,SOUTHERN_OCEAN,2.5,33.4,3.47,0.225,10.6,0
2024-11-05,SOUTHERN_OCEAN,3.1,31.9,3.34,0.201,11.1,0
2024-11-06,SOUTHERN_OCEAN,4.0,28.3,2.91,0.263,12.2,0
2024-11-07,SOUTHERN_OCEAN,3.3,24.5,2.71,0.269,9.7,0
2024-11-08,SOUTHERN_OCEAN,3.2,31.0,3.42,0.262,9.1,0
2024-11-09,SOUTHERN_OCEAN,0.0,30.7,3.41,0.217,10.8,0
2024-11-10,SOUTHERN_OCEAN,1.1,34.0,3.88,0.244,9.2,0
2024-11-11,SOUTHERN_OCEAN,1.7,37.8,3.63,0.213,9.1,0
2024-11-12,SOUTHERN_OCEAN,0.3,34.6,3.06,0.183,12.4,0
2024-11-13,SOUTHERN_OCEAN,0.7,34.8,3.05,0.212,10.1,0
2024-11-14,SOUTHERN_OCEAN,0.8,33.6,2.96,0.223,8.6,0
2024-11-15,SOUTHERN_OCEAN,3.9,28.3,2.61,0.117,10.9,0
2024-11-16,SOUTHERN_OCEAN,2.3,27.2,2.21,0.114,14.9,0
2024-11-17,SOUTHERN_OCEAN,3.1,29.1,2.81,0.123,14.1,0
2024-11-18,SOUTHERN_OCEAN,1.6,26.8,2.53,0.112,13.4,0
2024-11-19,SOUTHERN_OCEAN,1.2,25.5,2.98,0.121,10.5,0
2024-11-20,SOUTHERN_OCEAN,2.1,24.8,2.85,0.051,13.5,0
2024-11-21,SOUTHERN_OCEAN,2.1,32.5,3.39,0.0,11.5,0
2024-11-22,SOUTHERN_OCEAN,2.4,24.9,3.09,0.0,13.1,0
2024-11-23,SOUTHERN_OCEAN,3.3,26.7,2.76,0.0,11.7,0
2024-11-24,SOUTHERN_OCEAN,2.7,25.6,2.79,0.0,12.3,0
2024-11-25,SOUTHERN_OCEAN,4.3,23.2,3.3,0.0,12.5,0
2024-11-26,SOUTHERN_OCEAN,3.9,22.5,3.17,0.0,12.0,0
2024-11-27,SOUTHERN_OCEAN,3.9,25.3,3.47,0.0,15.0,0
2024-11-28,SOUTHERN_OCEAN,4.6,27.9,3.64,0.0,13.5,0
2024-11-29,SOUTHERN_OCEAN,5.0,28.1,3.56,0.0,11.7,0
2024-11-30,SOUTHERN_OCEAN,5.9,31.6,3.61,0.0,11.7,0
2024-12-01,SOUTHERN_OCEAN,6.3,35.2,3.82,0.0,10.7,0
2024-12-02,SOUTHERN_OCEAN,6.8,36.6,3.99,0.002,13.3,0
2024-12-03,SOUTHERN_OCEAN,6.0,32.8,3.12,0.002,12.1,0
2024-12-04,SOUTHERN_OCEAN,4.3,33.4,3.19,0.047,11.9,0
2024-12-05,SOUTHERN_OCEAN,2.3,33.9,3.08,0.07,10.6,0
2024-12-06,SOUTHERN_OCEAN,0.2,29.6,2.69,0.083,11.1,0
2024-12-07,SOUTHERN_OCEAN,3.6,23.2,2.83,0.077,15.6,0
2024-12-08,SOUTHERN_OCEAN,0.6,16.1,2.12,0.063,16.5,0
2024-12-09,SOUTHERN_OCEAN,3.1,17.6,1.67,0.1,13.8,0
2024-12-10,SOUTHERN_OCEAN,2.2,19.8,2.15,0.084,15.1,0
2024-12-11,SOUTHERN_OCEAN,4.5,16.2,1.47,0.131,16.7,0
2024-12-12,SOUTHERN_OCEAN,1.3,21.2,1.13,0.083,10.9,0
2024-12-13,SOUTHERN_OCEAN,1.6,22.2,1.74,0.138,12.4,0
2024-12-14,SOUTHERN_OCEAN,4.4,27.4,2.17,0.149,12.9,0
2024-12-15,SOUTHERN_OCEAN,5.6,28.3,2.46,0.101,9.2,0
2024-12-16,SOUTHERN_OCEAN,5.1,23.9,2.11,0.117,10.7,0
2024-12-17,SOUTHERN_OCEAN,2.3,25.6,1.76,0.085,12.4,0
2024-12-18,SOUTHERN_OCEAN,0.8,27.8,1.58,0.083,13.0,0
2024-12-19,SOUTHERN_OCEAN,3.6,25.3,1.56,0.06,13.7,0
2024-12-20,SOUTHERN_OCEAN,3.4,19.9,1.02,0.054,16.8,0
2024-12-21,SOUTHERN_OCEAN,3.7,20.9,1.41,0.091,14.3,0
2024-12-22,SOUTHERN_OCEAN,4.4,17.8,1.26,0.107,14.4,0
2024-12-23,SOUTHERN_OCEAN,2.7,22.8,1.74,0.056,11.7,0
2024-12-24,SOUTHERN_OCEAN,3.8,21.5,1.85,0.012,13.4,0
2024-12-25,SOUTHERN_OCEAN,3.4,28.1,2.41,0.025,13.2,0
2024-12-26,SOUTHERN_OCEAN,4.3,19.9,2.21,0.041,15.6,0
2024-12-27,SOUTHERN_OCEAN,3.6,21.0,2.14,0.014,14.5,0
2024-12-28,SOUTHERN_OCEAN,1.6,26.6,2.51,0.08,13.4,0
2024-12-29,SOUTHERN_OCEAN,1.6,23.0,2.42,0.108,15.5,0
2024-12-30,SOUTHERN_OCEAN,3.2,22.6,1.51,0.076,13.8,0
2024-12-31,SOUTHERN_OCEAN,4.2,21.4,1.85,0.043,16.1,0
2025-01-01,SOUTHERN_OCEAN,4.5,19.3,1.88,0.035,13.5,0
2025-01-02,SOUTHERN_OCEAN,6.1,20.9,2.22,0.022,14.0,0
2025-01-03,SOUTHERN_OCEAN,5.8,16.7,1.55,0.073,14.6,0
2025-01-04,SOUTHERN_OCEAN,5.9,17.4,1.57,0.109,16.3,0
2025-01-05,SOUTHERN_OCEAN,5.2,20.2,1.42,0.103,12.8,0
2025-01-06,SOUTHERN_OCEAN,6.8,20.0,1.84,0.123,13.9,0
2025-01-07,SOUTHERN_OCEAN,7.1,17.0,1.25,0.148,12.4,0
2025-01-08,SOUTHERN_OCEAN,6.1,21.8,1.32,0.139,14.8,0
2025-01-09,SOUTHERN_OCEAN,3.8,24.7,1.85,0.145,14.9,0
2025-01-10,SOUTHERN_OCEAN,5.8,20.9,1.55,0.157,15.5,0
2025-01-11,SOUTHERN_OCEAN,4.7,16.7,1.14,0.165,16.5,0
2025-01-12,SOUTHERN_OCEAN,5.0,14.3,1.53,0.121,17.2,0
2025-01-13,SOUTHERN_OCEAN,8.7,17.8,2.12,0.086,16.1,0
2025-01-14,SOUTHERN_OCEAN,9.5,19.7,2.47,0.069,15.4,0
2025-01-15,SOUTHERN_OCEAN,11.4,23.2,2.89,0.038,14.5,0
2025-01-16,SOUTHERN_OCEAN,9.8,22.1,2.65,0.0,12.8,0
2025-01-17,SOUTHERN_OCEAN,10.8,19.1,2.36,0.013,14.4,0
2025-01-18,SOUTHERN_OCEAN,10.1,23.1,2.28,0.03,13.6,0
2025-01-19,SOUTHERN_OCEAN,10.1,21.3,2.27,0.0,13.5,0
2025-01-20,SOUTHERN_OCEAN,12.5,22.4,2.13,0.0,11.4,0
2025-01-21,SOUTHERN_OCEAN,11.1,17.0,1.75,0.0,13.4,0
2025-01-22,SOUTHERN_OCEAN,10.3,16.0,1.97,0.0,15.9,0
2025-01-23,SOUTHERN_OCEAN,8.3,20.9,2.65,0.0,15.5,0
2025-01-24,SOUTHERN_OCEAN,9.3,18.8,2.61,0.0,14.8,0
2025-01-25,SOUTHERN_OCEAN,7.9,22.5,3.34,0.0,17.8,0
2025-01-26,SOUTHERN_OCEAN,9.1,14.4,2.48,0.0,14.6,0
2025-01-27,SOUTHERN_OCEAN,6.2,13.8,1.68,0.0,16.8,0
2025-01-28,SOUTHERN_OCEAN,6.9,14.8,2.03,0.0,17.8,0
2025-01-29,SOUTHERN_OCEAN,5.8,22.5,2.11,0.0,15.3,0
2025-01-30,SOUTHERN_OCEAN,6.9,18.5,1.86,0.0,15.8,0
2025-01-31,SOUTHERN_OCEAN,6.7,21.8,1.44,0.016,15.5,0
2025-02-01,SOUTHERN_OCEAN,5.7,26.0,1.5,0.0,12.8,0
2025-02-02,SOUTHERN_OCEAN,5.1,23.1,1.01,0.004,16.0,0
2025-02-03,SOUTHERN_OCEAN,3.9,22.0,1.07,0.0,15.8,0
2025-02-04,SOUTHERN_OCEAN,5.4,22.9,1.22,0.0,12.3,0
2025-02-05,SOUTHERN_OCEAN,3.9,17.8,1.22,0.0,15.5,0
2025-02-06,SOUTHERN_OCEAN,3.7,17.1,1.81,0.025,12.9,0
2025-02-07,SOUTHERN_OCEAN,4.5,22.8,2.39,0.016,15.9,0
2025-02-08,SOUTHERN_OCEAN,7.0,25.0,1.9,0.075,13.3,0
2025-02-09,SOUTHERN_OCEAN,6.8,24.3,2.2,0.12,15.2,0
2025-02-10,SOUTHERN_OCEAN,6.2,24.8,2.3,0.1,12.9,0
2025-02-11,SOUTHERN_OCEAN,6.5,26.9,2.4,0.086,9.7,0
2025-02-12,SOUTHERN_OCEAN,3.2,29.3,2.54,0.054,15.7,0
2025-02-13,SOUTHERN_OCEAN,1.7,26.6,2.51,0.091,12.7,0
2025-02-14,SOUTHERN_OCEAN,1.6,31.9,2.53,0.076,9.6,0
2025-02-15,SOUTHERN_OCEAN,1.1,35.6,2.7,0.047,11.8,0
2025-02-16,SOUTHERN_OCEAN,-0.7,36.4,3.22,0.075,12.9,0
2025-02-17,SOUTHERN_OCEAN,1.4,31.7,2.69,0.044,10.8,0
2025-02-18,SOUTHERN_OCEAN,2.3,27.0,2.1,0.039,12.3,0
2025-02-19,SOUTHERN_OCEAN,2.9,25.5,2.1,0.052,13.2,0
2025-02-20,SOUTHERN_OCEAN,2.1,25.7,1.77,0.035,11.1,0
2025-02-21,SOUTHERN_OCEAN,2.7,19.2,0.97,0.025,13.6,0
2025-02-22,SOUTHERN_OCEAN,3.7,21.9,1.22,0.098,16.5,0
2025-02-23,SOUTHERN_OCEAN,3.5,27.0,2.21,0.095,12.2,0
2025-02-24,SOUTHERN_OCEAN,4.3,28.9,2.36,0.086,10.7,0
2025-02-25,SOUTHERN_OCEAN,3.1,25.9,2.33,0.086,12.1,0
2025-02-26,SOUTHERN_OCEAN,3.5,23.0,1.45,0.112,15.2,0
2025-02-27,SOUTHERN_OCEAN,5.3,24.4,1.86,0.075,10.2,0
2025-02-28,SOUTHERN_OCEAN,7.0,24.0,1.99,0.102,13.7,0
2025-03-01,SOUTHERN_OCEAN,8.6,25.9,1.92,0.119,16.5,0
2025-03-02,SOUTHERN_OCEAN,8.4,28.0,2.21,0.054,15.2,0
2025-03-03,SOUTHERN_OCEAN,7.8,31.6,2.53,0.138,12.0,0
2025-03-04,SOUTHERN_OCEAN,6.5,26.6,1.95,0.202,14.5,0
2025-03-05,SOUTHERN_OCEAN,3.4,27.3,2.22,0.169,14.3,0
2025-03-06,SOUTHERN_OCEAN,1.5,25.8,2.64,0.127,12.6,0
2025-03-07,SOUTHERN_OCEAN,1.6,25.5,2.51,0.144,14.3,0
2025-03-08,SOUTHERN_OCEAN,1.7,28.7,2.35,0.093,14.7,0
2025-03-09,SOUTHERN_OCEAN,4.2,31.8,2.5,0.16,9.2,0
2025-03-10,SOUTHERN_OCEAN,6.0,36.0,3.08,0.147,10.8,0
2025-03-11,SOUTHERN_OCEAN,4.6,36.0,2.62,0.219,10.5,0
2025-03-12,SOUTHERN_OCEAN,5.7,34.2,2.81,0.187,10.6,0
2025-03-13,SOUTHERN_OCEAN,4.6,32.1,2.48,0.188,11.0,0
2025-03-14,SOUTHERN_OCEAN,5.4,25.0,2.28,0.244,13.3,0
2025-03-15,SOUTHERN_OCEAN,6.3,30.0,2.36,0.231,12.1,0
2025-03-16,SOUTHERN_OCEAN,7.7,28.4,2.14,0.244,13.7,0
2025-03-17,SOUTHERN_OCEAN,6.3,29.9,2.86,0.289,12.3,0
2025-03-18,SOUTHERN_OCEAN,7.3,31.9,2.42,0.264,10.8,0
2025-03-19,SOUTHERN_OCEAN,3.8,26.6,2.41,0.214,11.3,0
2025-03-20,SOUTHERN_OCEAN,5.6,23.4,2.89,0.161,12.8,0
2025-03-21,SOUTHERN_OCEAN,5.2,29.5,3.34,0.196,12.1,0
2025-03-22,SOUTHERN_OCEAN,4.8,30.1,2.76,0.221,10.5,0
2025-03-23,SOUTHERN_OCEAN,1.4,27.6,2.16,0.27,13.7,0
2025-03-24,SOUTHERN_OCEAN,1.0,27.1,1.95,0.262,13.1,0
2025-03-25,SOUTHERN_OCEAN,3.2,31.0,2.32,0.208,13.0,0
2025-03-26,SOUTHERN_OCEAN,2.5,33.8,2.63,0.124,9.6,0
2025-03-27,SOUTHERN_OCEAN,3.5,27.6,1.91,0.258,11.0,0
2025-03-28,SOUTHERN_OCEAN,3.3,33.4,2.02,0.285,12.3,0
2025-03-29,SOUTHERN_OCEAN,4.7,36.0,2.03,0.295,10.1,0
2025-03-30,SOUTHERN_OCEAN,4.6,34.2,2.07,0.309,10.1,0
2025-03-31,SOUTHERN_OCEAN,2.8,28.9,2.69,0.255,12.9,0
2025-04-01,SOUTHERN_OCEAN,2.8,32.6,2.53,0.232,11.9,0
2025-04-02,SOUTHERN_OCEAN,5.0,33.6,2.28,0.313,8.7,0
2025-04-03,SOUTHERN_OCEAN,5.2,27.5,1.69,0.344,14.4,0
2025-04-04,SOUTHERN_OCEAN,4.5,26.7,2.06,0.315,11.9,0
2025-04-05,SOUTHERN_OCEAN,7.5,38.2,2.71,0.271,1.9,1
2025-04-06,SOUTHERN_OCEAN,8.3,36.7,2.4,0.26,7.7,0
2025-04-07,SOUTHERN_OCEAN,8.5,32.8,2.2,0.259,11.3,0
2025-04-08,SOUTHERN_OCEAN,7.9,28.5,1.82,0.354,11.7,0
2025-04-09,SOUTHERN_OCEAN,7.9,34.8,2.41,0.35,7.3,0
2025-04-10,SOUTHERN_OCEAN,8.1,36.9,3.59,0.307,10.6,0
2025-04-11,SOUTHERN_OCEAN,3.7,40.7,3.87,0.314,5.7,0
2025-04-12,SOUTHERN_OCEAN,3.9,39.8,3.66,0.334,0.1,1
2025-04-13,SOUTHERN_OCEAN,3.2,42.7,3.47,0.291,0.1,1
2025-04-14,SOUTHERN_OCEAN,2.1,37.5,2.7,0.32,8.7,0
2025-04-15,SOUTHERN_OCEAN,1.5,36.8,3.01,0.379,8.3,0
2025-04-16,SOUTHERN_OCEAN,-0.9,36.7,3.25,0.389,10.9,0
2025-04-17,SOUTHERN_OCEAN,-3.4,40.5,3.23,0.362,8.3,0
2025-04-18,SOUTHERN_OCEAN,-1.0,39.9,3.64,0.349,0.1,1
2025-04-19,SOUTHERN_OCEAN,-0.1,36.1,3.36,0.293,11.8,0
2025-04-20,SOUTHERN_OCEAN,-3.7,35.3,3.53,0.304,8.4,0
2025-04-21,SOUTHERN_OCEAN,-4.0,28.3,3.18,0.332,11.4,0
2025-04-22,SOUTHERN_OCEAN,-2.1,20.1,2.59,0.309,15.7,0
2025-04-23,SOUTHERN_OCEAN,-2.2,24.5,2.39,0.403,11.3,0
2025-04-24,SOUTHERN_OCEAN,-0.0,23.9,2.32,0.442,16.0,0
2025-04-25,SOUTHERN_OCEAN,1.5,23.8,2.63,0.375,13.0,0
2025-04-26,SOUTHERN_OCEAN,-0.8,27.7,2.59,0.315,13.6,0
2025-04-27,SOUTHERN_OCEAN,-0.9,33.0,3.02,0.294,12.1,0
2025-04-28,SOUTHERN_OCEAN,-1.5,34.5,2.67,0.377,10.1,0
2025-04-29,SOUTHERN_OCEAN,-3.5,40.7,3.31,0.426,0.1,1
2025-04-30,SOUTHERN_OCEAN,-5.2,40.9,3.42,0.499,8.5,0
2025-05-01,SOUTHERN_OCEAN,-5.8,40.4,2.92,0.501,9.8,0
2025-05-02,SOUTHERN_OCEAN,-6.0,39.7,2.87,0.495,0.1,1
2025-05-03,SOUTHERN_OCEAN,-4.8,33.7,2.97,0.448,8.8,0
2025-05-04,SOUTHERN_OCEAN,-2.7,36.6,2.64,0.471,12.0,0
2025-05-05,SOUTHERN_OCEAN,-1.6,26.9,1.85,0.47,11.4,0
2025-05-06,SOUTHERN_OCEAN,-0.4,25.3,1.88,0.468,13.5,0
2025-05-07,SOUTHERN_OCEAN,-1.0,26.1,2.81,0.54,12.4,0
2025-05-08,SOUTHERN_OCEAN,-0.1,24.0,2.4,0.537,13.1,0
2025-05-09,SOUTHERN_OCEAN,-0.5,23.3,2.55,0.592,15.6,0
2025-05-10,SOUTHERN_OCEAN,-1.3,31.1,2.99,0.526,11.2,0
2025-05-11,SOUTHERN_OCEAN,1.5,35.0,2.93,0.638,9.7,0
2025-05-12,SOUTHERN_OCEAN,-2.5,31.9,2.83,0.616,10.7,0
2025-05-13,SOUTHERN_OCEAN,-5.1,30.1,2.57,0.641,10.8,0
2025-05-14,SOUTHERN_OCEAN,-4.1,25.6,2.25,0.67,11.8,0
2025-05-15,SOUTHERN_OCEAN,-4.1,28.9,1.86,0.642,11.1,0
2025-05-16,SOUTHERN_OCEAN,-5.9,28.4,1.98,0.669,14.6,0
2025-05-17,SOUTHERN_OCEAN,-6.9,21.7,2.1,0.697,15.0,0
2025-05-18,SOUTHERN_OCEAN,-7.6,23.5,2.25,0.659,12.9,0
2025-05-19,SOUTHERN_OCEAN,-5.4,26.2,2.8,0.626,14.1,0
2025-05-20,SOUTHERN_OCEAN,-3.1,30.5,3.17,0.626,9.1,0
2025-05-21,SOUTHERN_OCEAN,-0.5,30.4,3.05,0.62,13.6,0
2025-05-22,SOUTHERN_OCEAN,-3.2,29.2,2.7,0.676,13.8,0
2025-05-23,SOUTHERN_OCEAN,-5.1,36.7,2.89,0.699,13.1,0
2025-05-24,SOUTHERN_OCEAN,-6.8,35.9,2.35,0.689,11.5,0
2025-05-25,SOUTHERN_OCEAN,-4.3,37.9,2.48,0.708,10.0,0
2025-05-26,SOUTHERN_OCEAN,-3.4,35.0,2.51,0.619,12.1,0
2025-05-27,SOUTHERN_OCEAN,-3.1,37.0,3.32,0.596,8.7,0
2025-05-28,SOUTHERN_OCEAN,-2.7,31.0,3.15,0.612,10.7,0
2025-05-29,SOUTHERN_OCEAN,-2.8,29.4,2.68,0.66,11.7,0
2025-05-30,SOUTHERN_OCEAN,-4.5,25.5,1.97,0.668,14.9,0
2025-05-31,SOUTHERN_OCEAN,-3.5,24.3,1.93,0.725,11.9,0
2025-06-01,SOUTHERN_OCEAN,-3.7,29.9,2.6,0.753,10.2,0
2025-06-02,SOUTHERN_OCEAN,-5.4,28.0,2.45,0.724,12.5,0
2025-06-03,SOUTHERN_OCEAN,-4.1,31.2,2.83,0.713,12.3,0
2025-06-04,SOUTHERN_OCEAN,-4.6,36.8,3.03,0.725,8.6,0
2025-06-05,SOUTHERN_OCEAN,-4.0,36.0,3.25,0.701,10.9,0
2025-06-06,SOUTHERN_OCEAN,-4.1,39.0,2.78,0.76,1.1,1
2025-06-07,SOUTHERN_OCEAN,-2.6,39.9,3.48,0.707,10.6,0
2025-06-08,SOUTHERN_OCEAN,-2.4,39.2,2.98,0.717,0.1,1
2025-06-09,SOUTHERN_OCEAN,-3.8,40.9,3.39,0.743,8.4,0
2025-06-10,SOUTHERN_OCEAN,-3.3,46.2,3.53,0.725,0.1,1
2025-06-11,SOUTHERN_OCEAN,-2.8,41.9,3.27,0.7,0.1,1
2025-06-12,SOUTHERN_OCEAN,-2.1,37.0,2.94,0.696,11.0,0
2025-06-13,SOUTHERN_OCEAN,-0.8,32.7,2.84,0.728,13.8,0
2025-06-14,SOUTHERN_OCEAN,-2.1,36.2,3.18,0.705,11.1,0
2025-06-15,SOUTHERN_OCEAN,-1.3,39.8,3.7,0.662,0.1,1
2025-06-16,SOUTHERN_OCEAN,-4.2,36.7,3.96,0.712,7.9,0
2025-06-17,SOUTHERN_OCEAN,-4.3,28.4,3.48,0.727,11.6,0
2025-06-18,SOUTHERN_OCEAN,-4.6,26.7,3.83,0.765,13.6,0
2025-06-19,SOUTHERN_OCEAN,-2.3,29.5,3.75,0.79,12.4,0
2025-06-20,SOUTHERN_OCEAN,-2.8,29.8,3.94,0.869,15.0,0
2025-06-21,SOUTHERN_OCEAN,-2.0,30.9,3.9,0.897,12.0,0
2025-06-22,SOUTHERN_OCEAN,-4.9,29.3,3.39,0.85,11.3,0
2025-06-23,SOUTHERN_OCEAN,-5.3,33.5,3.52,0.855,8.9,0
2025-06-24,SOUTHERN_OCEAN,-6.3,34.6,3.63,0.819,12.1,0
2025-06-25,SOUTHERN_OCEAN,-2.2,36.4,3.57,0.79,9.8,0
2025-06-26,SOUTHERN_OCEAN,-3.5,36.5,3.61,0.727,7.5,0
2025-06-27,SOUTHERN_OCEAN,-3.4,37.8,3.87,0.714,9.4,0
2025-06-28,SOUTHERN_OCEAN,-3.3,38.7,3.75,0.737,0.1,1
2025-06-29,SOUTHERN_OCEAN,-5.8,34.5,2.36,0.733,9.7,0
2025-06-30,SOUTHERN_OCEAN,-6.3,35.6,3.13,0.687,10.0,0
2025-07-01,SOUTHERN_OCEAN,-5.3,38.1,3.12,0.63,8.0,0
2025-07-02,SOUTHERN_OCEAN,-5.0,41.5,2.99,0.724,0.1,1
2025-07-03,SOUTHERN_OCEAN,-8.3,41.7,2.65,0.737,7.2,0
2025-07-04,SOUTHERN_OCEAN,-8.5,36.9,2.42,0.703,8.6,0
2025-07-05,SOUTHERN_OCEAN,-6.3,33.4,2.17,0.723,9.1,0
2025-07-06,SOUTHERN_OCEAN,-5.1,31.8,1.96,0.811,10.4,0
2025-07-07,SOUTHERN_OCEAN,-3.1,32.7,1.92,0.827,9.5,0
2025-07-08,SOUTHERN_OCEAN,-4.7,32.3,2.28,0.705,11.8,0
2025-07-09,SOUTHERN_OCEAN,-2.7,28.3,2.92,0.813,12.4,0
2025-07-10,SOUTHERN_OCEAN,-3.0,25.0,2.99,0.73,14.8,0
2025-07-11,SOUTHERN_OCEAN,-0.7,18.6,2.96,0.722,17.6,0
2025-07-12,SOUTHERN_OCEAN,-1.2,9.6,2.21,0.676,18.3,0
2025-07-13,SOUTHERN_OCEAN,-4.7,12.6,2.29,0.651,17.1,0
2025-07-14,SOUTHERN_OCEAN,-3.3,24.0,2.92,0.67,14.4,0
2025-07-15,SOUTHERN_OCEAN,-4.1,31.8,2.97,0.592,11.8,0
2025-07-16,SOUTHERN_OCEAN,-4.6,28.5,2.62,0.602,12.1,0
2025-07-17,SOUTHERN_OCEAN,-6.7,29.7,2.99,0.659,11.6,0
2025-07-18,SOUTHERN_OCEAN,-3.9,24.9,3.08,0.631,11.5,0
2025-07-19,SOUTHERN_OCEAN,-4.7,21.4,2.8,0.585,15.3,0
2025-07-20,SOUTHERN_OCEAN,-2.2,18.8,2.14,0.592,14.7,0
2025-07-21,SOUTHERN_OCEAN,-3.1,20.1,2.1,0.591,16.5,0
2025-07-22,SOUTHERN_OCEAN,-4.6,21.4,1.66,0.579,15.4,0
2025-07-23,SOUTHERN_OCEAN,-2.5,24.0,1.94,0.545,12.3,0
2025-07-24,SOUTHERN_OCEAN,-2.9,27.8,2.31,0.583,14.1,0
2025-07-25,SOUTHERN_OCEAN,-3.1,27.3,2.25,0.619,8.5,0
2025-07-26,SOUTHERN_OCEAN,-5.1,28.3,2.45,0.585,15.0,0
2025-07-27,SOUTHERN_OCEAN,-5.6,25.0,2.47,0.56,11.0,0
2025-07-28,SOUTHERN_OCEAN,-4.7,21.4,2.37,0.58,14.8,0
2025-07-29,SOUTHERN_OCEAN,-6.5,17.7,1.74,0.553,15.7,0
2025-07-30,SOUTHERN_OCEAN,-6.9,22.3,1.94,0.575,15.4,0
2025-07-31,SOUTHERN_OCEAN,-7.1,22.6,2.18,0.646,13.2,0
2025-08-01,SOUTHERN_OCEAN,-6.5,17.4,2.52,0.649,11.9,0
2025-08-02,SOUTHERN_OCEAN,-3.8,19.5,2.44,0.604,14.1,0
2025-08-03,SOUTHERN_OCEAN,-4.2,17.0,2.46,0.629,14.9,0
2025-08-04,SOUTHERN_OCEAN,-5.2,25.3,3.11,0.627,9.8,0
2025-08-05,SOUTHERN_OCEAN,-0.8,24.3,2.86,0.627,13.3,0
2025-08-06,SOUTHERN_OCEAN,-1.9,28.0,3.37,0.651,10.5,0
2025-08-07,SOUTHERN_OCEAN,-2.4,32.6,3.88,0.682,11.8,0
2025-08-08,SOUTHERN_OCEAN,-3.1,29.1,3.99,0.683,11.5,0
2025-08-09,SOUTHERN_OCEAN,-3.6,29.9,3.93,0.679,14.6,0
2025-08-10,SOUTHERN_OCEAN,-3.4,32.3,4.65,0.761,10.6,0
2025-08-11,SOUTHERN_OCEAN,-2.0,32.7,4.08,0.799,11.5,0
2025-08-12,SOUTHERN_OCEAN,-1.6,34.0,4.66,0.819,10.2,0
2025-08-13,SOUTHERN_OCEAN,-0.2,28.9,4.33,0.808,9.5,0
2025-08-14,SOUTHERN_OCEAN,0.9,31.4,4.6,0.753,10.9,0
2025-08-15,SOUTHERN_OCEAN,0.6,29.8,4.04,0.788,12.8,0
2025-08-16,SOUTHERN_OCEAN,0.6,31.4,4.15,0.779,12.1,0
2025-08-17,SOUTHERN_OCEAN,1.7,34.8,4.56,0.743,9.8,0
2025-08-18,SOUTHERN_OCEAN,-0.6,36.8,3.95,0.723,7.5,0
2025-08-19,SOUTHERN_OCEAN,2.8,37.4,3.73,0.676,10.5,0
2025-08-20,SOUTHERN_OCEAN,1.1,38.9,2.9,0.714,9.7,0
2025-08-21,SOUTHERN_OCEAN,0.0,40.3,2.96,0.732,0.1,1
2025-08-22,SOUTHERN_OCEAN,-2.2,44.4,2.92,0.729,7.1,0
2025-08-23,SOUTHERN_OCEAN,-4.1,42.4,2.84,0.716,0.1,1
2025-08-24,SOUTHERN_OCEAN,-2.4,41.4,3.94,0.679,9.2,0
2025-08-25,SOUTHERN_OCEAN,1.0,43.3,4.52,0.587,0.1,1
2025-08-26,SOUTHERN_OCEAN,-0.4,39.8,3.6,0.533,10.9,0
2025-08-27,SOUTHERN_OCEAN,-0.2,33.8,3.41,0.51,10.6,0
2025-08-28,SOUTHERN_OCEAN,-0.2,35.2,3.67,0.483,10.1,0
2025-08-29,SOUTHERN_OCEAN,1.0,33.9,3.34,0.506,11.1,0
2025-08-30,SOUTHERN_OCEAN,3.8,29.2,3.08,0.546,10.9,0
2025-08-31,SOUTHERN_OCEAN,5.2,31.3,3.2,0.545,10.3,0
2025-09-01,SOUTHERN_OCEAN,3.8,36.5,2.89,0.605,9.6,0
2025-09-02,SOUTHERN_OCEAN,3.7,29.8,2.21,0.57,10.3,0
2025-09-03,SOUTHERN_OCEAN,3.8,33.7,2.56,0.565,10.2,0
2025-09-04,SOUTHERN_OCEAN,2.9,24.2,2.19,0.563,16.1,0
2025-09-05,SOUTHERN_OCEAN,0.5,23.8,1.96,0.606,14.9,0
2025-09-06,SOUTHERN_OCEAN,-1.0,31.5,2.14,0.605,11.6,0
2025-09-07,SOUTHERN_OCEAN,0.6,30.2,2.17,0.605,13.9,0
2025-09-08,SOUTHERN_OCEAN,2.1,30.6,2.62,0.533,10.2,0
2025-09-09,SOUTHERN_OCEAN,1.3,33.4,2.75,0.497,14.4,0
2025-09-10,SOUTHERN_OCEAN,1.2,26.8,3.03,0.545,11.8,0
2025-09-11,SOUTHERN_OCEAN,2.6,27.7,2.73,0.46,15.3,0
2025-09-12,SOUTHERN_OCEAN,-0.5,28.3,2.8,0.52,15.1,0
2025-09-13,SOUTHERN_OCEAN,-1.3,35.4,2.99,0.54,7.5,0
2025-09-14,SOUTHERN_OCEAN,1.8,30.2,2.94,0.507,13.7,0
2025-09-15,SOUTHERN_OCEAN,1.8,28.8,2.54,0.474,11.5,0
2025-09-16,SOUTHERN_OCEAN,-0.3,25.7,3.1,0.552,11.9,0
2025-09-17,SOUTHERN_OCEAN,-0.3,22.7,2.22,0.603,14.4,0
2025-09-18,SOUTHERN_OCEAN,1.2,27.9,3.12,0.587,10.7,0
2025-09-19,SOUTHERN_OCEAN,-2.9,28.3,3.07,0.582,12.8,0
2025-09-20,SOUTHERN_OCEAN,-2.3,26.6,3.09,0.546,11.2,0
2025-09-21,SOUTHERN_OCEAN,-2.6,25.2,3.39,0.544,13.2,0
2025-09-22,SOUTHERN_OCEAN,-4.8,23.9,3.45,0.509,15.3,0
2025-09-23,SOUTHERN_OCEAN,-4.0,23.1,2.93,0.501,14.1,0
2025-09-24,SOUTHERN_OCEAN,-3.7,19.5,2.85,0.569,14.0,0
2025-09-25,SOUTHERN_OCEAN,-3.2,20.1,3.42,0.553,15.2,0
2025-09-26,SOUTHERN_OCEAN,-3.3,20.2,2.86,0.501,12.2,0
2025-09-27,SOUTHERN_OCEAN,-4.3,18.9,3.43,0.44,13.5,0
2025-09-28,SOUTHERN_OCEAN,-5.9,21.0,3.42,0.444,13.5,0
2025-09-29,SOUTHERN_OCEAN,-6.0,23.1,3.13,0.412,14.7,0
2025-09-30,SOUTHERN_OCEAN,-3.8,22.1,2.6,0.422,14.4,0
2025-10-01,SOUTHERN_OCEAN,-2.9,22.6,2.49,0.357,14.5,0
2025-10-02,SOUTHERN_OCEAN,-2.5,31.4,2.19,0.39,11.2,0
2025-10-03,SOUTHERN_OCEAN,-3.6,38.7,2.52,0.349,8.0,0
2025-10-04,SOUTHERN_OCEAN,-3.6,33.4,2.29,0.355,12.9,0
2025-10-05,SOUTHERN_OCEAN,-1.8,29.4,1.82,0.345,10.7,0
2025-10-06,SOUTHERN_OCEAN,-0.7,25.5,2.06,0.418,13.5,0
2025-10-07,SOUTHERN_OCEAN,-1.2,29.8,2.28,0.421,11.5,0
2025-10-08,SOUTHERN_OCEAN,-4.8,28.2,2.05,0.494,12.9,0
2025-10-09,SOUTHERN_OCEAN,-5.0,29.1,2.09,0.504,10.9,0
2025-10-10,SOUTHERN_OCEAN,-4.8,36.2,2.69,0.546,11.4,0
2025-10-11,SOUTHERN_OCEAN,-5.3,35.0,2.72,0.519,12.3,0
2025-10-12,SOUTHERN_OCEAN,-4.9,36.6,2.59,0.516,11.2,0
2025-10-13,SOUTHERN_OCEAN,-2.8,37.2,2.75,0.547,9.8,0
2025-10-14,SOUTHERN_OCEAN,-2.2,33.7,2.62,0.563,9.9,0
2025-10-15,SOUTHERN_OCEAN,-0.2,36.7,2.42,0.561,14.0,0
2025-10-16,SOUTHERN_OCEAN,-2.2,32.3,2.22,0.524,9.5,0
2025-10-17,SOUTHERN_OCEAN,-2.1,36.5,2.75,0.497,11.1,0
2025-10-18,SOUTHERN_OCEAN,-4.4,33.1,2.84,0.525,11.2,0
2025-10-19,SOUTHERN_OCEAN,-4.1,30.6,2.64,0.557,11.3,0
2025-10-20,SOUTHERN_OCEAN,-4.8,26.2,2.68,0.508,12.9,0
2025-10-21,SOUTHERN_OCEAN,-1.9,23.1,2.14,0.457,12.8,0
2025-10-22,SOUTHERN_OCEAN,-0.7,22.3,1.8,0.404,14.4,0
2025-10-23,SOUTHERN_OCEAN,1.3,14.3,1.41,0.425,16.5,0
2025-10-24,SOUTHERN_OCEAN,0.8,15.4,2.11,0.374,19.7,0
2025-10-25,SOUTHERN_OCEAN,-0.5,15.4,2.14,0.396,17.3,0
2025-10-26,SOUTHERN_OCEAN,-1.7,20.0,2.24,0.405,15.2,0
2025-10-27,SOUTHERN_OCEAN,-0.7,22.6,2.92,0.369,14.5,0
2025-10-28,SOUTHERN_OCEAN,2.5,20.7,2.6,0.421,17.0,0
2025-10-29,SOUTHERN_OCEAN,3.2,20.0,3.3,0.345,12.9,0
2025-10-30,SOUTHERN_OCEAN,2.5,20.2,2.9,0.402,14.1,0
2025-10-31,SOUTHERN_OCEAN,2.3,26.6,2.72,0.398,9.7,0
2025-11-01,SOUTHERN_OCEAN,2.3,23.7,2.48,0.299,14.2,0
2025-11-02,SOUTHERN_OCEAN,5.4,21.5,2.26,0.356,15.2,0
2025-11-03,SOUTHERN_OCEAN,6.9,18.2,1.81,0.382,13.4,0
2025-11-04,SOUTHERN_OCEAN,6.7,14.2,2.6,0.348,18.2,0
2025-11-05,SOUTHERN_OCEAN,6.4,17.1,2.73,0.296,14.1,0
2025-11-06,SOUTHERN_OCEAN,6.4,19.3,2.87,0.225,14.1,0
2025-11-07,SOUTHERN_OCEAN,6.6,25.0,2.84,0.319,13.2,0
2025-11-08,SOUTHERN_OCEAN,5.5,28.9,2.75,0.27,14.3,0
2025-11-09,SOUTHERN_OCEAN,4.0,37.1,3.51,0.212,8.3,0
2025-11-10,SOUTHERN_OCEAN,5.4,35.2,2.72,0.221,10.6,0
2025-11-11,SOUTHERN_OCEAN,5.2,32.9,2.24,0.151,11.9,0
2025-11-12,SOUTHERN_OCEAN,6.4,27.2,1.99,0.115,13.2,0
2025-11-13,SOUTHERN_OCEAN,8.5,29.5,2.71,0.161,12.6,0
2025-11-14,SOUTHERN_OCEAN,8.6,29.4,2.56,0.18,12.9,0
2025-11-15,SOUTHERN_OCEAN,8.4,31.2,2.82,0.163,10.4,0
2025-11-16,SOUTHERN_OCEAN,12.5,26.3,2.58,0.164,15.2,0
2025-11-17,SOUTHERN_OCEAN,11.6,27.5,3.09,0.145,12.1,0
2025-11-18,SOUTHERN_OCEAN,8.8,28.0,2.44,0.143,11.8,0
2025-11-19,SOUTHERN_OCEAN,7.7,28.1,2.74,0.113,14.1,0
2025-11-20,SOUTHERN_OCEAN,9.5,25.3,2.5,0.093,12.0,0
2025-11-21,SOUTHERN_OCEAN,6.8,29.6,3.04,0.073,12.2,0
2025-11-22,SOUTHERN_OCEAN,5.3,36.4,3.01,0.05,8.7,0
2025-11-23,SOUTHERN_OCEAN,6.8,30.7,2.74,0.1,15.2,0
2025-11-24,SOUTHERN_OCEAN,6.1,32.5,2.79,0.133,14.4,0
2025-11-25,SOUTHERN_OCEAN,5.7,21.1,1.87,0.095,13.9,0
2025-11-26,SOUTHERN_OCEAN,7.1,24.1,1.63,0.049,14.0,0
2025-11-27,SOUTHERN_OCEAN,5.7,17.5,1.25,0.05,15.1,0
2025-11-28,SOUTHERN_OCEAN,3.4,16.8,1.43,0.142,14.8,0
2025-11-29,SOUTHERN_OCEAN,1.5,13.3,1.1,0.097,16.5,0
2025-11-30,SOUTHERN_OCEAN,2.9,14.3,1.18,0.091,15.9,0
2025-12-01,SOUTHERN_OCEAN,3.6,18.9,0.88,0.096,12.4,0
2025-12-02,SOUTHERN_OCEAN,2.7,13.1,0.71,0.092,16.7,0
2025-12-03,SOUTHERN_OCEAN,1.3,13.6,1.33,0.073,16.1,0
2025-12-04,SOUTHERN_OCEAN,1.5,13.4,1.69,0.121,16.7,0
2025-12-05,SOUTHERN_OCEAN,3.7,20.8,2.06,0.136,14.1,0
2025-12-06,SOUTHERN_OCEAN,2.7,23.0,2.29,0.165,13.0,0
2025-12-07,SOUTHERN_OCEAN,2.1,19.0,1.81,0.18,16.0,0
2025-12-08,SOUTHERN_OCEAN,0.8,18.1,2.42,0.205,15.7,0
2025-12-09,SOUTHERN_OCEAN,0.9,24.7,3.43,0.256,15.2,0
2025-12-10,SOUTHERN_OCEAN,2.1,27.3,3.42,0.291,13.1,0
2025-12-11,SOUTHERN_OCEAN,5.7,23.6,3.99,0.361,13.1,0
2025-12-12,SOUTHERN_OCEAN,6.0,22.7,3.38,0.381,14.6,0
2025-12-13,SOUTHERN_OCEAN,5.9,22.1,2.7,0.322,10.8,0
2025-12-14,SOUTHERN_OCEAN,7.1,20.6,2.28,0.33,17.4,0
2025-12-15,SOUTHERN_OCEAN,7.9,15.0,1.91,0.332,16.2,0
2025-12-16,SOUTHERN_OCEAN,6.7,13.9,2.7,0.381,19.4,0
2025-12-17,SOUTHERN_OCEAN,10.0,20.5,2.77,0.31,13.0,0
2025-12-18,SOUTHERN_OCEAN,9.3,19.7,2.31,0.307,12.8,0
2025-12-19,SOUTHERN_OCEAN,9.1,20.0,1.98,0.254,14.9,0
2025-12-20,SOUTHERN_OCEAN,9.4,21.2,2.49,0.254,14.6,0
2025-12-21,SOUTHERN_OCEAN,9.4,29.6,3.22,0.225,12.2,0
2025-12-22,SOUTHERN_OCEAN,11.1,28.8,2.9,0.226,12.2,0
2025-12-23,SOUTHERN_OCEAN,9.5,32.1,2.34,0.152,10.1,0
2025-12-24,SOUTHERN_OCEAN,10.1,28.7,1.86,0.173,9.7,0
2025-12-25,SOUTHERN_OCEAN,9.7,27.1,2.55,0.168,12.8,0
2025-12-26,SOUTHERN_OCEAN,10.6,26.7,2.78,0.161,10.6,0
2025-12-27,SOUTHERN_OCEAN,9.6,23.5,2.6,0.227,11.3,0
2025-12-28,SOUTHERN_OCEAN,8.5,22.9,3.19,0.193,13.0,0
2025-12-29,SOUTHERN_OCEAN,9.2,26.2,3.9,0.192,13.3,0
2025-12-30,SOUTHERN_OCEAN,9.3,23.0,3.45,0.18,16.5,0
2025-12-31,SOUTHERN_OCEAN,7.5,23.2,3.23,0.174,15.0,0
2021-01-01,ANTARCTIC,-1.3,22.1,0.0,0.506,12.8,0
2021-01-02,ANTARCTIC,-0.8,27.3,0.0,0.473,14.0,0
2021-01-03,ANTARCTIC,-1.9,28.8,0.0,0.48,11.5,0
2021-01-04,ANTARCTIC,-0.4,29.1,0.0,0.47,12.3,0
2021-01-05,ANTARCTIC,0.9,37.1,0.0,0.519,9.4,0
2021-01-06,ANTARCTIC,1.5,30.1,0.0,0.473,13.2,0
2021-01-07,ANTARCTIC,0.6,27.4,0.0,0.467,9.4,0
2021-01-08,ANTARCTIC,0.8,25.3,0.0,0.479,13.4,0
2021-01-09,ANTARCTIC,2.6,28.1,0.0,0.495,10.3,0
2021-01-10,ANTARCTIC,2.8,23.6,0.0,0.501,14.0,0
2021-01-11,ANTARCTIC,0.0,26.1,0.0,0.404,12.5,0
2021-01-12,ANTARCTIC,-1.1,27.6,0.0,0.417,10.1,0
2021-01-13,ANTARCTIC,-2.1,29.7,0.0,0.419,12.2,0
2021-01-14,ANTARCTIC,-3.0,31.4,0.0,0.462,11.5,0
2021-01-15,ANTARCTIC,-5.9,35.5,0.0,0.494,9.7,0
2021-01-16,ANTARCTIC,-2.3,33.3,0.0,0.504,10.5,0
2021-01-17,ANTARCTIC,-3.5,33.5,0.0,0.517,10.9,0
2021-01-18,ANTARCTIC,-4.3,29.1,0.0,0.569,13.6,0
2021-01-19,ANTARCTIC,-6.7,24.6,0.0,0.609,12.6,0
2021-01-20,ANTARCTIC,-4.6,30.6,0.0,0.609,13.0,0
2021-01-21,ANTARCTIC,-4.2,26.4,0.0,0.684,12.6,0
2021-01-22,ANTARCTIC,-4.3,28.0,0.0,0.641,14.1,0
2021-01-23,ANTARCTIC,-4.3,29.1,0.0,0.581,11.5,0
2021-01-24,ANTARCTIC,-2.9,32.3,0.0,0.573,10.0,0
2021-01-25,ANTARCTIC,-3.4,24.8,0.0,0.551,11.4,0
2021-01-26,ANTARCTIC,-6.1,27.6,0.0,0.449,12.2,0
2021-01-27,ANTARCTIC,-7.3,26.6,0.0,0.429,11.4,0
2021-01-28,ANTARCTIC,-8.5,23.8,0.0,0.451,15.5,0
2021-01-29,ANTARCTIC,-7.0,22.6,0.0,0.455,12.4,0
2021-01-30,ANTARCTIC,-4.8,26.3,0.0,0.43,11.6,0
2021-01-31,ANTARCTIC,-2.2,28.3,0.0,0.44,12.9,0
2021-02-01,ANTARCTIC,-4.6,27.0,0.0,0.453,14.2,0
2021-02-02,ANTARCTIC,-3.2,22.2,0.0,0.489,14.9,0
2021-02-03,ANTARCTIC,-3.9,18.4,0.0,0.466,16.4,0
2021-02-04,ANTARCTIC,0.7,21.7,0.0,0.507,13.8,0
2021-02-05,ANTARCTIC,2.4,17.2,0.0,0.465,15.1,0
2021-02-06,ANTARCTIC,4.3,17.6,0.0,0.451,18.1,0
2021-02-07,ANTARCTIC,4.5,28.0,0.0,0.527,14.7,0
2021-02-08,ANTARCTIC,4.0,28.8,0.0,0.487,13.0,0
2021-02-09,ANTARCTIC,2.5,30.6,0.0,0.465,13.1,0
2021-02-10,ANTARCTIC,0.8,25.6,0.0,0.422,14.1,0
2021-02-11,ANTARCTIC,-0.9,20.7,0.0,0.401,12.4,0
2021-02-12,ANTARCTIC,-0.3,23.9,0.0,0.42,13.2,0
2021-02-13,ANTARCTIC,1.7,22.7,0.0,0.461,15.9,0
2021-02-14,ANTARCTIC,0.5,27.0,0.0,0.468,13.5,0
2021-02-15,ANTARCTIC,-1.2,26.9,0.0,0.463,12.4,0
2021-02-16,ANTARCTIC,-3.7,39.1,0.0,0.422,1.3,1
2021-02-17,ANTARCTIC,-3.3,35.0,0.0,0.406,10.8,0
2021-02-18,ANTARCTIC,-1.4,34.6,0.0,0.359,11.4,0
2021-02-19,ANTARCTIC,0.2,30.0,0.0,0.409,12.2,0
2021-02-20,ANTARCTIC,1.7,33.1,0.0,0.456,11.5,0
2021-02-21,ANTARCTIC,1.5,33.6,0.0,0.465,11.5,0
2021-02-22,ANTARCTIC,0.8,28.9,0.0,0.493,13.9,0
2021-02-23,ANTARCTIC,2.0,27.3,0.0,0.536,14.5,0
2021-02-24,ANTARCTIC,-0.6,32.0,0.0,0.543,10.4,0
2021-02-25,ANTARCTIC,-1.8,35.6,0.0,0.602,10.6,0
2021-02-26,ANTARCTIC,0.4,29.1,0.0,0.559,13.8,0
2021-02-27,ANTARCTIC,-2.0,26.9,0.0,0.547,12.3,0
2021-02-28,ANTARCTIC,-2.5,33.4,0.0,0.532,8.7,0
2021-03-01,ANTARCTIC,-1.9,31.7,0.0,0.563,9.8,0
2021-03-02,ANTARCTIC,-2.2,31.5,0.0,0.508,9.9,0
2021-03-03,ANTARCTIC,-0.9,34.4,0.0,0.575,9.7,0
2021-03-04,ANTARCTIC,0.7,28.4,0.0,0.599,10.9,0
2021-03-05,ANTARCTIC,0.5,24.8,0.0,0.669,14.6,0
2021-03-06,ANTARCTIC,1.6,23.9,0.0,0.661,12.9,0
2021-03-07,ANTARCTIC,-0.9,28.6,0.0,0.633,13.9,0
2021-03-08,ANTARCTIC,-1.9,32.0,0.0,0.657,9.4,0
2021-03-09,ANTARCTIC,1.1,33.8,0.0,0.694,10.0,0
2021-03-10,ANTARCTIC,2.9,32.2,0.0,0.658,11.1,0
2021-03-11,ANTARCTIC,-0.4,35.5,0.0,0.574,11.3,0
2021-03-12,ANTARCTIC,-1.4,33.7,0.0,0.506,12.3,0
2021-03-13,ANTARCTIC,-2.0,34.7,0.0,0.528,9.5,0
2021-03-14,ANTARCTIC,-2.1,36.9,0.0,0.6,11.2,0
2021-03-15,ANTARCTIC,-0.9,41.5,0.0,0.551,0.1,1
2021-03-16,ANTARCTIC,0.9,39.2,0.0,0.549,0.3,1
2021-03-17,ANTARCTIC,-0.3,36.1,0.0,0.544,7.9,0
2021-03-18,ANTARCTIC,0.3,39.5,0.0,0.631,9.6,0
2021-03-19,ANTARCTIC,0.0,42.6,0.0,0.723,9.8,0
2021-03-20,ANTARCTIC,-1.2,38.4,0.0,0.732,0.6,1
2021-03-21,ANTARCTIC,-4.8,32.8,0.0,0.761,8.4,0
2021-03-22,ANTARCTIC,-3.8,36.4,0.0,0.785,9.1,0
2021-03-23,ANTARCTIC,-3.6,29.2,0.0,0.722,12.9,0
2021-03-24,ANTARCTIC,-3.8,22.9,0.0,0.744,14.6,0
2021-03-25,ANTARCTIC,-6.0,22.7,0.0,0.696,14.0,0
2021-03-26,ANTARCTIC,-3.5,23.5,0.0,0.687,10.1,0
2021-03-27,ANTARCTIC,-4.2,20.1,0.0,0.731,16.2,0
2021-03-28,ANTARCTIC,-6.7,21.7,0.0,0.729,16.0,0
2021-03-29,ANTARCTIC,-9.1,23.3,0.0,0.769,13.7,0
2021-03-30,ANTARCTIC,-8.2,22.0,0.0,0.813,14.2,0
2021-03-31,ANTARCTIC,-7.4,29.9,0.0,0.73,12.4,0
2021-04-01,ANTARCTIC,-8.5,30.9,0.0,0.64,13.5,0
2021-04-02,ANTARCTIC,-8.1,34.3,0.0,0.692,10.8,0
2021-04-03,ANTARCTIC,-7.4,27.8,0.0,0.742,11.9,0
2021-04-04,ANTARCTIC,-7.7,22.4,0.0,0.748,14.3,0
2021-04-05,ANTARCTIC,-9.3,24.6,0.0,0.76,13.1,0
2021-04-06,ANTARCTIC,-8.1,31.6,0.0,0.792,11.2,0
2021-04-07,ANTARCTIC,-7.3,27.2,0.0,0.819,9.7,0
2021-04-08,ANTARCTIC,-7.1,27.7,0.0,0.797,13.0,0
2021-04-09,ANTARCTIC,-9.0,23.1,0.0,0.829,15.3,0
2021-04-10,ANTARCTIC,-11.5,21.1,0.0,0.805,15.6,0
2021-04-11,ANTARCTIC,-11.4,22.7,0.0,0.807,15.1,0
2021-04-12,ANTARCTIC,-10.2,21.6,0.0,0.809,13.9,0
2021-04-13,ANTARCTIC,-9.0,17.7,0.0,0.767,15.3,0
2021-04-14,ANTARCTIC,-8.6,14.4,0.0,0.736,17.8,0
2021-04-15,ANTARCTIC,-9.9,9.5,0.0,0.826,18.6,0
2021-04-16,ANTARCTIC,-11.6,13.9,0.0,0.783,18.3,0
2021-04-17,ANTARCTIC,-11.9,18.1,0.0,0.795,13.9,0
2021-04-18,ANTARCTIC,-12.1,21.7,0.0,0.815,12.9,0
2021-04-19,ANTARCTIC,-10.7,19.3,0.0,0.808,14.1,0
2021-04-20,ANTARCTIC,-11.9,24.2,0.0,0.831,11.8,0
2021-04-21,ANTARCTIC,-12.8,27.3,0.0,0.838,10.4,0
2021-04-22,ANTARCTIC,-9.9,27.4,0.0,0.797,13.0,0
2021-04-23,ANTARCTIC,-8.2,27.0,0.0,0.817,13.0,0
2021-04-24,ANTARCTIC,-10.5,24.8,0.0,0.792,13.4,0
2021-04-25,ANTARCTIC,-8.9,26.0,0.0,0.861,13.2,0
2021-04-26,ANTARCTIC,-11.5,32.2,0.0,0.871,8.8,0
2021-04-27,ANTARCTIC,-12.7,35.7,0.0,0.835,9.3,0
2021-04-28,ANTARCTIC,-13.6,33.7,0.0,0.845,10.1,0
2021-04-29,ANTARCTIC,-14.0,34.9,0.0,0.804,10.3,0
2021-04-30,ANTARCTIC,-13.3,30.0,0.0,0.814,9.4,0
2021-05-01,ANTARCTIC,-13.5,32.4,0.0,0.805,9.5,0
2021-05-02,ANTARCTIC,-12.9,28.9,0.0,0.772,11.3,0
2021-05-03,ANTARCTIC,-14.0,31.4,0.0,0.743,12.8,0
2021-05-04,ANTARCTIC,-13.8,41.7,0.0,0.848,0.1,1
2021-05-05,ANTARCTIC,-14.1,37.7,0.0,0.849,11.0,0
2021-05-06,ANTARCTIC,-16.6,47.0,0.0,0.829,6.7,0
2021-05-07,ANTARCTIC,-15.9,46.1,0.0,0.805,0.1,1
2021-05-08,ANTARCTIC,-15.9,40.9,0.0,0.827,0.1,1
2021-05-09,ANTARCTIC,-17.2,36.3,0.0,0.802,9.6,0
2021-05-10,ANTARCTIC,-17.8,43.8,0.0,0.762,0.1,1
2021-05-11,ANTARCTIC,-18.4,43.4,0.0,0.769,5.6,0
2021-05-12,ANTARCTIC,-18.7,39.3,0.0,0.775,0.1,1
2021-05-13,ANTARCTIC,-15.9,37.1,0.0,0.765,10.9,0
2021-05-14,ANTARCTIC,-13.1,37.6,0.0,0.738,11.4,0
2021-05-15,ANTARCTIC,-17.9,36.4,0.0,0.734,8.7,0
2021-05-16,ANTARCTIC,-17.3,36.6,0.0,0.728,7.1,0
2021-05-17,ANTARCTIC,-16.0,42.0,0.0,0.717,0.1,1
2021-05-18,ANTARCTIC,-16.7,36.2,0.0,0.743,10.0,0
2021-05-19,ANTARCTIC,-15.6,37.6,0.0,0.844,7.5,0
2021-05-20,ANTARCTIC,-13.7,36.2,0.0,0.9,5.2,0
2021-05-21,ANTARCTIC,-16.5,33.5,0.0,0.975,9.2,0
2021-05-22,ANTARCTIC,-16.7,36.9,0.0,0.942,9.0,0
2021-05-23,ANTARCTIC,-14.2,30.6,0.0,1.0,9.7,0
2021-05-24,ANTARCTIC,-16.9,22.1,0.0,0.999,14.9,0
2021-05-25,ANTARCTIC,-17.4,24.2,0.0,1.0,12.0,0
2021-05-26,ANTARCTIC,-18.5,24.6,0.0,1.0,13.1,0
2021-05-27,ANTARCTIC,-17.1,20.6,0.0,1.0,17.8,0
2021-05-28,ANTARCTIC,-15.8,16.0,0.0,1.0,15.7,0
2021-05-29,ANTARCTIC,-16.2,25.1,0.0,1.0,12.8,0
2021-05-30,ANTARCTIC,-16.8,27.7,0.0,0.944,12.1,0
2021-05-31,ANTARCTIC,-19.9,28.2,0.0,0.934,13.1,0
2021-06-01,ANTARCTIC,-17.9,36.5,0.0,0.966,10.6,0
2021-06-02,ANTARCTIC,-18.8,39.4,0.0,0.97,0.1,1
2021-06-03,ANTARCTIC,-19.3,44.5,0.0,0.983,0.1,1
2021-06-04,ANTARCTIC,-18.1,38.2,0.0,0.945,8.3,0
2021-06-05,ANTARCTIC,-18.2,32.8,0.0,0.952,10.4,0
2021-06-06,ANTARCTIC,-17.2,34.7,0.0,0.944,13.0,0
2021-06-07,ANTARCTIC,-16.9,35.7,0.0,0.932,10.9,0
2021-06-08,ANTARCTIC,-17.2,39.5,0.0,0.903,8.8,0
2021-06-09,ANTARCTIC,-17.4,32.4,0.0,0.941,12.8,0
2021-06-10,ANTARCTIC,-19.7,34.8,0.0,0.953,10.5,0
2021-06-11,ANTARCTIC,-20.2,37.8,0.0,0.959,6.9,0
2021-06-12,ANTARCTIC,-18.8,40.3,0.0,1.0,1.2,1
2021-06-13,ANTARCTIC,-20.6,37.5,0.0,1.0,9.3,0
2021-06-14,ANTARCTIC,-21.9,38.4,0.0,1.0,0.1,1
2021-06-15,ANTARCTIC,-23.2,34.6,0.0,1.0,7.9,0
2021-06-16,ANTARCTIC,-22.8,33.1,0.0,1.0,12.4,0
2021-06-17,ANTARCTIC,-20.6,29.1,0.0,0.993,9.5,0
2021-06-18,ANTARCTIC,-20.0,26.8,0.0,0.997,14.5,0
2021-06-19,ANTARCTIC,-23.6,26.6,0.0,0.884,12.7,0
2021-06-20,ANTARCTIC,-22.5,25.6,0.0,0.899,13.9,0
2021-06-21,ANTARCTIC,-23.1,23.8,0.0,0.916,12.9,0
2021-06-22,ANTARCTIC,-22.3,20.3,0.0,0.909,15.1,0
2021-06-23,ANTARCTIC,-22.5,29.1,0.0,0.908,12.3,0
2021-06-24,ANTARCTIC,-23.8,27.7,0.0,0.861,12.2,0
2021-06-25,ANTARCTIC,-23.8,29.5,0.0,0.924,10.1,0
2021-06-26,ANTARCTIC,-24.3,23.5,0.0,0.912,13.9,0
2021-06-27,ANTARCTIC,-23.6,29.7,0.0,0.876,9.0,0
2021-06-28,ANTARCTIC,-24.8,30.6,0.0,0.904,12.8,0
2021-06-29,ANTARCTIC,-26.2,29.2,0.0,0.912,12.1,0
2021-06-30,ANTARCTIC,-24.6,28.1,0.0,0.9,12.8,0
2021-07-01,ANTARCTIC,-22.7,31.8,0.0,0.886,7.2,0
2021-07-02,ANTARCTIC,-21.8,21.2,0.0,0.891,12.4,0
2021-07-03,ANTARCTIC,-23.0,19.8,0.0,0.95,13.7,0
2021-07-04,ANTARCTIC,-24.1,21.2,0.0,0.968,15.1,0
2021-07-05,ANTARCTIC,-25.0,22.4,0.0,0.964,12.3,0
2021-07-06,ANTARCTIC,-23.3,32.8,0.0,0.996,14.6,0
2021-07-07,ANTARCTIC,-24.5,31.5,0.0,0.992,10.8,0
2021-07-08,ANTARCTIC,-23.0,35.1,0.0,1.0,8.6,0
2021-07-09,ANTARCTIC,-22.0,41.2,0.0,1.0,8.2,0
2021-07-10,ANTARCTIC,-20.3,42.2,0.0,1.0,0.1,1
2021-07-11,ANTARCTIC,-19.1,38.3,0.0,0.995,0.1,1
2021-07-12,ANTARCTIC,-18.9,32.7,0.0,0.944,12.4,0
2021-07-13,ANTARCTIC,-21.7,35.3,0.0,0.98,10.9,0
2021-07-14,ANTARCTIC,-21.0,40.7,0.0,1.0,0.1,1
2021-07-15,ANTARCTIC,-21.1,41.4,0.0,0.983,10.3,0
2021-07-16,ANTARCTIC,-22.0,44.4,0.0,0.986,8.3,0
2021-07-17,ANTARCTIC,-20.1,51.9,0.0,0.964,0.1,1
2021-07-18,ANTARCTIC,-20.8,51.9,0.0,0.997,0.1,1
2021-07-19,ANTARCTIC,-21.9,45.0,0.0,1.0,0.1,1
2021-07-20,ANTARCTIC,-20.4,43.2,0.0,1.0,0.1,1
2021-07-21,ANTARCTIC,-21.3,46.4,0.0,1.0,0.1,1
2021-07-22,ANTARCTIC,-22.4,43.4,0.0,1.0,0.1,1
2021-07-23,ANTARCTIC,-24.2,47.1,0.0,1.0,4.1,0
2021-07-24,ANTARCTIC,-25.2,44.6,0.0,1.0,6.1,0
2021-07-25,ANTARCTIC,-25.9,43.9,0.0,1.0,0.1,1
2021-07-26,ANTARCTIC,-24.5,40.8,0.0,1.0,7.7,0
2021-07-27,ANTARCTIC,-25.8,40.0,0.0,1.0,10.5,0
2021-07-28,ANTARCTIC,-28.1,39.6,0.0,1.0,0.9,1
2021-07-29,ANTARCTIC,-26.8,32.6,0.0,1.0,9.2,0
2021-07-30,ANTARCTIC,-27.1,30.9,0.0,1.0,11.4,0
2021-07-31,ANTARCTIC,-26.4,26.6,0.0,1.0,14.9,0
2021-08-01,ANTARCTIC,-23.9,25.9,0.0,0.96,12.6,0
2021-08-02,ANTARCTIC,-23.5,23.9,0.0,0.991,12.7,0
2021-08-03,ANTARCTIC,-21.1,28.7,0.0,1.0,13.3,0
2021-08-04,ANTARCTIC,-21.3,32.8,0.0,0.99,10.4,0
2021-08-05,ANTARCTIC,-19.9,34.6,0.0,1.0,12.2,0
2021-08-06,ANTARCTIC,-21.0,29.6,0.0,0.95,10.8,0
2021-08-07,ANTARCTIC,-21.0,29.5,0.0,0.947,11.0,0
2021-08-08,ANTARCTIC,-22.5,25.0,0.0,0.938,14.2,0
2021-08-09,ANTARCTIC,-23.6,25.4,0.0,0.939,13.0,0
2021-08-10,ANTARCTIC,-23.7,28.6,0.0,0.939,12.1,0
2021-08-11,ANTARCTIC,-25.3,32.6,0.0,0.933,8.0,0
2021-08-12,ANTARCTIC,-24.5,34.1,0.0,0.914,9.9,0
2021-08-13,ANTARCTIC,-24.5,38.2,0.0,0.908,10.6,0
2021-08-14,ANTARCTIC,-23.6,38.1,0.0,0.962,8.2,0
2021-08-15,ANTARCTIC,-25.2,36.2,0.0,0.932,10.9,0
2021-08-16,ANTARCTIC,-23.5,38.6,0.0,1.0,0.1,1
2021-08-17,ANTARCTIC,-20.6,40.7,0.0,0.98,8.3,0
2021-08-18,ANTARCTIC,-18.4,37.4,0.0,0.981,11.6,0
2021-08-19,ANTARCTIC,-15.9,37.8,0.0,0.994,8.9,0
2021-08-20,ANTARCTIC,-16.5,35.7,0.0,0.971,9.6,0
2021-08-21,ANTARCTIC,-17.6,27.7,0.0,1.0,11.9,0
2021-08-22,ANTARCTIC,-17.3,29.8,0.0,1.0,11.8,0
2021-08-23,ANTARCTIC,-18.1,25.2,0.0,1.0,14.1,0
2021-08-24,ANTARCTIC,-21.0,27.2,0.0,1.0,10.2,0
2021-08-25,ANTARCTIC,-19.6,22.2,0.0,0.986,15.1,0
2021-08-26,ANTARCTIC,-20.0,20.9,0.0,0.952,14.3,0
2021-08-27,ANTARCTIC,-22.1,20.7,0.0,0.965,15.0,0
2021-08-28,ANTARCTIC,-22.5,26.5,0.0,0.987,16.2,0
2021-08-29,ANTARCTIC,-22.3,25.2,0.0,0.987,12.2,0
2021-08-30,ANTARCTIC,-21.8,22.1,0.0,0.969,12.0,0
2021-08-31,ANTARCTIC,-21.4,24.6,0.0,0.947,13.4,0
2021-09-01,ANTARCTIC,-19.0,24.6,0.0,0.982,13.6,0
2021-09-02,ANTARCTIC,-20.9,28.3,0.0,0.978,13.4,0
2021-09-03,ANTARCTIC,-20.7,24.9,0.0,0.93,12.2,0
2021-09-04,ANTARCTIC,-21.7,26.4,0.0,0.884,11.4,0
2021-09-05,ANTARCTIC,-19.3,35.8,0.0,0.939,7.7,0
2021-09-06,ANTARCTIC,-20.0,34.1,0.0,0.9,8.4,0
2021-09-07,ANTARCTIC,-20.2,34.1,0.0,0.904,9.8,0
2021-09-08,ANTARCTIC,-18.3,27.4,0.0,0.95,12.1,0
2021-09-09,ANTARCTIC,-16.2,24.7,0.0,0.959,16.2,0
2021-09-10,ANTARCTIC,-14.2,27.1,0.0,0.915,9.9,0
2021-09-11,ANTARCTIC,-17.1,26.2,0.0,0.864,13.2,0
2021-09-12,ANTARCTIC,-16.4,28.9,0.0,0.934,10.8,0
2021-09-13,ANTARCTIC,-16.1,30.5,0.0,0.88,11.8,0
2021-09-14,ANTARCTIC,-16.3,25.5,0.0,0.85,12.0,0
2021-09-15,ANTARCTIC,-16.2,29.7,0.0,0.86,13.2,0
2021-09-16,ANTARCTIC,-14.3,25.2,0.0,0.845,14.5,0
2021-09-17,ANTARCTIC,-13.1,23.0,0.0,0.863,13.4,0
2021-09-18,ANTARCTIC,-12.2,24.7,0.0,0.797,15.2,0
2021-09-19,ANTARCTIC,-12.4,30.9,0.0,0.788,12.5,0
2021-09-20,ANTARCTIC,-9.5,27.0,0.0,0.815,14.5,0
2021-09-21,ANTARCTIC,-11.0,27.8,0.0,0.838,12.2,0
2021-09-22,ANTARCTIC,-14.1,28.4,0.0,0.809,13.5,0
2021-09-23,ANTARCTIC,-14.7,30.8,0.0,0.765,10.2,0
2021-09-24,ANTARCTIC,-14.6,34.7,0.0,0.774,9.0,0
2021-09-25,ANTARCTIC,-12.7,32.3,0.0,0.72,14.2,0
2021-09-26,ANTARCTIC,-13.8,35.3,0.0,0.776,8.5,0
2021-09-27,ANTARCTIC,-13.1,39.0,0.0,0.78,0.1,1
2021-09-28,ANTARCTIC,-15.5,43.8,0.0,0.75,0.1,1
2021-09-29,ANTARCTIC,-13.7,43.2,0.0,0.708,0.1,1
2021-09-30,ANTARCTIC,-13.6,41.5,0.0,0.686,0.1,1
2021-10-01,ANTARCTIC,-14.1,37.7,0.0,0.629,8.4,0
2021-10-02,ANTARCTIC,-10.8,31.0,0.0,0.66,11.8,0
2021-10-03,ANTARCTIC,-9.6,29.5,0.0,0.635,12.6,0
2021-10-04,ANTARCTIC,-11.7,29.6,0.0,0.661,10.2,0
2021-10-05,ANTARCTIC,-12.0,28.9,0.0,0.689,10.7,0
2021-10-06,ANTARCTIC,-8.0,30.8,0.0,0.731,13.0,0
2021-10-07,ANTARCTIC,-5.7,25.0,0.0,0.74,15.5,0
2021-10-08,ANTARCTIC,-5.4,24.7,0.0,0.783,15.0,0
2021-10-09,ANTARCTIC,-9.2,32.2,0.0,0.831,8.5,0
2021-10-10,ANTARCTIC,-7.6,35.0,0.0,0.829,12.0,0
2021-10-11,ANTARCTIC,-9.2,36.0,0.0,0.829,12.7,0
2021-10-12,ANTARCTIC,-7.6,36.1,0.0,0.794,7.4,0
2021-10-13,ANTARCTIC,-9.2,33.4,0.0,0.745,12.3,0
2021-10-14,ANTARCTIC,-8.8,26.0,0.0,0.791,13.0,0
2021-10-15,ANTARCTIC,-10.1,27.8,0.0,0.805,11.7,0
2021-10-16,ANTARCTIC,-10.8,18.8,0.0,0.82,14.9,0
2021-10-17,ANTARCTIC,-9.8,18.7,0.0,0.783,15.4,0
2021-10-18,ANTARCTIC,-11.9,19.9,0.0,0.837,16.2,0
2021-10-19,ANTARCTIC,-8.1,19.2,0.0,0.812,16.3,0
2021-10-20,ANTARCTIC,-9.9,28.1,0.0,0.765,9.9,0
2021-10-21,ANTARCTIC,-11.6,34.3,0.0,0.733,9.4,0
2021-10-22,ANTARCTIC,-10.4,36.8,0.0,0.788,9.8,0
2021-10-23,ANTARCTIC,-8.3,31.8,0.0,0.731,13.4,0
2021-10-24,ANTARCTIC,-8.9,37.8,0.0,0.693,5.3,0
2021-10-25,ANTARCTIC,-10.6,38.3,0.0,0.805,8.4,0
2021-10-26,ANTARCTIC,-11.7,33.0,0.0,0.827,8.5,0
2021-10-27,ANTARCTIC,-12.8,32.0,0.0,0.779,9.0,0
2021-10-28,ANTARCTIC,-11.8,34.5,0.0,0.722,11.8,0
2021-10-29,ANTARCTIC,-11.4,30.9,0.0,0.647,10.5,0
2021-10-30,ANTARCTIC,-10.3,30.6,0.0,0.649,7.9,0
2021-10-31,ANTARCTIC,-9.4,30.9,0.0,0.677,11.1,0
2021-11-01,ANTARCTIC,-7.9,26.1,0.0,0.732,15.7,0
2021-11-02,ANTARCTIC,-8.5,25.0,0.0,0.646,10.3,0
2021-11-03,ANTARCTIC,-9.5,21.3,0.0,0.59,14.8,0
2021-11-04,ANTARCTIC,-8.9,25.0,0.0,0.588,15.4,0
2021-11-05,ANTARCTIC,-8.8,21.7,0.0,0.702,13.9,0
2021-11-06,ANTARCTIC,-8.1,23.2,0.0,0.728,16.4,0
2021-11-07,ANTARCTIC,-9.0,18.4,0.0,0.731,13.9,0
2021-11-08,ANTARCTIC,-7.7,15.3,0.0,0.669,17.9,0
2021-11-09,ANTARCTIC,-9.3,12.4,0.0,0.577,18.3,0
2021-11-10,ANTARCTIC,-9.5,13.2,0.0,0.581,16.3,0
2021-11-11,ANTARCTIC,-7.3,15.5,0.0,0.578,13.4,0
2021-11-12,ANTARCTIC,-8.8,18.1,0.0,0.568,13.4,0
2021-11-13,ANTARCTIC,-6.8,12.7,0.0,0.555,12.9,0
2021-11-14,ANTARCTIC,-8.8,13.8,0.0,0.528,17.0,0
2021-11-15,ANTARCTIC,-10.7,12.6,0.0,0.494,17.2,0
2021-11-16,ANTARCTIC,-12.1,16.3,0.0,0.558,15.6,0
2021-11-17,ANTARCTIC,-10.9,16.4,0.0,0.524,15.2,0
2021-11-18,ANTARCTIC,-9.0,17.3,0.0,0.518,17.2,0
2021-11-19,ANTARCTIC,-6.4,15.6,0.0,0.522,16.1,0
2021-11-20,ANTARCTIC,-4.4,23.0,0.0,0.554,12.7,0
2021-11-21,ANTARCTIC,-3.1,18.5,0.0,0.521,15.0,0
2021-11-22,ANTARCTIC,-4.6,17.8,0.0,0.564,18.1,0
2021-11-23,ANTARCTIC,-5.8,19.1,0.0,0.541,15.6,0
2021-11-24,ANTARCTIC,-4.4,18.8,0.0,0.536,14.1,0
2021-11-25,ANTARCTIC,-2.2,16.8,0.0,0.603,15.2,0
2021-11-26,ANTARCTIC,-4.1,11.2,0.0,0.559,17.6,0
2021-11-27,ANTARCTIC,-2.1,10.6,0.0,0.587,16.4,0
2021-11-28,ANTARCTIC,-5.2,9.0,0.0,0.623,16.7,0
2021-11-29,ANTARCTIC,-4.4,17.2,0.0,0.627,15.2,0
2021-11-30,ANTARCTIC,-4.4,26.2,0.0,0.614,14.9,0
2021-12-01,ANTARCTIC,-4.6,25.6,0.0,0.691,14.0,0
2021-12-02,ANTARCTIC,-4.3,20.1,0.0,0.675,13.7,0
2021-12-03,ANTARCTIC,-5.4,23.2,0.0,0.669,14.8,0
2021-12-04,ANTARCTIC,-4.4,19.6,0.0,0.642,14.5,0
2021-12-05,ANTARCTIC,-4.1,18.1,0.0,0.637,15.4,0
2021-12-06,ANTARCTIC,-2.5,16.6,0.0,0.665,15.7,0
2021-12-07,ANTARCTIC,-0.1,15.7,0.0,0.64,12.4,0
2021-12-08,ANTARCTIC,-0.3,15.5,0.0,0.544,11.1,0
2021-12-09,ANTARCTIC,-1.9,11.8,0.0,0.562,17.0,0
2021-12-10,ANTARCTIC,-3.7,10.9,0.0,0.515,15.7,0
2021-12-11,ANTARCTIC,-0.9,16.4,0.0,0.545,13.0,0
2021-12-12,ANTARCTIC,1.2,17.2,0.0,0.542,14.0,0
2021-12-13,ANTARCTIC,2.1,18.4,0.0,0.577,16.2,0
2021-12-14,ANTARCTIC,1.5,11.0,0.0,0.533,17.5,0
2021-12-15,ANTARCTIC,2.2,16.1,0.0,0.51,16.6,0
2021-12-16,ANTARCTIC,3.6,14.6,0.0,0.496,16.6,0
2021-12-17,ANTARCTIC,1.8,19.8,0.0,0.438,13.1,0
2021-12-18,ANTARCTIC,1.3,20.7,0.0,0.49,15.4,0
2021-12-19,ANTARCTIC,-0.8,19.0,0.0,0.427,15.6,0
2021-12-20,ANTARCTIC,-1.1,13.4,0.0,0.479,16.1,0
2021-12-21,ANTARCTIC,1.2,22.6,0.0,0.498,13.8,0
2021-12-22,ANTARCTIC,2.4,25.4,0.0,0.491,14.1,0
2021-12-23,ANTARCTIC,2.0,28.0,0.0,0.506,11.0,0
2021-12-24,ANTARCTIC,-2.5,33.7,0.0,0.518,12.2,0
2021-12-25,ANTARCTIC,-3.3,32.8,0.0,0.501,11.7,0
2021-12-26,ANTARCTIC,-2.9,36.0,0.0,0.513,9.9,0
2021-12-27,ANTARCTIC,-3.0,32.2,0.0,0.541,13.3,0
2021-12-28,ANTARCTIC,-2.6,33.4,0.0,0.499,8.7,0
2021-12-29,ANTARCTIC,-2.1,29.4,0.0,0.513,11.1,0
2021-12-30,ANTARCTIC,-2.7,26.5,0.0,0.406,11.6,0
2021-12-31,ANTARCTIC,-2.5,26.2,0.0,0.338,13.2,0
2022-01-01,ANTARCTIC,-2.5,21.0,0.0,0.377,15.9,0
2022-01-02,ANTARCTIC,-3.3,22.3,0.0,0.372,12.3,0
2022-01-03,ANTARCTIC,-0.2,21.2,0.0,0.351,19.0,0
2022-01-04,ANTARCTIC,-1.0,14.1,0.0,0.363,15.1,0
2022-01-05,ANTARCTIC,-4.4,13.7,0.0,0.361,16.7,0
2022-01-06,ANTARCTIC,-1.2,13.7,0.0,0.335,16.2,0
2022-01-07,ANTARCTIC,-2.4,18.0,0.0,0.285,15.0,0
2022-01-08,ANTARCTIC,-0.9,19.6,0.0,0.228,13.3,0
2022-01-09,ANTARCTIC,-1.9,25.2,0.0,0.284,14.6,0
2022-01-10,ANTARCTIC,-0.9,26.6,0.0,0.289,11.3,0
2022-01-11,ANTARCTIC,-1.0,23.9,0.0,0.349,10.7,0
2022-01-12,ANTARCTIC,0.5,23.4,0.0,0.346,11.8,0
2022-01-13,ANTARCTIC,-0.0,21.9,0.0,0.376,16.0,0
2022-01-14,ANTARCTIC,-1.1,23.7,0.0,0.383,15.2,0
2022-01-15,ANTARCTIC,-0.7,23.6,0.0,0.396,10.4,0
2022-01-16,ANTARCTIC,-1.4,21.1,0.0,0.411,15.3,0
2022-01-17,ANTARCTIC,-4.2,21.3,0.0,0.402,11.1,0
2022-01-18,ANTARCTIC,-4.6,23.1,0.0,0.363,13.5,0
2022-01-19,ANTARCTIC,0.2,19.3,0.0,0.407,12.8,0
2022-01-20,ANTARCTIC,-2.7,20.8,0.0,0.481,15.5,0
2022-01-21,ANTARCTIC,-2.1,15.3,0.0,0.549,16.5,0
2022-01-22,ANTARCTIC,-2.4,20.3,0.0,0.523,15.8,0
2022-01-23,ANTARCTIC,0.6,22.5,0.0,0.492,13.3,0
2022-01-24,ANTARCTIC,-1.4,28.3,0.0,0.471,11.8,0
2022-01-25,ANTARCTIC,-1.2,23.4,0.0,0.468,11.2,0
2022-01-26,ANTARCTIC,-0.2,27.3,0.0,0.47,10.8,0
2022-01-27,ANTARCTIC,-0.7,29.9,0.0,0.434,13.1,0
2022-01-28,ANTARCTIC,-1.9,28.1,0.0,0.383,12.7,0
2022-01-29,ANTARCTIC,-1.9,25.8,0.0,0.398,12.9,0
2022-01-30,ANTARCTIC,-2.3,21.4,0.0,0.269,15.9,0
2022-01-31,ANTARCTIC,-2.7,16.7,0.0,0.289,13.4,0
2022-02-01,ANTARCTIC,-1.2,14.8,0.0,0.275,16.9,0
2022-02-02,ANTARCTIC,-0.7,11.5,0.0,0.33,15.0,0
2022-02-03,ANTARCTIC,-0.0,18.8,0.0,0.392,16.9,0
2022-02-04,ANTARCTIC,0.2,14.0,0.0,0.448,16.9,0
2022-02-05,ANTARCTIC,1.3,15.8,0.0,0.442,17.0,0
2022-02-06,ANTARCTIC,2.7,18.4,0.0,0.405,13.8,0
2022-02-07,ANTARCTIC,1.5,20.3,0.0,0.385,17.6,0
2022-02-08,ANTARCTIC,2.2,22.2,0.0,0.411,16.8,0
2022-02-09,ANTARCTIC,-0.5,25.7,0.0,0.357,13.4,0
2022-02-10,ANTARCTIC,-4.1,23.7,0.0,0.431,15.1,0
2022-02-11,ANTARCTIC,-1.2,23.8,0.0,0.429,12.9,0
2022-02-12,ANTARCTIC,-1.9,22.6,0.0,0.46,11.8,0
2022-02-13,ANTARCTIC,-1.7,27.3,0.0,0.397,13.5,0
2022-02-14,ANTARCTIC,-3.7,34.2,0.0,0.375,9.0,0
2022-02-15,ANTARCTIC,-5.5,28.2,0.0,0.316,14.1,0
2022-02-16,ANTARCTIC,-6.2,20.1,0.0,0.38,15.9,0
2022-02-17,ANTARCTIC,-4.8,22.6,0.0,0.391,14.0,0
2022-02-18,ANTARCTIC,-5.4,26.5,0.0,0.43,12.8,0
2022-02-19,ANTARCTIC,-5.6,33.1,0.0,0.445,12.2,0
2022-02-20,ANTARCTIC,-6.4,34.3,0.0,0.476,10.8,0
2022-02-21,ANTARCTIC,-4.3,37.6,0.0,0.471,8.9,0
2022-02-22,ANTARCTIC,-2.9,41.5,0.0,0.472,0.1,1
2022-02-23,ANTARCTIC,-3.8,44.0,0.0,0.478,9.1,0
2022-02-24,ANTARCTIC,-2.9,44.1,0.0,0.504,8.2,0
2022-02-25,ANTARCTIC,-3.4,36.4,0.0,0.528,13.9,0
2022-02-26,ANTARCTIC,-4.1,34.4,0.0,0.646,10.2,0
2022-02-27,ANTARCTIC,-4.2,33.9,0.0,0.706,11.0,0
2022-02-28,ANTARCTIC,-3.4,32.0,0.0,0.623,11.5,0
2022-03-01,ANTARCTIC,-4.9,30.6,0.0,0.613,12.4,0
2022-03-02,ANTARCTIC,-4.2,35.3,0.0,0.595,8.7,0
2022-03-03,ANTARCTIC,-0.6,30.8,0.0,0.646,11.3,0
2022-03-04,ANTARCTIC,-1.0,32.7,0.0,0.628,12.1,0
2022-03-05,ANTARCTIC,-1.6,32.5,0.0,0.644,10.4,0
2022-03-06,ANTARCTIC,-2.4,28.2,0.0,0.546,13.3,0
2022-03-07,ANTARCTIC,-2.2,23.7,0.0,0.492,13.5,0
2022-03-08,ANTARCTIC,-5.1,17.7,0.0,0.587,15.7,0
2022-03-09,ANTARCTIC,-2.7,20.4,0.0,0.592,16.0,0
2022-03-10,ANTARCTIC,-1.8,20.8,0.0,0.554,13.8,0
2022-03-11,ANTARCTIC,-3.5,18.4,0.0,0.57,12.7,0
2022-03-12,ANTARCTIC,-3.9,12.5,0.0,0.533,16.1,0
2022-03-13,ANTARCTIC,-5.2,15.9,0.0,0.531,14.3,0
2022-03-14,ANTARCTIC,-5.0,16.6,0.0,0.483,12.2,0
2022-03-15,ANTARCTIC,-5.2,15.3,0.0,0.466,15.6,0
2022-03-16,ANTARCTIC,-5.2,13.2,0.0,0.467,16.6,0
2022-03-17,ANTARCTIC,-7.1,14.1,0.0,0.529,17.6,0
2022-03-18,ANTARCTIC,-7.9,17.4,0.0,0.559,13.4,0
2022-03-19,ANTARCTIC,-6.1,17.4,0.0,0.593,15.3,0
2022-03-20,ANTARCTIC,-7.2,14.3,0.0,0.598,17.7,0
2022-03-21,ANTARCTIC,-11.3,15.7,0.0,0.637,14.7,0
2022-03-22,ANTARCTIC,-11.1,20.9,0.0,0.604,14.9,0
2022-03-23,ANTARCTIC,-7.1,21.8,0.0,0.58,16.3,0
2022-03-24,ANTARCTIC,-6.1,22.6,0.0,0.605,10.9,0
2022-03-25,ANTARCTIC,-7.4,21.8,0.0,0.6,14.3,0
2022-03-26,ANTARCTIC,-7.7,19.2,0.0,0.607,16.4,0
2022-03-27,ANTARCTIC,-6.9,16.9,0.0,0.607,14.8,0
2022-03-28,ANTARCTIC,-9.9,12.2,0.0,0.665,18.7,0
2022-03-29,ANTARCTIC,-11.2,18.5,0.0,0.719,15.8,0
2022-03-30,ANTARCTIC,-10.4,21.3,0.0,0.691,16.7,0
2022-03-31,ANTARCTIC,-7.9,22.3,0.0,0.621,14.6,0
2022-04-01,ANTARCTIC,-8.9,24.0,0.0,0.6,16.1,0
2022-04-02,ANTARCTIC,-6.8,25.5,0.0,0.574,13.3,0
2022-04-03,ANTARCTIC,-8.5,23.0,0.0,0.62,11.5,0
2022-04-04,ANTARCTIC,-13.9,22.4,0.0,0.666,12.8,0
2022-04-05,ANTARCTIC,-12.3,21.3,0.0,0.629,15.6,0
2022-04-06,ANTARCTIC,-11.3,31.1,0.0,0.607,12.8,0
2022-04-07,ANTARCTIC,-10.2,34.1,0.0,0.559,10.0,0
2022-04-08,ANTARCTIC,-9.4,33.6,0.0,0.581,13.3,0
2022-04-09,ANTARCTIC,-9.4,37.5,0.0,0.594,9.0,0
2022-04-10,ANTARCTIC,-10.2,40.4,0.0,0.639,9.4,0
2022-04-11,ANTARCTIC,-10.8,33.4,0.0,0.668,11.3,0
2022-04-12,ANTARCTIC,-11.7,31.7,0.0,0.7,9.1,0
2022-04-13,ANTARCTIC,-12.4,30.9,0.0,0.642,11.2,0
2022-04-14,ANTARCTIC,-15.2,32.6,0.0,0.628,14.4,0
2022-04-15,ANTARCTIC,-16.6,31.0,0.0,0.678,9.9,0
2022-04-16,ANTARCTIC,-16.3,30.1,0.0,0.664,12.5,0
2022-04-17,ANTARCTIC,-19.2,28.1,0.0,0.608,10.4,0
2022-04-18,ANTARCTIC,-21.4,31.8,0.0,0.655,9.7,0
2022-04-19,ANTARCTIC,-20.7,26.0,0.0,0.643,10.6,0
2022-04-20,ANTARCTIC,-19.9,24.7,0.0,0.698,14.5,0
2022-04-21,ANTARCTIC,-19.4,18.6,0.0,0.705,13.5,0
2022-04-22,ANTARCTIC,-22.2,16.3,0.0,0.701,17.3,0
2022-04-23,ANTARCTIC,-18.7,19.2,0.0,0.763,13.8,0
2022-04-24,ANTARCTIC,-20.2,21.7,0.0,0.713,14.1,0
2022-04-25,ANTARCTIC,-20.6,21.6,0.0,0.778,14.6,0
2022-04-26,ANTARCTIC,-21.7,26.6,0.0,0.754,10.1,0
2022-04-27,ANTARCTIC,-18.7,31.8,0.0,0.764,11.4,0
2022-04-28,ANTARCTIC,-17.6,31.0,0.0,0.774,11.8,0
2022-04-29,ANTARCTIC,-18.0,31.6,0.0,0.76,12.9,0
2022-04-30,ANTARCTIC,-18.4,29.5,0.0,0.734,10.3,0
2022-05-01,ANTARCTIC,-17.8,31.6,0.0,0.727,9.9,0
2022-05-02,ANTARCTIC,-19.4,26.9,0.0,0.695,13.5,0
2022-05-03,ANTARCTIC,-18.3,33.7,0.0,0.785,12.7,0
2022-05-04,ANTARCTIC,-18.8,37.1,0.0,0.769,8.7,0
2022-05-05,ANTARCTIC,-17.7,31.6,0.0,0.821,9.3,0
2022-05-06,ANTARCTIC,-16.8,28.4,0.0,0.862,11.6,0
2022-05-07,ANTARCTIC,-17.7,30.0,0.0,0.874,10.1,0
2022-05-08,ANTARCTIC,-20.7,28.7,0.0,0.864,12.6,0
2022-05-09,ANTARCTIC,-20.5,30.7,0.0,0.869,9.8,0
2022-05-10,ANTARCTIC,-22.2,29.2,0.0,0.889,13.3,0
2022-05-11,ANTARCTIC,-21.4,34.8,0.0,0.888,10.6,0
2022-05-12,ANTARCTIC,-21.2,34.0,0.0,0.821,12.0,0
2022-05-13,ANTARCTIC,-21.6,42.1,0.0,0.751,4.6,0
2022-05-14,ANTARCTIC,-23.0,42.4,0.0,0.822,0.1,1
2022-05-15,ANTARCTIC,-20.5,35.7,0.0,0.72,12.0,0
2022-05-16,ANTARCTIC,-20.9,42.3,0.0,0.741,0.1,1
2022-05-17,ANTARCTIC,-17.0,44.4,0.0,0.744,0.1,1
2022-05-18,ANTARCTIC,-17.2,43.6,0.0,0.762,7.5,0
2022-05-19,ANTARCTIC,-16.9,43.9,0.0,0.727,8.1,0
2022-05-20,ANTARCTIC,-17.1,37.6,0.0,0.755,9.2,0
2022-05-21,ANTARCTIC,-16.9,30.0,0.0,0.775,12.3,0
2022-05-22,ANTARCTIC,-15.6,29.9,0.0,0.896,12.1,0
2022-05-23,ANTARCTIC,-14.5,34.9,0.0,0.899,10.6,0
2022-05-24,ANTARCTIC,-17.9,35.7,0.0,0.951,12.0,0
2022-05-25,ANTARCTIC,-16.9,41.0,0.0,0.884,8.5,0
2022-05-26,ANTARCTIC,-16.6,44.2,0.0,0.925,0.1,1
2022-05-27,ANTARCTIC,-17.0,42.2,0.0,0.931,9.4,0
2022-05-28,ANTARCTIC,-14.9,44.8,0.0,0.937,8.3,0
2022-05-29,ANTARCTIC,-13.1,48.1,0.0,0.944,5.2,0
2022-05-30,ANTARCTIC,-12.8,45.3,0.0,1.0,7.2,0
2022-05-31,ANTARCTIC,-14.8,42.3,0.0,1.0,8.8,0
2022-06-01,ANTARCTIC,-17.4,41.1,0.0,0.965,0.1,1
2022-06-02,ANTARCTIC,-16.8,30.9,0.0,0.934,10.5,0
2022-06-03,ANTARCTIC,-15.3,31.9,0.0,0.964,9.0,0
2022-06-04,ANTARCTIC,-19.2,34.4,0.0,0.976,6.0,0
2022-06-05,ANTARCTIC,-17.9,34.4,0.0,0.908,9.8,0
2022-06-06,ANTARCTIC,-18.7,35.2,0.0,0.929,10.3,0
2022-06-07,ANTARCTIC,-21.8,34.4,0.0,0.884,8.7,0
2022-06-08,ANTARCTIC,-21.0,26.7,0.0,0.905,14.6,0
2022-06-09,ANTARCTIC,-19.7,33.4,0.0,0.874,9.1,0
2022-06-10,ANTARCTIC,-20.5,31.8,0.0,0.867,12.5,0
2022-06-11,ANTARCTIC,-22.3,29.5,0.0,0.85,12.4,0
2022-06-12,ANTARCTIC,-19.6,34.7,0.0,0.918,13.6,0
2022-06-13,ANTARCTIC,-21.0,37.7,0.0,0.935,10.2,0
2022-06-14,ANTARCTIC,-19.4,37.8,0.0,0.984,7.3,0
2022-06-15,ANTARCTIC,-22.0,39.6,0.0,1.0,0.5,1
2022-06-16,ANTARCTIC,-21.4,34.2,0.0,1.0,13.0,0
2022-06-17,ANTARCTIC,-20.9,33.6,0.0,1.0,7.9,0
2022-06-18,ANTARCTIC,-19.8,37.9,0.0,1.0,10.3,0
2022-06-19,ANTARCTIC,-18.0,34.6,0.0,1.0,11.6,0
2022-06-20,ANTARCTIC,-19.8,30.5,0.0,1.0,11.1,0
2022-06-21,ANTARCTIC,-19.4,31.0,0.0,1.0,7.7,0
2022-06-22,ANTARCTIC,-21.9,31.5,0.0,1.0,10.7,0
2022-06-23,ANTARCTIC,-24.1,33.9,0.0,1.0,9.6,0
2022-06-24,ANTARCTIC,-24.7,28.6,0.0,1.0,14.3,0
2022-06-25,ANTARCTIC,-23.8,19.9,0.0,0.968,14.3,0
2022-06-26,ANTARCTIC,-21.1,25.0,0.0,0.989,12.4,0
2022-06-27,ANTARCTIC,-18.6,22.1,0.0,0.97,12.9,0
2022-06-28,ANTARCTIC,-19.8,21.4,0.0,0.911,14.5,0
2022-06-29,ANTARCTIC,-19.8,15.1,0.0,0.911,15.8,0
2022-06-30,ANTARCTIC,-18.8,21.3,0.0,0.909,12.8,0
2022-07-01,ANTARCTIC,-18.3,24.2,0.0,0.919,13.6,0
2022-07-02,ANTARCTIC,-19.2,26.5,0.0,0.943,11.8,0
2022-07-03,ANTARCTIC,-19.7,28.4,0.0,0.961,8.2,0
2022-07-04,ANTARCTIC,-20.3,21.5,0.0,0.929,15.0,0
2022-07-05,ANTARCTIC,-21.0,19.5,0.0,0.914,15.4,0
2022-07-06,ANTARCTIC,-21.9,19.8,0.0,0.954,14.8,0
2022-07-07,ANTARCTIC,-22.2,18.9,0.0,0.931,14.0,0
2022-07-08,ANTARCTIC,-22.9,19.9,0.0,0.916,14.3,0
2022-07-09,ANTARCTIC,-24.7,22.6,0.0,0.859,14.9,0
2022-07-10,ANTARCTIC,-23.1,27.7,0.0,0.866,11.3,0
2022-07-11,ANTARCTIC,-22.3,23.0,0.0,0.888,14.9,0
2022-07-12,ANTARCTIC,-19.6,24.3,0.0,0.814,11.0,0
2022-07-13,ANTARCTIC,-19.6,28.0,0.0,0.784,12.4,0
2022-07-14,ANTARCTIC,-20.7,25.3,0.0,0.743,13.0,0
2022-07-15,ANTARCTIC,-22.0,25.6,0.0,0.794,14.3,0
2022-07-16,ANTARCTIC,-22.1,28.2,0.0,0.732,10.7,0
2022-07-17,ANTARCTIC,-21.4,28.9,0.0,0.75,10.7,0
2022-07-18,ANTARCTIC,-22.0,31.7,0.0,0.798,9.0,0
2022-07-19,ANTARCTIC,-24.4,32.1,0.0,0.819,10.2,0
2022-07-20,ANTARCTIC,-25.3,31.0,0.0,0.814,11.7,0
2022-07-21,ANTARCTIC,-24.9,26.9,0.0,0.84,9.8,0
2022-07-22,ANTARCTIC,-23.5,28.5,0.0,0.891,11.3,0
2022-07-23,ANTARCTIC,-25.6,29.4,0.0,0.891,12.7,0
2022-07-24,ANTARCTIC,-24.8,26.2,0.0,0.806,12.5,0
2022-07-25,ANTARCTIC,-24.1,29.2,0.0,0.864,11.9,0
2022-07-26,ANTARCTIC,-24.6,34.1,0.0,0.887,8.2,0
2022-07-27,ANTARCTIC,-25.2,31.4,0.0,0.89,11.1,0
2022-07-28,ANTARCTIC,-25.9,28.8,0.0,0.815,12.0,0
2022-07-29,ANTARCTIC,-25.2,26.5,0.0,0.814,12.3,0
2022-07-30,ANTARCTIC,-23.1,21.3,0.0,0.79,14.3,0
2022-07-31,ANTARCTIC,-21.2,30.1,0.0,0.755,11.1,0
2022-08-01,ANTARCTIC,-23.0,28.7,0.0,0.767,11.3,0
2022-08-02,ANTARCTIC,-23.2,26.0,0.0,0.761,11.1,0
2022-08-03,ANTARCTIC,-26.3,22.8,0.0,0.758,15.1,0
2022-08-04,ANTARCTIC,-25.5,22.7,0.0,0.804,11.8,0
2022-08-05,ANTARCTIC,-24.1,21.6,0.0,0.825,14.2,0
2022-08-06,ANTARCTIC,-21.4,28.2,0.0,0.814,14.8,0
2022-08-07,ANTARCTIC,-24.2,24.2,0.0,0.799,14.9,0
2022-08-08,ANTARCTIC,-25.5,19.8,0.0,0.792,15.2,0
2022-08-09,ANTARCTIC,-24.7,23.5,0.0,0.794,13.8,0
2022-08-10,ANTARCTIC,-26.6,24.3,0.0,0.829,13.0,0
2022-08-11,ANTARCTIC,-25.6,24.6,0.0,0.795,11.8,0
2022-08-12,ANTARCTIC,-24.1,27.6,0.0,0.864,11.9,0
2022-08-13,ANTARCTIC,-25.6,28.6,0.0,0.891,12.9,0
2022-08-14,ANTARCTIC,-24.7,28.8,0.0,0.782,12.5,0
2022-08-15,ANTARCTIC,-26.0,24.1,0.0,0.797,14.4,0
2022-08-16,ANTARCTIC,-23.2,19.2,0.0,0.848,16.5,0
2022-08-17,ANTARCTIC,-22.5,18.4,0.0,0.868,14.6,0
2022-08-18,ANTARCTIC,-23.2,16.4,0.0,0.854,15.7,0
2022-08-19,ANTARCTIC,-24.7,19.5,0.0,0.854,11.7,0
2022-08-20,ANTARCTIC,-23.5,14.8,0.0,0.864,19.2,0
2022-08-21,ANTARCTIC,-21.0,15.6,0.0,0.897,15.0,0
2022-08-22,ANTARCTIC,-22.0,17.2,0.0,0.838,16.2,0
2022-08-23,ANTARCTIC,-22.4,19.1,0.0,0.818,14.0,0
2022-08-24,ANTARCTIC,-23.2,22.3,0.0,0.889,13.1,0
2022-08-25,ANTARCTIC,-20.4,22.3,0.0,0.888,13.4,0
2022-08-26,ANTARCTIC,-23.1,21.2,0.0,0.947,12.2,0
2022-08-27,ANTARCTIC,-20.7,27.0,0.0,1.0,8.7,0
2022-08-28,ANTARCTIC,-21.1,26.4,0.0,1.0,14.3,0
2022-08-29,ANTARCTIC,-20.9,32.1,0.0,0.955,11.8,0
2022-08-30,ANTARCTIC,-21.2,30.6,0.0,0.934,10.0,0
2022-08-31,ANTARCTIC,-20.5,30.5,0.0,0.97,12.1,0
2022-09-01,ANTARCTIC,-21.3,30.0,0.0,1.0,12.8,0
2022-09-02,ANTARCTIC,-19.4,30.8,0.0,1.0,10.3,0
2022-09-03,ANTARCTIC,-17.6,29.2,0.0,1.0,12.4,0
2022-09-04,ANTARCTIC,-19.2,29.6,0.0,1.0,13.2,0
2022-09-05,ANTARCTIC,-18.1,35.2,0.0,1.0,8.0,0
2022-09-06,ANTARCTIC,-18.6,38.1,0.0,0.887,10.1,0
2022-09-07,ANTARCTIC,-18.4,40.7,0.0,0.88,0.1,1
2022-09-08,ANTARCTIC,-16.1,34.2,0.0,0.828,13.2,0
2022-09-09,ANTARCTIC,-17.3,29.3,0.0,0.853,12.6,0
2022-09-10,ANTARCTIC,-15.9,30.1,0.0,0.775,11.0,0
2022-09-11,ANTARCTIC,-15.5,32.7,0.0,0.749,10.4,0
2022-09-12,ANTARCTIC,-16.0,30.4,0.0,0.766,14.5,0
2022-09-13,ANTARCTIC,-15.6,27.7,0.0,0.785,11.7,0
2022-09-14,ANTARCTIC,-15.4,32.9,0.0,0.785,11.7,0
2022-09-15,ANTARCTIC,-17.3,34.8,0.0,0.862,9.9,0
2022-09-16,ANTARCTIC,-18.1,37.8,0.0,0.918,11.0,0
2022-09-17,ANTARCTIC,-19.4,34.9,0.0,0.878,11.9,0
2022-09-18,ANTARCTIC,-19.3,32.1,0.0,0.934,11.0,0
2022-09-19,ANTARCTIC,-16.8,35.0,0.0,0.99,9.6,0
2022-09-20,ANTARCTIC,-15.8,33.1,0.0,0.964,10.1,0
2022-09-21,ANTARCTIC,-17.9,30.2,0.0,0.948,8.9,0
2022-09-22,ANTARCTIC,-17.9,26.7,0.0,0.929,12.7,0
2022-09-23,ANTARCTIC,-17.2,25.1,0.0,0.887,13.1,0
2022-09-24,ANTARCTIC,-15.7,28.8,0.0,0.854,10.7,0
2022-09-25,ANTARCTIC,-16.6,23.3,0.0,0.897,10.7,0
2022-09-26,ANTARCTIC,-18.1,26.3,0.0,0.901,13.0,0
2022-09-27,ANTARCTIC,-17.7,24.0,0.0,0.865,13.8,0
2022-09-28,ANTARCTIC,-16.3,23.8,0.0,0.817,13.9,0
2022-09-29,ANTARCTIC,-15.6,23.9,0.0,0.78,11.8,0
2022-09-30,ANTARCTIC,-16.7,23.7,0.0,0.77,14.0,0
2022-10-01,ANTARCTIC,-13.6,23.3,0.0,0.804,13.2,0
2022-10-02,ANTARCTIC,-13.8,22.4,0.0,0.763,15.0,0
2022-10-03,ANTARCTIC,-13.4,21.1,0.0,0.796,12.6,0
2022-10-04,ANTARCTIC,-14.4,26.8,0.0,0.797,14.2,0
2022-10-05,ANTARCTIC,-12.5,27.0,0.0,0.796,14.7,0
2022-10-06,ANTARCTIC,-11.7,26.6,0.0,0.83,12.7,0
2022-10-07,ANTARCTIC,-11.3,24.4,0.0,0.852,13.8,0
2022-10-08,ANTARCTIC,-13.2,23.3,0.0,0.783,14.6,0
2022-10-09,ANTARCTIC,-11.4,21.6,0.0,0.732,12.4,0
2022-10-10,ANTARCTIC,-10.4,25.2,0.0,0.72,12.2,0
2022-10-11,ANTARCTIC,-9.1,22.7,0.0,0.733,13.9,0
2022-10-12,ANTARCTIC,-9.4,15.2,0.0,0.784,18.8,0
2022-10-13,ANTARCTIC,-9.8,17.2,0.0,0.778,13.4,0
2022-10-14,ANTARCTIC,-10.3,17.6,0.0,0.838,17.5,0
2022-10-15,ANTARCTIC,-7.0,16.8,0.0,0.795,15.0,0
2022-10-16,ANTARCTIC,-8.4,21.6,0.0,0.762,13.9,0
2022-10-17,ANTARCTIC,-10.5,12.4,0.0,0.742,18.3,0
2022-10-18,ANTARCTIC,-11.1,20.2,0.0,0.703,17.4,0
2022-10-19,ANTARCTIC,-11.8,24.9,0.0,0.746,13.7,0
2022-10-20,ANTARCTIC,-9.6,22.8,0.0,0.628,15.4,0
2022-10-21,ANTARCTIC,-11.7,21.7,0.0,0.611,12.5,0
2022-10-22,ANTARCTIC,-12.3,24.2,0.0,0.662,12.4,0
2022-10-23,ANTARCTIC,-11.6,26.3,0.0,0.65,10.6,0
2022-10-24,ANTARCTIC,-9.3,24.0,0.0,0.693,12.5,0
2022-10-25,ANTARCTIC,-8.2,18.4,0.0,0.777,15.7,0
2022-10-26,ANTARCTIC,-5.9,27.1,0.0,0.767,12.7,0
2022-10-27,ANTARCTIC,-5.8,30.3,0.0,0.802,14.1,0
2022-10-28,ANTARCTIC,-6.6,30.2,0.0,0.882,14.6,0
2022-10-29,ANTARCTIC,-5.6,30.1,0.0,0.874,11.4,0
2022-10-30,ANTARCTIC,-8.0,31.6,0.0,0.848,10.1,0
2022-10-31,ANTARCTIC,-10.6,33.3,0.0,0.862,12.4,0
2022-11-01,ANTARCTIC,-8.7,24.6,0.0,0.886,15.0,0
2022-11-02,ANTARCTIC,-8.3,23.4,0.0,0.858,14.1,0
2022-11-03,ANTARCTIC,-6.7,22.0,0.0,0.815,14.9,0
2022-11-04,ANTARCTIC,-8.1,21.8,0.0,0.864,14.7,0
2022-11-05,ANTARCTIC,-6.0,25.1,0.0,0.828,11.5,0
2022-11-06,ANTARCTIC,-5.2,18.6,0.0,0.854,13.0,0
2022-11-07,ANTARCTIC,-5.5,14.6,0.0,0.839,15.8,0
2022-11-08,ANTARCTIC,-5.4,13.7,0.0,0.889,15.9,0
2022-11-09,ANTARCTIC,-5.0,15.9,0.0,0.826,16.0,0
2022-11-10,ANTARCTIC,-6.5,20.1,0.0,0.769,14.2,0
2022-11-11,ANTARCTIC,-7.1,26.7,0.0,0.786,10.0,0
2022-11-12,ANTARCTIC,-6.4,25.3,0.0,0.721,9.8,0
2022-11-13,ANTARCTIC,-7.0,28.1,0.0,0.712,13.2,0
2022-11-14,ANTARCTIC,-9.0,30.1,0.0,0.761,10.6,0
2022-11-15,ANTARCTIC,-8.0,31.1,0.0,0.672,10.9,0
2022-11-16,ANTARCTIC,-6.4,30.0,0.0,0.678,10.8,0
2022-11-17,ANTARCTIC,-4.6,27.6,0.0,0.717,10.9,0
2022-11-18,ANTARCTIC,-3.9,23.2,0.0,0.701,12.1,0
2022-11-19,ANTARCTIC,-2.8,19.2,0.0,0.651,16.1,0
2022-11-20,ANTARCTIC,-1.7,21.2,0.0,0.632,13.7,0
2022-11-21,ANTARCTIC,-2.0,21.3,0.0,0.591,15.0,0
2022-11-22,ANTARCTIC,-5.6,20.2,0.0,0.591,15.5,0
2022-11-23,ANTARCTIC,-3.6,23.1,0.0,0.577,14.0,0
2022-11-24,ANTARCTIC,-5.1,22.4,0.0,0.554,14.9,0
2022-11-25,ANTARCTIC,-6.6,19.3,0.0,0.573,14.6,0
2022-11-26,ANTARCTIC,-7.9,18.9,0.0,0.634,16.7,0
2022-11-27,ANTARCTIC,-3.6,22.6,0.0,0.638,14.9,0
2022-11-28,ANTARCTIC,-2.9,19.0,0.0,0.683,16.1,0
2022-11-29,ANTARCTIC,-4.6,20.4,0.0,0.732,12.9,0
2022-11-30,ANTARCTIC,-5.5,20.6,0.0,0.689,14.6,0
2022-12-01,ANTARCTIC,-5.1,18.2,0.0,0.685,12.1,0
2022-12-02,ANTARCTIC,-4.1,17.9,0.0,0.653,17.1,0
2022-12-03,ANTARCTIC,-3.5,13.0,0.0,0.582,15.4,0
2022-12-04,ANTARCTIC,-4.8,14.9,0.0,0.591,15.1,0
2022-12-05,ANTARCTIC,-4.1,11.2,0.0,0.543,14.8,0
2022-12-06,ANTARCTIC,-4.8,16.8,0.0,0.561,15.3,0
2022-12-07,ANTARCTIC,-2.9,17.3,0.0,0.495,14.7,0
2022-12-08,ANTARCTIC,-2.8,16.1,0.0,0.505,18.2,0
2022-12-09,ANTARCTIC,-3.9,21.3,0.0,0.444,15.3,0
2022-12-10,ANTARCTIC,-2.6,17.8,0.0,0.479,14.3,0
2022-12-11,ANTARCTIC,-2.0,15.8,0.0,0.467,13.1,0
2022-12-12,ANTARCTIC,-2.8,10.2,0.0,0.452,13.7,0
2022-12-13,ANTARCTIC,-1.6,16.8,0.0,0.504,13.8,0
2022-12-14,ANTARCTIC,-0.7,24.4,0.0,0.492,11.2,0
2022-12-15,ANTARCTIC,0.9,18.1,0.0,0.499,15.5,0
2022-12-16,ANTARCTIC,1.6,15.8,0.0,0.492,15.4,0
2022-12-17,ANTARCTIC,0.7,17.0,0.0,0.514,15.3,0
2022-12-18,ANTARCTIC,-2.2,16.0,0.0,0.555,14.1,0
2022-12-19,ANTARCTIC,-1.8,16.8,0.0,0.584,15.5,0
2022-12-20,ANTARCTIC,-1.3,17.2,0.0,0.558,13.1,0
2022-12-21,ANTARCTIC,-1.2,19.4,0.0,0.601,14.4,0
2022-12-22,ANTARCTIC,-5.8,16.4,0.0,0.554,16.7,0
2022-12-23,ANTARCTIC,-4.1,17.9,0.0,0.52,14.4,0
2022-12-24,ANTARCTIC,-5.1,14.6,0.0,0.513,16.6,0
2022-12-25,ANTARCTIC,-3.5,14.2,0.0,0.554,13.1,0
2022-12-26,ANTARCTIC,-0.6,9.2,0.0,0.502,14.4,0
2022-12-27,ANTARCTIC,-1.1,9.6,0.0,0.537,17.8,0
2022-12-28,ANTARCTIC,-0.4,9.4,0.0,0.531,18.9,0
2022-12-29,ANTARCTIC,-0.5,14.7,0.0,0.511,15.5,0
2022-12-30,ANTARCTIC,0.2,15.6,0.0,0.553,18.8,0
2022-12-31,ANTARCTIC,0.2,17.0,0.0,0.516,13.1,0
2023-01-01,ANTARCTIC,-0.8,17.7,0.0,0.605,14.0,0
2023-01-02,ANTARCTIC,-2.2,10.7,0.0,0.588,17.2,0
2023-01-03,ANTARCTIC,0.4,5.2,0.0,0.585,19.2,0
2023-01-04,ANTARCTIC,0.8,6.6,0.0,0.638,17.3,0
2023-01-05,ANTARCTIC,1.8,9.9,0.0,0.631,15.6,0
2023-01-06,ANTARCTIC,2.0,10.8,0.0,0.665,17.9,0
2023-01-07,ANTARCTIC,3.0,9.4,0.0,0.57,17.6,0
2023-01-08,ANTARCTIC,1.1,10.4,0.0,0.545,16.6,0
2023-01-09,ANTARCTIC,0.9,11.0,0.0,0.556,17.7,0
2023-01-10,ANTARCTIC,1.4,15.4,0.0,0.593,15.5,0
2023-01-11,ANTARCTIC,3.0,19.0,0.0,0.615,14.5,0
2023-01-12,ANTARCTIC,6.4,17.5,0.0,0.63,14.8,0
2023-01-13,ANTARCTIC,5.9,18.0,0.0,0.659,13.7,0
2023-01-14,ANTARCTIC,3.9,19.6,0.0,0.662,13.1,0
2023-01-15,ANTARCTIC,1.4,21.5,0.0,0.56,13.2,0
2023-01-16,ANTARCTIC,-0.4,27.5,0.0,0.612,12.4,0
2023-01-17,ANTARCTIC,-1.6,26.6,0.0,0.567,9.8,0
2023-01-18,ANTARCTIC,-5.9,30.1,0.0,0.573,13.0,0
2023-01-19,ANTARCTIC,-6.2,24.7,0.0,0.574,13.1,0
2023-01-20,ANTARCTIC,-4.3,22.0,0.0,0.568,12.2,0
2023-01-21,ANTARCTIC,-3.8,14.3,0.0,0.518,18.4,0
2023-01-22,ANTARCTIC,-3.8,16.0,0.0,0.439,15.6,0
2023-01-23,ANTARCTIC,-5.8,19.3,0.0,0.406,12.6,0
2023-01-24,ANTARCTIC,-3.6,10.5,0.0,0.449,19.4,0
2023-01-25,ANTARCTIC,-2.5,12.9,0.0,0.397,18.4,0
2023-01-26,ANTARCTIC,-2.3,16.5,0.0,0.373,14.0,0
2023-01-27,ANTARCTIC,-5.5,19.3,0.0,0.404,14.1,0
2023-01-28,ANTARCTIC,-5.6,15.5,0.0,0.373,15.0,0
2023-01-29,ANTARCTIC,-4.4,19.3,0.0,0.366,11.8,0
2023-01-30,ANTARCTIC,-4.0,19.7,0.0,0.384,15.0,0
2023-01-31,ANTARCTIC,-3.4,22.3,0.0,0.409,15.0,0
2023-02-01,ANTARCTIC,-2.1,21.8,0.0,0.378,14.9,0
2023-02-02,ANTARCTIC,-1.8,23.3,0.0,0.398,13.5,0
2023-02-03,ANTARCTIC,-0.9,27.1,0.0,0.426,13.8,0
2023-02-04,ANTARCTIC,-2.3,25.7,0.0,0.385,11.1,0
2023-02-05,ANTARCTIC,-4.1,26.2,0.0,0.408,15.4,0
2023-02-06,ANTARCTIC,-3.1,30.2,0.0,0.391,10.4,0
2023-02-07,ANTARCTIC,-1.9,28.6,0.0,0.41,11.0,0
2023-02-08,ANTARCTIC,-1.2,23.6,0.0,0.451,12.5,0
2023-02-09,ANTARCTIC,-1.2,25.9,0.0,0.452,11.8,0
2023-02-10,ANTARCTIC,-1.9,30.6,0.0,0.497,11.1,0
2023-02-11,ANTARCTIC,-1.7,34.1,0.0,0.533,10.1,0
2023-02-12,ANTARCTIC,-1.3,34.9,0.0,0.57,10.4,0
2023-02-13,ANTARCTIC,-0.9,24.7,0.0,0.583,11.9,0
2023-02-14,ANTARCTIC,2.7,22.1,0.0,0.624,14.1,0
2023-02-15,ANTARCTIC,0.5,20.1,0.0,0.631,12.7,0
2023-02-16,ANTARCTIC,4.8,20.7,0.0,0.557,15.3,0
2023-02-17,ANTARCTIC,1.7,27.2,0.0,0.525,13.5,0
2023-02-18,ANTARCTIC,1.5,22.7,0.0,0.519,13.6,0
2023-02-19,ANTARCTIC,-1.1,30.8,0.0,0.52,10.4,0
2023-02-20,ANTARCTIC,-1.0,28.3,0.0,0.538,12.5,0
2023-02-21,ANTARCTIC,0.1,24.8,0.0,0.508,11.7,0
2023-02-22,ANTARCTIC,-0.5,27.6,0.0,0.594,12.3,0
2023-02-23,ANTARCTIC,0.4,30.3,0.0,0.588,11.3,0
2023-02-24,ANTARCTIC,-0.9,31.6,0.0,0.586,15.1,0
2023-02-25,ANTARCTIC,-4.5,27.6,0.0,0.558,10.4,0
2023-02-26,ANTARCTIC,-3.5,28.8,0.0,0.52,7.9,0
2023-02-27,ANTARCTIC,-3.6,24.3,0.0,0.521,12.2,0
2023-02-28,ANTARCTIC,-4.5,21.4,0.0,0.528,11.4,0
2023-03-01,ANTARCTIC,-5.2,21.4,0.0,0.53,12.9,0
2023-03-02,ANTARCTIC,-4.6,18.8,0.0,0.602,12.8,0
2023-03-03,ANTARCTIC,-5.9,23.4,0.0,0.596,12.1,0
2023-03-04,ANTARCTIC,-5.2,21.4,0.0,0.593,12.4,0
2023-03-05,ANTARCTIC,-3.5,21.0,0.0,0.626,15.6,0
2023-03-06,ANTARCTIC,-0.7,18.3,0.0,0.617,14.8,0
2023-03-07,ANTARCTIC,0.6,22.9,0.0,0.637,15.2,0
2023-03-08,ANTARCTIC,-0.1,20.7,0.0,0.583,14.3,0
2023-03-09,ANTARCTIC,-0.6,25.4,0.0,0.535,14.3,0
2023-03-10,ANTARCTIC,-2.1,29.1,0.0,0.548,11.4,0
2023-03-11,ANTARCTIC,-3.4,26.8,0.0,0.546,14.9,0
2023-03-12,ANTARCTIC,-2.6,26.5,0.0,0.521,13.3,0
2023-03-13,ANTARCTIC,-3.7,24.5,0.0,0.537,12.0,0
2023-03-14,ANTARCTIC,-3.6,26.5,0.0,0.554,13.5,0
2023-03-15,ANTARCTIC,-5.6,25.6,0.0,0.534,12.9,0
2023-03-16,ANTARCTIC,-3.8,24.0,0.0,0.523,13.0,0
2023-03-17,ANTARCTIC,-4.8,24.3,0.0,0.544,13.3,0
2023-03-18,ANTARCTIC,-3.6,18.7,0.0,0.513,15.9,0
2023-03-19,ANTARCTIC,-5.3,19.4,0.0,0.502,11.4,0
2023-03-20,ANTARCTIC,-6.8,22.6,0.0,0.538,13.2,0
2023-03-21,ANTARCTIC,-5.0,23.5,0.0,0.549,14.4,0
2023-03-22,ANTARCTIC,-6.5,27.2,0.0,0.541,12.8,0
2023-03-23,ANTARCTIC,-9.1,25.6,0.0,0.517,11.2,0
2023-03-24,ANTARCTIC,-10.6,23.9,0.0,0.491,9.8,0
2023-03-25,ANTARCTIC,-9.1,20.1,0.0,0.504,16.9,0
2023-03-26,ANTARCTIC,-7.9,19.5,0.0,0.602,14.3,0
2023-03-27,ANTARCTIC,-9.3,27.5,0.0,0.632,14.6,0
2023-03-28,ANTARCTIC,-10.2,28.3,0.0,0.583,13.3,0
2023-03-29,ANTARCTIC,-9.1,25.8,0.0,0.622,11.6,0
2023-03-30,ANTARCTIC,-7.3,22.2,0.0,0.598,10.0,0
2023-03-31,ANTARCTIC,-7.8,17.0,0.0,0.607,14.5,0
2023-04-01,ANTARCTIC,-7.3,15.4,0.0,0.593,15.6,0
2023-04-02,ANTARCTIC,-6.5,19.8,0.0,0.684,15.1,0
2023-04-03,ANTARCTIC,-3.8,19.2,0.0,0.641,13.0,0
2023-04-04,ANTARCTIC,-6.6,16.9,0.0,0.66,15.5,0
2023-04-05,ANTARCTIC,-8.3,15.2,0.0,0.638,16.0,0
2023-04-06,ANTARCTIC,-9.5,19.3,0.0,0.675,16.1,0
2023-04-07,ANTARCTIC,-8.5,20.1,0.0,0.691,13.9,0
2023-04-08,ANTARCTIC,-9.3,18.8,0.0,0.744,15.4,0
2023-04-09,ANTARCTIC,-9.2,18.9,0.0,0.771,15.1,0
2023-04-10,ANTARCTIC,-9.4,28.1,0.0,0.739,13.5,0
2023-04-11,ANTARCTIC,-9.8,32.3,0.0,0.856,9.7,0
2023-04-12,ANTARCTIC,-10.0,36.8,0.0,0.866,5.1,0
2023-04-13,ANTARCTIC,-8.8,29.1,0.0,0.832,11.5,0
2023-04-14,ANTARCTIC,-10.9,28.3,0.0,0.831,11.7,0
2023-04-15,ANTARCTIC,-11.4,25.8,0.0,0.848,11.0,0
2023-04-16,ANTARCTIC,-13.5,28.0,0.0,0.862,9.9,0
2023-04-17,ANTARCTIC,-13.1,31.8,0.0,0.872,10.2,0
2023-04-18,ANTARCTIC,-13.4,32.3,0.0,0.899,10.8,0
2023-04-19,ANTARCTIC,-11.8,28.5,0.0,0.921,12.2,0
2023-04-20,ANTARCTIC,-12.1,26.0,0.0,0.871,9.3,0
2023-04-21,ANTARCTIC,-13.1,28.5,0.0,0.946,9.4,0
2023-04-22,ANTARCTIC,-13.6,31.0,0.0,1.0,13.0,0
2023-04-23,ANTARCTIC,-11.1,31.1,0.0,1.0,11.0,0
2023-04-24,ANTARCTIC,-14.0,31.1,0.0,0.995,11.3,0
2023-04-25,ANTARCTIC,-15.0,30.9,0.0,0.976,9.4,0
2023-04-26,ANTARCTIC,-15.0,31.5,0.0,0.945,11.2,0
2023-04-27,ANTARCTIC,-15.9,33.6,0.0,0.922,10.0,0
2023-04-28,ANTARCTIC,-15.1,35.1,0.0,0.822,9.3,0
2023-04-29,ANTARCTIC,-15.2,34.2,0.0,0.881,8.2,0
2023-04-30,ANTARCTIC,-14.9,33.2,0.0,0.921,9.4,0
2023-05-01,ANTARCTIC,-14.9,32.2,0.0,0.842,13.9,0
2023-05-02,ANTARCTIC,-15.2,28.9,0.0,0.875,11.4,0
2023-05-03,ANTARCTIC,-17.3,26.0,0.0,0.869,13.9,0
2023-05-04,ANTARCTIC,-16.9,28.4,0.0,0.856,11.7,0
2023-05-05,ANTARCTIC,-19.5,26.0,0.0,0.872,12.3,0
2023-05-06,ANTARCTIC,-20.1,29.4,0.0,0.798,10.8,0
2023-05-07,ANTARCTIC,-18.8,29.2,0.0,0.8,13.9,0
2023-05-08,ANTARCTIC,-16.8,32.1,0.0,0.807,11.6,0
2023-05-09,ANTARCTIC,-13.3,34.0,0.0,0.813,9.3,0
2023-05-10,ANTARCTIC,-14.6,36.4,0.0,0.761,9.2,0
2023-05-11,ANTARCTIC,-16.3,33.6,0.0,0.787,12.2,0
2023-05-12,ANTARCTIC,-15.7,34.5,0.0,0.835,6.1,0
2023-05-13,ANTARCTIC,-13.2,36.4,0.0,0.853,10.3,0
2023-05-14,ANTARCTIC,-11.7,29.8,0.0,0.843,12.5,0
2023-05-15,ANTARCTIC,-14.2,35.9,0.0,0.952,8.8,0
2023-05-16,ANTARCTIC,-15.0,43.2,0.0,0.906,8.1,0
2023-05-17,ANTARCTIC,-14.3,44.6,0.0,0.932,0.1,1
2023-05-18,ANTARCTIC,-13.5,45.3,0.0,0.935,5.5,0
2023-05-19,ANTARCTIC,-13.4,45.2,0.0,1.0,8.6,0
2023-05-20,ANTARCTIC,-14.9,41.7,0.0,1.0,0.1,1
2023-05-21,ANTARCTIC,-14.7,39.6,0.0,1.0,0.1,1
2023-05-22,ANTARCTIC,-14.0,41.7,0.0,1.0,0.1,1
2023-05-23,ANTARCTIC,-16.2,36.5,0.0,0.969,10.8,0
2023-05-24,ANTARCTIC,-14.7,31.8,0.0,0.925,14.6,0
2023-05-25,ANTARCTIC,-13.9,30.1,0.0,0.91,12.5,0
2023-05-26,ANTARCTIC,-15.9,32.6,0.0,0.946,12.1,0
2023-05-27,ANTARCTIC,-15.1,29.1,0.0,0.949,12.1,0
2023-05-28,ANTARCTIC,-14.7,28.6,0.0,0.935,14.9,0
2023-05-29,ANTARCTIC,-14.2,28.5,0.0,0.986,9.8,0
2023-05-30,ANTARCTIC,-12.8,25.2,0.0,0.898,10.3,0
2023-05-31,ANTARCTIC,-13.9,17.3,0.0,0.846,15.4,0
2023-06-01,ANTARCTIC,-14.4,15.6,0.0,0.751,16.6,0
2023-06-02,ANTARCTIC,-19.3,18.9,0.0,0.815,10.9,0
2023-06-03,ANTARCTIC,-17.9,22.4,0.0,0.82,13.7,0
2023-06-04,ANTARCTIC,-16.8,25.5,0.0,0.867,12.6,0
2023-06-05,ANTARCTIC,-15.4,28.5,0.0,0.867,13.1,0
2023-06-06,ANTARCTIC,-17.7,26.7,0.0,0.912,13.2,0
2023-06-07,ANTARCTIC,-16.8,24.3,0.0,0.907,10.5,0
2023-06-08,ANTARCTIC,-15.9,26.7,0.0,0.924,10.9,0
2023-06-09,ANTARCTIC,-17.7,26.6,0.0,0.934,11.3,0
2023-06-10,ANTARCTIC,-16.7,30.6,0.0,0.946,12.5,0
2023-06-11,ANTARCTIC,-16.8,32.1,0.0,1.0,11.6,0
2023-06-12,ANTARCTIC,-20.0,36.6,0.0,0.937,8.8,0
2023-06-13,ANTARCTIC,-19.4,34.2,0.0,0.933,10.7,0
2023-06-14,ANTARCTIC,-21.0,37.6,0.0,0.94,7.9,0
2023-06-15,ANTARCTIC,-23.6,44.0,0.0,0.941,10.7,0
2023-06-16,ANTARCTIC,-22.8,42.3,0.0,0.923,9.0,0
2023-06-17,ANTARCTIC,-22.8,42.5,0.0,0.903,0.1,1
2023-06-18,ANTARCTIC,-20.6,37.6,0.0,0.967,11.6,0
2023-06-19,ANTARCTIC,-20.6,39.9,0.0,0.96,0.4,1
2023-06-20,ANTARCTIC,-19.7,42.7,0.0,1.0,0.1,1
2023-06-21,ANTARCTIC,-19.3,39.3,0.0,1.0,0.1,1
2023-06-22,ANTARCTIC,-18.3,40.3,0.0,1.0,0.7,1
2023-06-23,ANTARCTIC,-20.3,40.0,0.0,1.0,0.1,1
2023-06-24,ANTARCTIC,-20.3,40.2,0.0,1.0,7.6,0
2023-06-25,ANTARCTIC,-20.9,41.9,0.0,1.0,1.2,1
2023-06-26,ANTARCTIC,-20.2,42.2,0.0,1.0,0.1,1
2023-06-27,ANTARCTIC,-20.2,40.2,0.0,0.945,0.1,1
2023-06-28,ANTARCTIC,-21.5,41.9,0.0,0.959,9.7,0
2023-06-29,ANTARCTIC,-22.2,44.4,0.0,0.99,0.1,1
2023-06-30,ANTARCTIC,-19.8,40.6,0.0,0.997,9.3,0
2023-07-01,ANTARCTIC,-22.8,39.3,0.0,1.0,1.7,1
2023-07-02,ANTARCTIC,-21.8,31.8,0.0,1.0,9.0,0
2023-07-03,ANTARCTIC,-20.1,33.9,0.0,0.964,10.4,0
2023-07-04,ANTARCTIC,-19.7,38.0,0.0,0.973,1.6,1
2023-07-05,ANTARCTIC,-17.2,36.2,0.0,1.0,10.9,0
2023-07-06,ANTARCTIC,-16.7,36.1,0.0,1.0,9.6,0
2023-07-07,ANTARCTIC,-17.0,34.7,0.0,0.961,13.9,0
2023-07-08,ANTARCTIC,-18.6,32.9,0.0,0.946,10.6,0
2023-07-09,ANTARCTIC,-18.7,33.6,0.0,0.968,11.2,0
2023-07-10,ANTARCTIC,-18.3,30.5,0.0,1.0,13.9,0
2023-07-11,ANTARCTIC,-19.0,29.9,0.0,0.949,13.1,0
2023-07-12,ANTARCTIC,-20.8,27.0,0.0,0.963,14.4,0
2023-07-13,ANTARCTIC,-22.9,29.9,0.0,0.924,10.3,0
2023-07-14,ANTARCTIC,-22.7,31.0,0.0,0.946,13.2,0
2023-07-15,ANTARCTIC,-24.9,29.6,0.0,0.969,12.0,0
2023-07-16,ANTARCTIC,-25.3,30.1,0.0,0.957,10.4,0
2023-07-17,ANTARCTIC,-28.6,29.6,0.0,0.98,12.0,0
2023-07-18,ANTARCTIC,-26.5,34.1,0.0,1.0,10.7,0
2023-07-19,ANTARCTIC,-24.3,32.2,0.0,1.0,13.8,0
2023-07-20,ANTARCTIC,-24.0,34.4,0.0,0.947,10.9,0
2023-07-21,ANTARCTIC,-21.0,31.5,0.0,1.0,10.0,0
2023-07-22,ANTARCTIC,-19.3,34.5,0.0,1.0,8.8,0
2023-07-23,ANTARCTIC,-19.1,37.9,0.0,1.0,9.3,0
2023-07-24,ANTARCTIC,-19.8,40.9,0.0,1.0,0.1,1
2023-07-25,ANTARCTIC,-20.8,44.8,0.0,1.0,6.4,0
2023-07-26,ANTARCTIC,-20.2,43.9,0.0,1.0,7.3,0
2023-07-27,ANTARCTIC,-20.8,46.6,0.0,1.0,0.1,1
2023-07-28,ANTARCTIC,-20.2,50.2,0.0,1.0,0.1,1
2023-07-29,ANTARCTIC,-19.7,43.4,0.0,1.0,6.7,0
2023-07-30,ANTARCTIC,-20.4,39.5,0.0,0.978,0.1,1
2023-07-31,ANTARCTIC,-19.1,32.9,0.0,0.93,8.2,0
2023-08-01,ANTARCTIC,-19.9,36.6,0.0,0.935,9.7,0
2023-08-02,ANTARCTIC,-20.2,30.4,0.0,0.92,10.6,0
2023-08-03,ANTARCTIC,-22.0,24.2,0.0,0.935,11.4,0
2023-08-04,ANTARCTIC,-22.4,21.3,0.0,0.897,17.0,0
2023-08-05,ANTARCTIC,-19.1,16.6,0.0,0.893,16.6,0
2023-08-06,ANTARCTIC,-20.9,19.8,0.0,0.857,14.4,0
2023-08-07,ANTARCTIC,-20.4,17.7,0.0,0.87,15.4,0
2023-08-08,ANTARCTIC,-21.3,13.7,0.0,0.809,15.8,0
2023-08-09,ANTARCTIC,-24.7,16.2,0.0,0.825,13.6,0
2023-08-10,ANTARCTIC,-23.4,18.5,0.0,0.822,16.4,0
2023-08-11,ANTARCTIC,-23.9,13.7,0.0,0.837,17.4,0
2023-08-12,ANTARCTIC,-23.1,13.8,0.0,0.778,13.2,0
2023-08-13,ANTARCTIC,-21.3,16.1,0.0,0.816,15.8,0
2023-08-14,ANTARCTIC,-20.9,17.1,0.0,0.813,15.7,0
2023-08-15,ANTARCTIC,-20.5,18.0,0.0,0.83,14.5,0
2023-08-16,ANTARCTIC,-21.9,24.2,0.0,0.761,16.4,0
2023-08-17,ANTARCTIC,-20.7,33.0,0.0,0.724,13.8,0
2023-08-18,ANTARCTIC,-21.0,31.5,0.0,0.725,10.6,0
2023-08-19,ANTARCTIC,-23.9,26.7,0.0,0.796,12.2,0
2023-08-20,ANTARCTIC,-22.2,26.5,0.0,0.826,12.1,0
2023-08-21,ANTARCTIC,-20.2,27.8,0.0,0.837,11.3,0
2023-08-22,ANTARCTIC,-18.0,28.1,0.0,0.804,10.8,0
2023-08-23,ANTARCTIC,-15.1,30.7,0.0,0.767,12.2,0
2023-08-24,ANTARCTIC,-14.6,38.6,0.0,0.789,2.1,1
2023-08-25,ANTARCTIC,-14.7,31.3,0.0,0.825,13.6,0
2023-08-26,ANTARCTIC,-13.8,29.3,0.0,0.837,13.0,0
2023-08-27,ANTARCTIC,-16.0,35.0,0.0,0.908,6.6,0
2023-08-28,ANTARCTIC,-19.0,32.5,0.0,0.876,8.1,0
2023-08-29,ANTARCTIC,-19.8,35.0,0.0,0.882,11.8,0
2023-08-30,ANTARCTIC,-17.8,36.5,0.0,0.811,12.2,0
2023-08-31,ANTARCTIC,-19.0,40.0,0.0,0.824,0.1,1
2023-09-01,ANTARCTIC,-18.3,45.5,0.0,0.885,0.1,1
2023-09-02,ANTARCTIC,-17.5,44.3,0.0,0.84,0.1,1
2023-09-03,ANTARCTIC,-17.3,35.9,0.0,0.874,11.1,0
2023-09-04,ANTARCTIC,-19.4,32.5,0.0,0.928,12.6,0
2023-09-05,ANTARCTIC,-18.7,40.0,0.0,0.891,6.0,0
2023-09-06,ANTARCTIC,-19.2,33.3,0.0,0.904,11.2,0
2023-09-07,ANTARCTIC,-16.5,34.6,0.0,0.96,13.0,0
2023-09-08,ANTARCTIC,-15.0,24.8,0.0,0.955,13.8,0
2023-09-09,ANTARCTIC,-16.0,20.6,0.0,0.974,15.6,0
2023-09-10,ANTARCTIC,-13.5,25.2,0.0,0.887,13.0,0
2023-09-11,ANTARCTIC,-13.6,25.9,0.0,0.904,12.9,0
2023-09-12,ANTARCTIC,-16.6,25.1,0.0,0.916,15.1,0
2023-09-13,ANTARCTIC,-16.8,22.8,0.0,0.852,12.6,0
2023-09-14,ANTARCTIC,-14.3,16.6,0.0,0.809,14.2,0
2023-09-15,ANTARCTIC,-15.9,20.9,0.0,0.832,13.4,0
2023-09-16,ANTARCTIC,-16.1,21.1,0.0,0.817,14.1,0
2023-09-17,ANTARCTIC,-18.2,16.8,0.0,0.859,12.9,0
2023-09-18,ANTARCTIC,-19.7,18.7,0.0,0.865,15.8,0
2023-09-19,ANTARCTIC,-20.4,22.3,0.0,0.859,13.5,0
2023-09-20,ANTARCTIC,-21.5,22.6,0.0,0.845,15.0,0
2023-09-21,ANTARCTIC,-21.5,23.9,0.0,0.85,10.1,0
2023-09-22,ANTARCTIC,-18.0,24.7,0.0,0.875,14.4,0
2023-09-23,ANTARCTIC,-17.6,22.7,0.0,0.886,15.6,0
2023-09-24,ANTARCTIC,-16.1,23.8,0.0,0.857,14.0,0
2023-09-25,ANTARCTIC,-14.3,27.1,0.0,0.898,12.5,0
2023-09-26,ANTARCTIC,-16.0,31.0,0.0,0.91,12.6,0
2023-09-27,ANTARCTIC,-17.0,33.4,0.0,0.91,12.6,0
2023-09-28,ANTARCTIC,-15.4,30.2,0.0,0.898,12.3,0
2023-09-29,ANTARCTIC,-16.2,32.1,0.0,0.904,11.9,0
2023-09-30,ANTARCTIC,-14.8,33.2,0.0,0.815,13.2,0
2023-10-01,ANTARCTIC,-12.1,29.8,0.0,0.817,12.8,0
2023-10-02,ANTARCTIC,-14.5,27.8,0.0,0.875,11.0,0
2023-10-03,ANTARCTIC,-14.9,30.2,0.0,0.87,13.4,0
2023-10-04,ANTARCTIC,-14.9,34.8,0.0,0.859,10.1,0
2023-10-05,ANTARCTIC,-15.4,27.2,0.0,0.822,12.4,0
2023-10-06,ANTARCTIC,-15.9,33.1,0.0,0.832,10.9,0
2023-10-07,ANTARCTIC,-16.2,36.4,0.0,0.813,11.3,0
2023-10-08,ANTARCTIC,-15.6,35.7,0.0,0.855,12.6,0
2023-10-09,ANTARCTIC,-14.9,33.6,0.0,0.806,10.6,0
2023-10-10,ANTARCTIC,-13.0,34.0,0.0,0.779,13.1,0
2023-10-11,ANTARCTIC,-12.9,30.6,0.0,0.747,11.7,0
2023-10-12,ANTARCTIC,-11.0,29.4,0.0,0.816,13.9,0
2023-10-13,ANTARCTIC,-12.0,23.7,0.0,0.796,13.7,0
2023-10-14,ANTARCTIC,-13.7,17.9,0.0,0.764,14.3,0
2023-10-15,ANTARCTIC,-13.7,27.6,0.0,0.673,15.2,0
2023-10-16,ANTARCTIC,-12.6,27.6,0.0,0.638,11.4,0
2023-10-17,ANTARCTIC,-11.0,28.2,0.0,0.663,11.1,0
2023-10-18,ANTARCTIC,-8.8,27.8,0.0,0.685,10.3,0
2023-10-19,ANTARCTIC,-8.6,24.6,0.0,0.658,15.0,0
2023-10-20,ANTARCTIC,-7.7,23.7,0.0,0.636,15.6,0
2023-10-21,ANTARCTIC,-6.0,24.4,0.0,0.713,13.7,0
2023-10-22,ANTARCTIC,-7.7,23.9,0.0,0.816,11.8,0
2023-10-23,ANTARCTIC,-8.3,21.5,0.0,0.846,14.0,0
2023-10-24,ANTARCTIC,-4.3,23.9,0.0,0.889,12.9,0
2023-10-25,ANTARCTIC,-3.7,24.8,0.0,0.936,11.5,0
2023-10-26,ANTARCTIC,-3.8,26.4,0.0,0.996,11.9,0
2023-10-27,ANTARCTIC,-3.2,28.8,0.0,0.949,12.7,0
2023-10-28,ANTARCTIC,-6.0,27.7,0.0,0.883,11.3,0
2023-10-29,ANTARCTIC,-7.3,26.7,0.0,0.932,13.0,0
2023-10-30,ANTARCTIC,-9.0,31.9,0.0,0.863,8.4,0
2023-10-31,ANTARCTIC,-8.2,27.5,0.0,0.799,14.8,0
2023-11-01,ANTARCTIC,-8.8,20.4,0.0,0.741,13.7,0
2023-11-02,ANTARCTIC,-8.5,23.1,0.0,0.724,14.8,0
2023-11-03,ANTARCTIC,-8.8,21.1,0.0,0.634,14.4,0
2023-11-04,ANTARCTIC,-11.0,17.8,0.0,0.575,15.6,0
2023-11-05,ANTARCTIC,-9.1,22.0,0.0,0.554,12.1,0
2023-11-06,ANTARCTIC,-11.5,21.9,0.0,0.512,12.7,0
2023-11-07,ANTARCTIC,-11.9,17.8,0.0,0.564,13.9,0
2023-11-08,ANTARCTIC,-13.1,25.8,0.0,0.568,12.8,0
2023-11-09,ANTARCTIC,-13.4,19.8,0.0,0.594,16.4,0
2023-11-10,ANTARCTIC,-12.1,20.2,0.0,0.613,15.0,0
2023-11-11,ANTARCTIC,-9.3,14.0,0.0,0.603,14.7,0
2023-11-12,ANTARCTIC,-11.2,16.5,0.0,0.641,15.5,0
2023-11-13,ANTARCTIC,-11.2,15.4,0.0,0.654,15.6,0
2023-11-14,ANTARCTIC,-13.0,19.6,0.0,0.634,14.0,0
2023-11-15,ANTARCTIC,-12.8,20.2,0.0,0.561,14.3,0
2023-11-16,ANTARCTIC,-11.6,25.7,0.0,0.584,14.0,0
2023-11-17,ANTARCTIC,-9.5,23.9,0.0,0.532,12.2,0
2023-11-18,ANTARCTIC,-12.0,18.1,0.0,0.552,14.4,0
2023-11-19,ANTARCTIC,-10.1,19.8,0.0,0.557,15.9,0
2023-11-20,ANTARCTIC,-10.8,19.5,0.0,0.503,15.2,0
2023-11-21,ANTARCTIC,-11.7,13.6,0.0,0.519,18.1,0
2023-11-22,ANTARCTIC,-10.5,11.3,0.0,0.531,19.0,0
2023-11-23,ANTARCTIC,-8.7,10.5,0.0,0.542,15.0,0
2023-11-24,ANTARCTIC,-8.2,18.0,0.0,0.549,15.4,0
2023-11-25,ANTARCTIC,-9.2,21.4,0.0,0.523,13.3,0
2023-11-26,ANTARCTIC,-8.6,20.4,0.0,0.55,12.5,0
2023-11-27,ANTARCTIC,-9.0,22.5,0.0,0.522,12.5,0
2023-11-28,ANTARCTIC,-7.3,15.3,0.0,0.481,15.3,0
2023-11-29,ANTARCTIC,-5.1,14.5,0.0,0.515,15.5,0
2023-11-30,ANTARCTIC,-3.4,17.2,0.0,0.555,14.3,0
2023-12-01,ANTARCTIC,-3.4,18.7,0.0,0.577,14.7,0
2023-12-02,ANTARCTIC,-1.7,17.4,0.0,0.565,18.8,0
2023-12-03,ANTARCTIC,-3.4,18.1,0.0,0.484,12.3,0
2023-12-04,ANTARCTIC,-0.7,20.0,0.0,0.548,16.1,0
2023-12-05,ANTARCTIC,-2.6,20.4,0.0,0.468,14.3,0
2023-12-06,ANTARCTIC,-5.7,23.9,0.0,0.498,12.7,0
2023-12-07,ANTARCTIC,-3.2,24.9,0.0,0.585,10.0,0
2023-12-08,ANTARCTIC,-4.1,26.4,0.0,0.585,13.8,0
2023-12-09,ANTARCTIC,-3.7,32.0,0.0,0.59,8.9,0
2023-12-10,ANTARCTIC,-5.1,33.6,0.0,0.599,11.8,0
2023-12-11,ANTARCTIC,-1.1,38.2,0.0,0.599,1.9,1
2023-12-12,ANTARCTIC,1.4,33.4,0.0,0.685,8.7,0
2023-12-13,ANTARCTIC,3.2,26.1,0.0,0.634,14.5,0
2023-12-14,ANTARCTIC,2.6,25.0,0.0,0.583,13.0,0
2023-12-15,ANTARCTIC,3.4,23.8,0.0,0.563,10.2,0
2023-12-16,ANTARCTIC,2.5,28.9,0.0,0.628,10.1,0
2023-12-17,ANTARCTIC,3.5,23.8,0.0,0.593,13.6,0
2023-12-18,ANTARCTIC,2.1,23.3,0.0,0.602,14.1,0
2023-12-19,ANTARCTIC,3.9,24.6,0.0,0.635,10.7,0
2023-12-20,ANTARCTIC,2.4,24.6,0.0,0.653,13.2,0
2023-12-21,ANTARCTIC,1.3,23.7,0.0,0.679,14.6,0
2023-12-22,ANTARCTIC,0.2,24.7,0.0,0.719,14.6,0
2023-12-23,ANTARCTIC,0.2,28.2,0.0,0.709,11.5,0
2023-12-24,ANTARCTIC,-0.6,32.9,0.0,0.67,11.5,0
2023-12-25,ANTARCTIC,0.0,31.4,0.0,0.659,12.8,0
2023-12-26,ANTARCTIC,-0.9,27.0,0.0,0.63,13.7,0
2023-12-27,ANTARCTIC,0.2,31.8,0.0,0.718,12.4,0
2023-12-28,ANTARCTIC,2.3,26.5,0.0,0.675,12.8,0
2023-12-29,ANTARCTIC,1.9,32.3,0.0,0.677,10.8,0
2023-12-30,ANTARCTIC,4.8,35.6,0.0,0.599,10.4,0
2023-12-31,ANTARCTIC,5.6,38.9,0.0,0.594,8.0,0
2024-01-01,ANTARCTIC,7.8,38.8,0.0,0.573,0.8,1
2024-01-02,ANTARCTIC,6.4,28.7,0.0,0.592,9.7,0
2024-01-03,ANTARCTIC,2.8,24.0,0.0,0.611,12.5,0
2024-01-04,ANTARCTIC,1.2,24.8,0.0,0.656,13.0,0
2024-01-05,ANTARCTIC,-0.1,21.9,0.0,0.694,14.6,0
2024-01-06,ANTARCTIC,-1.6,20.8,0.0,0.672,15.2,0
2024-01-07,ANTARCTIC,-4.8,23.2,0.0,0.616,15.7,0
2024-01-08,ANTARCTIC,-2.7,22.4,0.0,0.571,13.8,0
2024-01-09,ANTARCTIC,-5.2,17.9,0.0,0.576,13.9,0
2024-01-10,ANTARCTIC,-3.2,21.7,0.0,0.575,13.7,0
2024-01-11,ANTARCTIC,0.4,23.6,0.0,0.577,12.9,0
2024-01-12,ANTARCTIC,-0.9,22.5,0.0,0.548,14.5,0
2024-01-13,ANTARCTIC,-0.4,25.0,0.0,0.6,11.4,0
2024-01-14,ANTARCTIC,-1.1,24.9,0.0,0.531,12.8,0
2024-01-15,ANTARCTIC,0.2,29.2,0.0,0.505,14.3,0
2024-01-16,ANTARCTIC,-1.8,28.7,0.0,0.461,12.2,0
2024-01-17,ANTARCTIC,-1.9,32.5,0.0,0.457,9.3,0
2024-01-18,ANTARCTIC,-0.1,24.1,0.0,0.511,12.7,0
2024-01-19,ANTARCTIC,-0.3,25.5,0.0,0.499,9.5,0
2024-01-20,ANTARCTIC,-2.9,23.5,0.0,0.503,13.3,0
2024-01-21,ANTARCTIC,-0.7,20.2,0.0,0.53,16.8,0
2024-01-22,ANTARCTIC,-2.8,24.7,0.0,0.514,11.3,0
2024-01-23,ANTARCTIC,-2.4,27.5,0.0,0.529,10.1,0
2024-01-24,ANTARCTIC,-1.4,19.5,0.0,0.537,13.6,0
2024-01-25,ANTARCTIC,-1.2,22.4,0.0,0.489,15.1,0
2024-01-26,ANTARCTIC,2.6,24.5,0.0,0.472,15.7,0
2024-01-27,ANTARCTIC,3.1,21.6,0.0,0.49,14.6,0
2024-01-28,ANTARCTIC,2.1,18.7,0.0,0.544,12.8,0
2024-01-29,ANTARCTIC,2.5,13.5,0.0,0.592,16.2,0
2024-01-30,ANTARCTIC,2.2,13.6,0.0,0.668,18.9,0
2024-01-31,ANTARCTIC,1.6,14.3,0.0,0.673,15.5,0
2024-02-01,ANTARCTIC,1.5,18.3,0.0,0.641,15.1,0
2024-02-02,ANTARCTIC,0.3,19.9,0.0,0.626,14.8,0
2024-02-03,ANTARCTIC,0.3,16.5,0.0,0.611,13.1,0
2024-02-04,ANTARCTIC,-0.8,18.2,0.0,0.586,16.4,0
2024-02-05,ANTARCTIC,-3.8,18.0,0.0,0.595,16.3,0
2024-02-06,ANTARCTIC,-1.9,15.3,0.0,0.606,12.7,0
2024-02-07,ANTARCTIC,-2.8,10.7,0.0,0.551,15.0,0
2024-02-08,ANTARCTIC,-2.5,14.7,0.0,0.593,14.4,0
2024-02-09,ANTARCTIC,-3.6,17.5,0.0,0.514,16.2,0
2024-02-10,ANTARCTIC,-4.6,20.3,0.0,0.507,13.2,0
2024-02-11,ANTARCTIC,-5.8,18.0,0.0,0.556,15.6,0
2024-02-12,ANTARCTIC,-3.9,19.4,0.0,0.579,14.3,0
2024-02-13,ANTARCTIC,-2.0,14.9,0.0,0.561,15.9,0
2024-02-14,ANTARCTIC,-2.1,12.6,0.0,0.638,17.2,0
2024-02-15,ANTARCTIC,-3.1,14.2,0.0,0.611,16.4,0
2024-02-16,ANTARCTIC,-5.6,16.5,0.0,0.525,15.4,0
2024-02-17,ANTARCTIC,-4.1,11.6,0.0,0.546,17.2,0
2024-02-18,ANTARCTIC,-5.0,9.5,0.0,0.476,17.7,0
2024-02-19,ANTARCTIC,-6.4,10.3,0.0,0.451,16.8,0
2024-02-20,ANTARCTIC,-6.0,15.7,0.0,0.487,15.0,0
2024-02-21,ANTARCTIC,-6.2,13.9,0.0,0.476,18.9,0
2024-02-22,ANTARCTIC,-8.1,15.8,0.0,0.508,14.9,0
2024-02-23,ANTARCTIC,-9.6,17.8,0.0,0.468,17.1,0
2024-02-24,ANTARCTIC,-8.2,17.8,0.0,0.513,14.0,0
2024-02-25,ANTARCTIC,-8.6,19.6,0.0,0.451,15.7,0
2024-02-26,ANTARCTIC,-7.2,15.3,0.0,0.516,18.4,0
2024-02-27,ANTARCTIC,-6.6,14.2,0.0,0.504,15.5,0
2024-02-28,ANTARCTIC,-4.8,20.8,0.0,0.573,13.2,0
2024-02-29,ANTARCTIC,-6.0,26.7,0.0,0.541,11.9,0
2024-03-01,ANTARCTIC,-5.5,29.3,0.0,0.623,11.8,0
2024-03-02,ANTARCTIC,-4.5,32.4,0.0,0.581,11.4,0
2024-03-03,ANTARCTIC,-5.6,24.6,0.0,0.511,13.1,0
2024-03-04,ANTARCTIC,-3.9,21.1,0.0,0.522,13.5,0
2024-03-05,ANTARCTIC,-6.6,20.4,0.0,0.579,17.2,0
2024-03-06,ANTARCTIC,-7.8,29.7,0.0,0.613,11.4,0
2024-03-07,ANTARCTIC,-10.0,27.7,0.0,0.659,11.3,0
2024-03-08,ANTARCTIC,-10.6,29.9,0.0,0.687,12.9,0
2024-03-09,ANTARCTIC,-10.2,30.4,0.0,0.647,12.7,0
2024-03-10,ANTARCTIC,-8.3,30.8,0.0,0.675,13.5,0
2024-03-11,ANTARCTIC,-8.3,29.8,0.0,0.673,14.5,0
2024-03-12,ANTARCTIC,-9.0,24.7,0.0,0.64,13.6,0
2024-03-13,ANTARCTIC,-11.0,15.0,0.0,0.646,15.4,0
2024-03-14,ANTARCTIC,-12.2,21.1,0.0,0.643,11.2,0
2024-03-15,ANTARCTIC,-11.0,19.4,0.0,0.699,13.2,0
2024-03-16,ANTARCTIC,-9.2,13.5,0.0,0.672,16.5,0
2024-03-17,ANTARCTIC,-9.6,16.8,0.0,0.647,13.5,0
2024-03-18,ANTARCTIC,-7.5,19.6,0.0,0.619,12.1,0
2024-03-19,ANTARCTIC,-9.0,23.2,0.0,0.698,13.6,0
2024-03-20,ANTARCTIC,-9.4,27.5,0.0,0.668,13.5,0
2024-03-21,ANTARCTIC,-9.7,23.9,0.0,0.719,12.9,0
2024-03-22,ANTARCTIC,-7.3,21.0,0.0,0.672,15.5,0
2024-03-23,ANTARCTIC,-7.3,20.5,0.0,0.692,15.2,0
2024-03-24,ANTARCTIC,-10.2,24.2,0.0,0.7,14.9,0
2024-03-25,ANTARCTIC,-8.6,16.9,0.0,0.746,18.5,0
2024-03-26,ANTARCTIC,-5.9,18.7,0.0,0.783,18.7,0
2024-03-27,ANTARCTIC,-6.8,23.1,0.0,0.776,14.6,0
2024-03-28,ANTARCTIC,-8.6,26.7,0.0,0.745,11.8,0
2024-03-29,ANTARCTIC,-7.5,29.2,0.0,0.805,11.9,0
2024-03-30,ANTARCTIC,-4.9,32.5,0.0,0.768,13.3,0
2024-03-31,ANTARCTIC,-4.4,21.7,0.0,0.67,12.6,0
2024-04-01,ANTARCTIC,-7.8,28.2,0.0,0.599,14.3,0
2024-04-02,ANTARCTIC,-7.0,29.1,0.0,0.544,11.6,0
2024-04-03,ANTARCTIC,-7.0,33.5,0.0,0.585,11.0,0
2024-04-04,ANTARCTIC,-9.0,28.2,0.0,0.686,10.9,0
2024-04-05,ANTARCTIC,-7.4,21.7,0.0,0.607,11.9,0
2024-04-06,ANTARCTIC,-7.3,28.8,0.0,0.587,11.5,0
2024-04-07,ANTARCTIC,-6.0,25.2,0.0,0.604,14.9,0
2024-04-08,ANTARCTIC,-8.4,24.3,0.0,0.678,12.1,0
2024-04-09,ANTARCTIC,-8.4,26.6,0.0,0.652,15.0,0
2024-04-10,ANTARCTIC,-10.3,29.5,0.0,0.684,10.9,0
2024-04-11,ANTARCTIC,-10.2,33.0,0.0,0.679,9.2,0
2024-04-12,ANTARCTIC,-8.3,32.9,0.0,0.79,11.2,0
2024-04-13,ANTARCTIC,-11.1,28.3,0.0,0.791,13.1,0
2024-04-14,ANTARCTIC,-13.4,30.7,0.0,0.801,11.7,0
2024-04-15,ANTARCTIC,-11.9,32.8,0.0,0.8,11.0,0
2024-04-16,ANTARCTIC,-12.1,25.5,0.0,0.779,15.3,0
2024-04-17,ANTARCTIC,-10.6,30.9,0.0,0.815,11.5,0
2024-04-18,ANTARCTIC,-12.2,21.5,0.0,0.764,13.3,0
2024-04-19,ANTARCTIC,-12.4,26.2,0.0,0.684,11.0,0
2024-04-20,ANTARCTIC,-11.6,24.1,0.0,0.687,15.2,0
2024-04-21,ANTARCTIC,-11.7,27.3,0.0,0.728,11.7,0
2024-04-22,ANTARCTIC,-14.7,29.2,0.0,0.71,11.3,0
2024-04-23,ANTARCTIC,-10.5,28.9,0.0,0.725,13.5,0
2024-04-24,ANTARCTIC,-10.8,30.4,0.0,0.682,14.6,0
2024-04-25,ANTARCTIC,-13.4,29.8,0.0,0.736,12.0,0
2024-04-26,ANTARCTIC,-13.2,32.2,0.0,0.768,10.8,0
2024-04-27,ANTARCTIC,-12.9,39.5,0.0,0.771,0.1,1
2024-04-28,ANTARCTIC,-11.8,33.0,0.0,0.781,10.1,0
2024-04-29,ANTARCTIC,-11.0,20.9,0.0,0.728,13.6,0
2024-04-30,ANTARCTIC,-12.0,20.6,0.0,0.682,13.7,0
2024-05-01,ANTARCTIC,-15.2,20.1,0.0,0.69,15.7,0
2024-05-02,ANTARCTIC,-14.6,20.0,0.0,0.723,14.3,0
2024-05-03,ANTARCTIC,-17.4,18.0,0.0,0.755,17.0,0
2024-05-04,ANTARCTIC,-15.4,22.8,0.0,0.747,13.4,0
2024-05-05,ANTARCTIC,-16.7,18.8,0.0,0.785,14.2,0
2024-05-06,ANTARCTIC,-15.8,22.0,0.0,0.846,15.8,0
2024-05-07,ANTARCTIC,-16.9,25.4,0.0,0.841,12.9,0
2024-05-08,ANTARCTIC,-17.7,27.1,0.0,0.853,12.2,0
2024-05-09,ANTARCTIC,-18.9,29.2,0.0,0.843,11.9,0
2024-05-10,ANTARCTIC,-17.6,32.7,0.0,0.838,13.1,0
2024-05-11,ANTARCTIC,-18.5,32.4,0.0,0.846,11.4,0
2024-05-12,ANTARCTIC,-17.3,30.7,0.0,0.914,13.3,0
2024-05-13,ANTARCTIC,-18.3,32.3,0.0,0.944,10.6,0
2024-05-14,ANTARCTIC,-18.6,34.1,0.0,0.968,12.1,0
2024-05-15,ANTARCTIC,-18.5,36.7,0.0,0.939,10.1,0
2024-05-16,ANTARCTIC,-18.3,29.5,0.0,0.895,13.1,0
2024-05-17,ANTARCTIC,-19.7,28.9,0.0,0.908,13.3,0
2024-05-18,ANTARCTIC,-18.5,25.3,0.0,0.953,11.5,0
2024-05-19,ANTARCTIC,-19.0,28.0,0.0,1.0,12.3,0
2024-05-20,ANTARCTIC,-18.2,31.0,0.0,0.902,12.8,0
2024-05-21,ANTARCTIC,-18.4,29.9,0.0,0.997,13.3,0
2024-05-22,ANTARCTIC,-17.6,27.3,0.0,1.0,14.2,0
2024-05-23,ANTARCTIC,-18.5,29.9,0.0,1.0,11.8,0
2024-05-24,ANTARCTIC,-19.9,29.5,0.0,0.942,14.0,0
2024-05-25,ANTARCTIC,-19.2,34.8,0.0,0.927,9.3,0
2024-05-26,ANTARCTIC,-20.1,40.6,0.0,0.956,0.1,1
2024-05-27,ANTARCTIC,-17.9,42.7,0.0,0.902,7.6,0
2024-05-28,ANTARCTIC,-18.1,41.7,0.0,0.786,0.1,1
2024-05-29,ANTARCTIC,-20.5,46.7,0.0,0.81,0.1,1
2024-05-30,ANTARCTIC,-21.4,45.2,0.0,0.817,5.2,0
2024-05-31,ANTARCTIC,-22.8,41.3,0.0,0.883,5.9,0
2024-06-01,ANTARCTIC,-20.8,37.3,0.0,0.879,10.7,0
2024-06-02,ANTARCTIC,-19.7,33.8,0.0,0.878,8.4,0
2024-06-03,ANTARCTIC,-19.9,33.4,0.0,0.909,11.5,0
2024-06-04,ANTARCTIC,-19.7,34.7,0.0,0.95,9.8,0
2024-06-05,ANTARCTIC,-20.0,29.1,0.0,0.918,10.7,0
2024-06-06,ANTARCTIC,-18.9,27.8,0.0,0.955,10.7,0
2024-06-07,ANTARCTIC,-18.5,29.1,0.0,0.93,12.2,0
2024-06-08,ANTARCTIC,-17.9,31.7,0.0,0.929,10.0,0
2024-06-09,ANTARCTIC,-18.7,31.6,0.0,0.955,11.2,0
2024-06-10,ANTARCTIC,-20.1,32.4,0.0,0.985,11.5,0
2024-06-11,ANTARCTIC,-19.4,27.8,0.0,0.992,13.1,0
2024-06-12,ANTARCTIC,-17.4,25.1,0.0,0.942,14.4,0
2024-06-13,ANTARCTIC,-16.4,25.8,0.0,0.865,13.0,0
2024-06-14,ANTARCTIC,-14.9,28.5,0.0,0.864,10.4,0
2024-06-15,ANTARCTIC,-15.7,29.8,0.0,0.909,12.4,0
2024-06-16,ANTARCTIC,-18.1,27.0,0.0,0.929,13.4,0
2024-06-17,ANTARCTIC,-20.1,26.9,0.0,0.939,12.2,0
2024-06-18,ANTARCTIC,-18.3,33.0,0.0,0.938,10.3,0
2024-06-19,ANTARCTIC,-21.7,34.8,0.0,0.95,14.0,0
2024-06-20,ANTARCTIC,-19.6,33.7,0.0,0.908,8.6,0
2024-06-21,ANTARCTIC,-21.2,29.8,0.0,0.942,12.4,0
2024-06-22,ANTARCTIC,-18.5,27.5,0.0,0.975,13.9,0
2024-06-23,ANTARCTIC,-19.2,28.2,0.0,0.957,11.6,0
2024-06-24,ANTARCTIC,-18.7,29.7,0.0,0.973,11.4,0
2024-06-25,ANTARCTIC,-15.7,32.1,0.0,0.901,10.4,0
2024-06-26,ANTARCTIC,-17.2,33.4,0.0,0.912,10.6,0
2024-06-27,ANTARCTIC,-18.6,31.9,0.0,0.909,12.4,0
2024-06-28,ANTARCTIC,-20.3,30.0,0.0,0.963,11.3,0
2024-06-29,ANTARCTIC,-22.2,37.7,0.0,0.953,14.1,0
2024-06-30,ANTARCTIC,-22.8,34.8,0.0,0.986,9.6,0
2024-07-01,ANTARCTIC,-23.6,29.8,0.0,0.966,13.7,0
2024-07-02,ANTARCTIC,-25.4,24.2,0.0,0.872,14.0,0
2024-07-03,ANTARCTIC,-25.4,24.1,0.0,0.87,13.4,0
2024-07-04,ANTARCTIC,-24.3,28.7,0.0,0.885,14.2,0
2024-07-05,ANTARCTIC,-25.5,27.1,0.0,0.897,10.0,0
2024-07-06,ANTARCTIC,-25.4,33.1,0.0,0.908,11.4,0
2024-07-07,ANTARCTIC,-22.9,33.0,0.0,0.892,9.7,0
2024-07-08,ANTARCTIC,-25.1,36.8,0.0,0.884,9.0,0
2024-07-09,ANTARCTIC,-21.9,33.4,0.0,0.845,9.9,0
2024-07-10,ANTARCTIC,-23.0,30.5,0.0,0.775,10.0,0
2024-07-11,ANTARCTIC,-22.7,31.0,0.0,0.787,8.8,0
2024-07-12,ANTARCTIC,-20.9,32.9,0.0,0.773,11.4,0
2024-07-13,ANTARCTIC,-18.8,32.2,0.0,0.833,10.9,0
2024-07-14,ANTARCTIC,-18.8,33.2,0.0,0.756,10.3,0
2024-07-15,ANTARCTIC,-20.4,35.1,0.0,0.786,11.3,0
2024-07-16,ANTARCTIC,-22.0,29.5,0.0,0.887,12.4,0
2024-07-17,ANTARCTIC,-23.0,28.7,0.0,0.885,11.6,0
2024-07-18,ANTARCTIC,-20.2,27.3,0.0,0.89,16.9,0
2024-07-19,ANTARCTIC,-21.1,26.3,0.0,0.912,14.2,0
2024-07-20,ANTARCTIC,-20.9,28.6,0.0,0.934,15.7,0
2024-07-21,ANTARCTIC,-22.8,27.3,0.0,0.918,11.7,0
2024-07-22,ANTARCTIC,-24.5,20.8,0.0,0.88,14.6,0
2024-07-23,ANTARCTIC,-24.2,21.6,0.0,0.911,12.1,0
2024-07-24,ANTARCTIC,-24.5,19.3,0.0,0.837,14.1,0
2024-07-25,ANTARCTIC,-24.6,23.0,0.0,0.88,12.7,0
2024-07-26,ANTARCTIC,-26.5,27.2,0.0,0.869,16.9,0
2024-07-27,ANTARCTIC,-26.0,20.1,0.0,0.875,13.3,0
2024-07-28,ANTARCTIC,-23.2,19.0,0.0,0.86,14.3,0
2024-07-29,ANTARCTIC,-24.4,22.2,0.0,0.924,11.6,0
2024-07-30,ANTARCTIC,-22.7,18.6,0.0,0.934,15.6,0
2024-07-31,ANTARCTIC,-27.9,23.4,0.0,0.92,12.1,0
2024-08-01,ANTARCTIC,-28.2,28.4,0.0,0.906,13.4,0
2024-08-02,ANTARCTIC,-30.2,28.3,0.0,0.901,9.4,0
2024-08-03,ANTARCTIC,-27.1,26.0,0.0,0.999,12.5,0
2024-08-04,ANTARCTIC,-25.0,18.5,0.0,0.938,12.0,0
2024-08-05,ANTARCTIC,-26.1,23.4,0.0,0.979,12.7,0
2024-08-06,ANTARCTIC,-25.1,31.8,0.0,0.995,10.7,0
2024-08-07,ANTARCTIC,-22.8,38.2,0.0,1.0,8.4,0
2024-08-08,ANTARCTIC,-20.6,36.5,0.0,1.0,9.0,0
2024-08-09,ANTARCTIC,-21.3,31.8,0.0,1.0,12.6,0
2024-08-10,ANTARCTIC,-24.7,34.7,0.0,1.0,13.5,0
2024-08-11,ANTARCTIC,-25.5,33.8,0.0,1.0,11.1,0
2024-08-12,ANTARCTIC,-23.7,35.1,0.0,1.0,8.9,0
2024-08-13,ANTARCTIC,-20.2,35.6,0.0,1.0,10.1,0
2024-08-14,ANTARCTIC,-20.4,35.3,0.0,1.0,9.6,0
2024-08-15,ANTARCTIC,-21.4,38.3,0.0,1.0,0.6,1
2024-08-16,ANTARCTIC,-17.7,41.1,0.0,1.0,8.9,0
2024-08-17,ANTARCTIC,-17.6,37.7,0.0,1.0,7.1,0
2024-08-18,ANTARCTIC,-19.9,33.4,0.0,0.974,12.3,0
2024-08-19,ANTARCTIC,-20.2,24.0,0.0,0.951,14.7,0
2024-08-20,ANTARCTIC,-18.7,23.8,0.0,0.906,15.6,0
2024-08-21,ANTARCTIC,-19.0,20.9,0.0,0.923,13.4,0
2024-08-22,ANTARCTIC,-18.0,23.9,0.0,0.888,13.8,0
2024-08-23,ANTARCTIC,-20.7,23.7,0.0,0.835,11.6,0
2024-08-24,ANTARCTIC,-22.7,23.9,0.0,0.794,13.2,0
2024-08-25,ANTARCTIC,-23.4,27.8,0.0,0.779,12.8,0
2024-08-26,ANTARCTIC,-23.3,29.6,0.0,0.768,10.7,0
2024-08-27,ANTARCTIC,-22.2,29.3,0.0,0.787,12.3,0
2024-08-28,ANTARCTIC,-20.8,35.6,0.0,0.788,10.3,0
2024-08-29,ANTARCTIC,-16.9,37.4,0.0,0.81,8.8,0
2024-08-30,ANTARCTIC,-18.3,34.8,0.0,0.832,12.3,0
2024-08-31,ANTARCTIC,-18.9,32.8,0.0,0.863,10.5,0
2024-09-01,ANTARCTIC,-19.9,35.2,0.0,0.785,10.3,0
2024-09-02,ANTARCTIC,-18.1,35.2,0.0,0.746,8.0,0
2024-09-03,ANTARCTIC,-16.4,30.3,0.0,0.777,12.3,0
2024-09-04,ANTARCTIC,-17.4,33.5,0.0,0.792,9.9,0
2024-09-05,ANTARCTIC,-14.4,37.5,0.0,0.835,10.9,0
2024-09-06,ANTARCTIC,-16.0,40.6,0.0,0.773,0.1,1
2024-09-07,ANTARCTIC,-14.7,44.5,0.0,0.759,0.1,1
2024-09-08,ANTARCTIC,-13.0,49.7,0.0,0.753,2.8,0
2024-09-09,ANTARCTIC,-15.7,52.9,0.0,0.767,0.1,1
2024-09-10,ANTARCTIC,-15.1,50.6,0.0,0.773,0.1,1
2024-09-11,ANTARCTIC,-19.5,46.7,0.0,0.796,7.5,0
2024-09-12,ANTARCTIC,-17.9,37.5,0.0,0.792,8.6,0
2024-09-13,ANTARCTIC,-19.4,36.3,0.0,0.849,8.4,0
2024-09-14,ANTARCTIC,-18.1,37.1,0.0,0.912,9.0,0
2024-09-15,ANTARCTIC,-16.7,36.0,0.0,0.856,10.2,0
2024-09-16,ANTARCTIC,-15.0,28.1,0.0,0.851,13.0,0
2024-09-17,ANTARCTIC,-13.8,27.2,0.0,0.877,12.8,0
2024-09-18,ANTARCTIC,-14.0,29.8,0.0,0.892,10.3,0
2024-09-19,ANTARCTIC,-14.9,25.9,0.0,0.865,15.5,0
2024-09-20,ANTARCTIC,-15.1,26.9,0.0,0.866,13.0,0
2024-09-21,ANTARCTIC,-16.8,28.7,0.0,0.794,11.0,0
2024-09-22,ANTARCTIC,-16.9,32.7,0.0,0.791,11.5,0
2024-09-23,ANTARCTIC,-17.0,38.2,0.0,0.73,0.1,1
2024-09-24,ANTARCTIC,-17.9,35.4,0.0,0.754,9.8,0
2024-09-25,ANTARCTIC,-20.0,35.0,0.0,0.71,9.8,0
2024-09-26,ANTARCTIC,-21.1,34.7,0.0,0.722,11.8,0
2024-09-27,ANTARCTIC,-24.8,36.0,0.0,0.737,12.5,0
2024-09-28,ANTARCTIC,-23.7,36.8,0.0,0.742,6.7,0
2024-09-29,ANTARCTIC,-21.7,40.6,0.0,0.717,10.5,0
2024-09-30,ANTARCTIC,-24.5,30.3,0.0,0.711,11.6,0
2024-10-01,ANTARCTIC,-22.5,31.4,0.0,0.761,11.6,0
2024-10-02,ANTARCTIC,-21.3,32.6,0.0,0.741,12.9,0
2024-10-03,ANTARCTIC,-21.9,31.0,0.0,0.741,7.3,0
2024-10-04,ANTARCTIC,-21.2,22.3,0.0,0.718,15.0,0
2024-10-05,ANTARCTIC,-18.3,22.8,0.0,0.759,15.5,0
2024-10-06,ANTARCTIC,-18.9,20.9,0.0,0.758,13.1,0
2024-10-07,ANTARCTIC,-17.8,27.9,0.0,0.723,10.1,0
2024-10-08,ANTARCTIC,-16.5,29.1,0.0,0.722,14.3,0
2024-10-09,ANTARCTIC,-17.0,26.0,0.0,0.711,10.1,0
2024-10-10,ANTARCTIC,-14.7,18.7,0.0,0.766,15.4,0
2024-10-11,ANTARCTIC,-13.7,22.1,0.0,0.758,15.4,0
2024-10-12,ANTARCTIC,-13.7,25.3,0.0,0.696,13.5,0
2024-10-13,ANTARCTIC,-9.8,24.7,0.0,0.716,13.9,0
2024-10-14,ANTARCTIC,-8.5,27.2,0.0,0.785,12.0,0
2024-10-15,ANTARCTIC,-11.4,25.8,0.0,0.823,13.5,0
2024-10-16,ANTARCTIC,-11.8,29.7,0.0,0.764,10.6,0
2024-10-17,ANTARCTIC,-7.9,32.8,0.0,0.745,9.9,0
2024-10-18,ANTARCTIC,-9.8,25.9,0.0,0.737,12.8,0
2024-10-19,ANTARCTIC,-9.7,20.9,0.0,0.729,11.8,0
2024-10-20,ANTARCTIC,-7.9,29.0,0.0,0.738,12.7,0
2024-10-21,ANTARCTIC,-7.2,31.9,0.0,0.717,7.3,0
2024-10-22,ANTARCTIC,-6.4,26.5,0.0,0.674,13.1,0
2024-10-23,ANTARCTIC,-5.7,20.7,0.0,0.71,14.9,0
2024-10-24,ANTARCTIC,-6.2,22.2,0.0,0.66,12.6,0
2024-10-25,ANTARCTIC,-7.8,18.6,0.0,0.626,12.9,0
2024-10-26,ANTARCTIC,-7.3,18.5,0.0,0.583,14.2,0
2024-10-27,ANTARCTIC,-8.1,19.4,0.0,0.613,15.5,0
2024-10-28,ANTARCTIC,-8.9,20.0,0.0,0.62,14.9,0
2024-10-29,ANTARCTIC,-6.6,24.8,0.0,0.657,11.4,0
2024-10-30,ANTARCTIC,-7.4,31.5,0.0,0.622,11.3,0
2024-10-31,ANTARCTIC,-4.9,28.8,0.0,0.573,12.3,0
2024-11-01,ANTARCTIC,-4.9,24.2,0.0,0.56,13.6,0
2024-11-02,ANTARCTIC,-5.6,25.7,0.0,0.559,11.3,0
2024-11-03,ANTARCTIC,-8.6,31.5,0.0,0.573,11.4,0
2024-11-04,ANTARCTIC,-5.2,29.0,0.0,0.509,13.3,0
2024-11-05,ANTARCTIC,-5.5,31.4,0.0,0.539,12.0,0
2024-11-06,ANTARCTIC,-9.1,27.4,0.0,0.51,12.9,0
2024-11-07,ANTARCTIC,-7.3,27.1,0.0,0.493,14.9,0
2024-11-08,ANTARCTIC,-7.2,22.5,0.0,0.551,14.0,0
2024-11-09,ANTARCTIC,-8.5,22.8,0.0,0.468,12.3,0
2024-11-10,ANTARCTIC,-6.8,22.6,0.0,0.493,12.4,0
2024-11-11,ANTARCTIC,-10.5,25.1,0.0,0.516,13.2,0
2024-11-12,ANTARCTIC,-10.9,31.4,0.0,0.49,9.1,0
2024-11-13,ANTARCTIC,-10.5,28.9,0.0,0.482,11.4,0
2024-11-14,ANTARCTIC,-8.5,21.0,0.0,0.54,14.8,0
2024-11-15,ANTARCTIC,-4.7,20.7,0.0,0.623,16.0,0
2024-11-16,ANTARCTIC,-5.2,22.3,0.0,0.66,11.5,0
2024-11-17,ANTARCTIC,-4.5,23.2,0.0,0.727,13.6,0
2024-11-18,ANTARCTIC,-0.4,22.7,0.0,0.684,13.5,0
2024-11-19,ANTARCTIC,-1.1,28.3,0.0,0.609,12.1,0
2024-11-20,ANTARCTIC,-0.9,28.1,0.0,0.602,12.4,0
2024-11-21,ANTARCTIC,-3.3,27.0,0.0,0.63,12.4,0
2024-11-22,ANTARCTIC,-0.5,23.7,0.0,0.549,15.5,0
2024-11-23,ANTARCTIC,-2.2,17.4,0.0,0.512,17.0,0
2024-11-24,ANTARCTIC,-2.1,19.5,0.0,0.484,17.8,0
2024-11-25,ANTARCTIC,-2.0,20.9,0.0,0.505,14.1,0
2024-11-26,ANTARCTIC,-2.2,17.5,0.0,0.518,14.5,0
2024-11-27,ANTARCTIC,-3.0,18.2,0.0,0.49,13.5,0
2024-11-28,ANTARCTIC,-2.8,18.4,0.0,0.502,14.1,0
2024-11-29,ANTARCTIC,-0.2,16.9,0.0,0.461,16.3,0
2024-11-30,ANTARCTIC,2.7,15.0,0.0,0.451,17.1,0
2024-12-01,ANTARCTIC,1.5,17.6,0.0,0.409,16.1,0
2024-12-02,ANTARCTIC,0.2,17.6,0.0,0.416,14.1,0
2024-12-03,ANTARCTIC,-1.5,16.3,0.0,0.395,14.5,0
2024-12-04,ANTARCTIC,2.3,14.2,0.0,0.436,19.0,0
2024-12-05,ANTARCTIC,1.7,15.0,0.0,0.445,14.6,0
2024-12-06,ANTARCTIC,2.7,19.5,0.0,0.444,16.7,0
2024-12-07,ANTARCTIC,3.0,20.7,0.0,0.522,14.8,0
2024-12-08,ANTARCTIC,5.5,20.2,0.0,0.538,13.3,0
2024-12-09,ANTARCTIC,3.9,21.6,0.0,0.521,12.2,0
2024-12-10,ANTARCTIC,1.3,26.7,0.0,0.498,11.5,0
2024-12-11,ANTARCTIC,3.6,27.8,0.0,0.453,12.8,0
2024-12-12,ANTARCTIC,4.1,28.0,0.0,0.456,10.8,0
2024-12-13,ANTARCTIC,3.8,29.5,0.0,0.474,14.1,0
2024-12-14,ANTARCTIC,5.3,27.8,0.0,0.402,11.9,0
2024-12-15,ANTARCTIC,5.0,27.7,0.0,0.358,13.3,0
2024-12-16,ANTARCTIC,6.3,25.1,0.0,0.353,13.9,0
2024-12-17,ANTARCTIC,5.5,19.1,0.0,0.324,17.1,0
2024-12-18,ANTARCTIC,5.7,20.8,0.0,0.344,13.5,0
2024-12-19,ANTARCTIC,5.4,22.3,0.0,0.368,13.9,0
2024-12-20,ANTARCTIC,3.9,21.3,0.0,0.377,11.9,0
2024-12-21,ANTARCTIC,2.8,25.1,0.0,0.412,13.1,0
2024-12-22,ANTARCTIC,1.6,22.1,0.0,0.397,15.5,0
2024-12-23,ANTARCTIC,1.5,15.7,0.0,0.406,15.9,0
2024-12-24,ANTARCTIC,0.4,14.2,0.0,0.376,19.5,0
2024-12-25,ANTARCTIC,0.8,9.8,0.0,0.399,18.0,0
2024-12-26,ANTARCTIC,1.1,12.9,0.0,0.413,15.6,0
2024-12-27,ANTARCTIC,1.1,11.6,0.0,0.373,17.4,0
2024-12-28,ANTARCTIC,1.1,16.7,0.0,0.38,13.1,0
2024-12-29,ANTARCTIC,-0.1,21.0,0.0,0.39,12.9,0
2024-12-30,ANTARCTIC,-0.7,17.8,0.0,0.412,13.2,0
2024-12-31,ANTARCTIC,-3.2,15.5,0.0,0.434,15.7,0
2025-01-01,ANTARCTIC,-3.1,18.4,0.0,0.412,14.7,0
2025-01-02,ANTARCTIC,-4.3,22.5,0.0,0.451,15.5,0
2025-01-03,ANTARCTIC,-3.6,15.2,0.0,0.477,15.6,0
2025-01-04,ANTARCTIC,-4.3,17.2,0.0,0.45,13.7,0
2025-01-05,ANTARCTIC,-6.9,10.0,0.0,0.409,19.5,0
2025-01-06,ANTARCTIC,-2.6,9.8,0.0,0.392,12.8,0
2025-01-07,ANTARCTIC,-2.7,15.6,0.0,0.343,15.7,0
2025-01-08,ANTARCTIC,-0.3,27.4,0.0,0.367,12.7,0
2025-01-09,ANTARCTIC,-1.2,25.7,0.0,0.427,12.8,0
2025-01-10,ANTARCTIC,1.4,20.7,0.0,0.491,15.0,0
2025-01-11,ANTARCTIC,-0.7,19.0,0.0,0.448,14.8,0
2025-01-12,ANTARCTIC,-0.4,19.7,0.0,0.485,15.2,0
2025-01-13,ANTARCTIC,-2.2,17.6,0.0,0.49,14.2,0
2025-01-14,ANTARCTIC,1.9,15.0,0.0,0.395,13.6,0
2025-01-15,ANTARCTIC,1.1,14.5,0.0,0.392,15.9,0
2025-01-16,ANTARCTIC,2.0,17.0,0.0,0.385,13.7,0
2025-01-17,ANTARCTIC,2.2,17.2,0.0,0.445,14.1,0
2025-01-18,ANTARCTIC,1.7,14.7,0.0,0.416,17.6,0
2025-01-19,ANTARCTIC,2.1,13.4,0.0,0.447,18.6,0
2025-01-20,ANTARCTIC,3.6,13.2,0.0,0.448,18.0,0
2025-01-21,ANTARCTIC,3.9,10.9,0.0,0.396,18.4,0
2025-01-22,ANTARCTIC,3.4,10.1,0.0,0.385,17.3,0
2025-01-23,ANTARCTIC,3.5,14.2,0.0,0.458,17.5,0
2025-01-24,ANTARCTIC,5.6,14.6,0.0,0.456,16.5,0
2025-01-25,ANTARCTIC,4.0,9.4,0.0,0.498,20.3,0
2025-01-26,ANTARCTIC,0.4,15.0,0.0,0.533,14.4,0
2025-01-27,ANTARCTIC,-1.5,17.6,0.0,0.513,16.1,0
2025-01-28,ANTARCTIC,-3.1,13.3,0.0,0.462,14.4,0
2025-01-29,ANTARCTIC,-4.2,13.3,0.0,0.421,17.3,0
2025-01-30,ANTARCTIC,-5.1,11.8,0.0,0.488,14.1,0
2025-01-31,ANTARCTIC,-4.6,15.8,0.0,0.497,13.7,0
2025-02-01,ANTARCTIC,-3.8,15.5,0.0,0.43,13.7,0
2025-02-02,ANTARCTIC,-3.1,16.2,0.0,0.473,15.8,0
2025-02-03,ANTARCTIC,-4.1,16.5,0.0,0.406,15.9,0
2025-02-04,ANTARCTIC,-2.3,12.1,0.0,0.385,20.3,0
2025-02-05,ANTARCTIC,-1.4,18.7,0.0,0.402,14.6,0
2025-02-06,ANTARCTIC,0.8,21.6,0.0,0.516,15.1,0
2025-02-07,ANTARCTIC,1.6,19.1,0.0,0.55,14.9,0
2025-02-08,ANTARCTIC,0.5,20.3,0.0,0.529,15.3,0
2025-02-09,ANTARCTIC,2.0,24.2,0.0,0.53,13.4,0
2025-02-10,ANTARCTIC,1.8,24.1,0.0,0.568,14.9,0
2025-02-11,ANTARCTIC,2.3,29.5,0.0,0.622,10.1,0
2025-02-12,ANTARCTIC,2.6,39.0,0.0,0.604,5.4,0
2025-02-13,ANTARCTIC,1.6,36.2,0.0,0.589,10.5,0
2025-02-14,ANTARCTIC,1.1,32.1,0.0,0.551,8.3,0
2025-02-15,ANTARCTIC,0.3,27.1,0.0,0.577,14.4,0
2025-02-16,ANTARCTIC,-1.5,18.5,0.0,0.616,14.0,0
2025-02-17,ANTARCTIC,-5.0,23.7,0.0,0.532,11.8,0
2025-02-18,ANTARCTIC,-5.8,22.3,0.0,0.518,17.8,0
2025-02-19,ANTARCTIC,-5.2,25.6,0.0,0.474,12.8,0
2025-02-20,ANTARCTIC,-3.3,29.1,0.0,0.488,11.5,0
2025-02-21,ANTARCTIC,-2.2,24.4,0.0,0.446,14.3,0
2025-02-22,ANTARCTIC,-2.9,20.9,0.0,0.406,15.4,0
2025-02-23,ANTARCTIC,-4.1,27.5,0.0,0.467,14.0,0
2025-02-24,ANTARCTIC,-4.4,26.7,0.0,0.471,10.5,0
2025-02-25,ANTARCTIC,-5.8,23.8,0.0,0.479,14.1,0
2025-02-26,ANTARCTIC,-8.8,20.0,0.0,0.506,14.0,0
2025-02-27,ANTARCTIC,-10.5,20.0,0.0,0.552,13.0,0
2025-02-28,ANTARCTIC,-7.5,26.0,0.0,0.538,12.8,0
2025-03-01,ANTARCTIC,-4.4,28.1,0.0,0.527,9.4,0
2025-03-02,ANTARCTIC,-3.3,28.2,0.0,0.518,13.5,0
2025-03-03,ANTARCTIC,-3.7,33.2,0.0,0.569,10.3,0
2025-03-04,ANTARCTIC,-6.0,36.9,0.0,0.569,9.0,0
2025-03-05,ANTARCTIC,-6.2,36.1,0.0,0.56,9.7,0
2025-03-06,ANTARCTIC,-5.2,44.3,0.0,0.58,0.1,1
2025-03-07,ANTARCTIC,-4.0,40.4,0.0,0.656,0.4,1
2025-03-08,ANTARCTIC,-3.3,41.9,0.0,0.654,0.1,1
2025-03-09,ANTARCTIC,-1.9,37.9,0.0,0.639,8.8,0
2025-03-10,ANTARCTIC,0.4,39.1,0.0,0.714,8.7,0
2025-03-11,ANTARCTIC,-1.3,36.0,0.0,0.758,8.3,0
2025-03-12,ANTARCTIC,2.1,36.0,0.0,0.792,10.2,0
2025-03-13,ANTARCTIC,-2.2,42.9,0.0,0.755,6.9,0
2025-03-14,ANTARCTIC,-4.1,43.6,0.0,0.719,5.7,0
2025-03-15,ANTARCTIC,-4.3,42.5,0.0,0.637,0.1,1
2025-03-16,ANTARCTIC,-3.9,37.0,0.0,0.675,12.0,0
2025-03-17,ANTARCTIC,-4.7,35.9,0.0,0.675,10.0,0
2025-03-18,ANTARCTIC,-5.9,30.6,0.0,0.6,11.3,0
2025-03-19,ANTARCTIC,-2.9,33.0,0.0,0.652,10.6,0
2025-03-20,ANTARCTIC,-4.4,34.9,0.0,0.639,9.4,0
2025-03-21,ANTARCTIC,-6.5,32.8,0.0,0.632,12.6,0
2025-03-22,ANTARCTIC,-4.3,37.7,0.0,0.574,9.6,0
2025-03-23,ANTARCTIC,-3.6,41.3,0.0,0.602,5.2,0
2025-03-24,ANTARCTIC,-2.7,39.5,0.0,0.629,10.7,0
2025-03-25,ANTARCTIC,-3.4,39.4,0.0,0.631,0.4,1
2025-03-26,ANTARCTIC,-6.3,35.3,0.0,0.618,11.0,0
2025-03-27,ANTARCTIC,-6.6,32.9,0.0,0.729,6.7,0
2025-03-28,ANTARCTIC,-9.3,27.9,0.0,0.676,12.2,0
2025-03-29,ANTARCTIC,-9.0,25.9,0.0,0.648,14.1,0
2025-03-30,ANTARCTIC,-8.1,25.5,0.0,0.681,13.4,0
2025-03-31,ANTARCTIC,-6.8,19.6,0.0,0.641,14.8,0
2025-04-01,ANTARCTIC,-7.4,22.7,0.0,0.603,15.0,0
2025-04-02,ANTARCTIC,-6.8,26.9,0.0,0.658,12.7,0
2025-04-03,ANTARCTIC,-8.7,26.8,0.0,0.687,14.3,0
2025-04-04,ANTARCTIC,-7.5,17.0,0.0,0.708,15.5,0
2025-04-05,ANTARCTIC,-7.0,17.5,0.0,0.716,15.2,0
2025-04-06,ANTARCTIC,-8.9,13.9,0.0,0.688,17.5,0
2025-04-07,ANTARCTIC,-8.4,13.6,0.0,0.681,15.6,0
2025-04-08,ANTARCTIC,-7.3,20.8,0.0,0.682,12.5,0
2025-04-09,ANTARCTIC,-7.8,13.0,0.0,0.72,16.4,0
2025-04-10,ANTARCTIC,-9.6,12.1,0.0,0.738,17.5,0
2025-04-11,ANTARCTIC,-9.7,17.3,0.0,0.701,16.5,0
2025-04-12,ANTARCTIC,-9.3,16.3,0.0,0.736,16.8,0
2025-04-13,ANTARCTIC,-11.0,15.1,0.0,0.669,15.7,0
2025-04-14,ANTARCTIC,-12.8,24.3,0.0,0.664,13.0,0
2025-04-15,ANTARCTIC,-12.0,26.1,0.0,0.627,11.8,0
2025-04-16,ANTARCTIC,-10.9,29.7,0.0,0.605,12.1,0
2025-04-17,ANTARCTIC,-8.0,31.1,0.0,0.698,8.8,0
2025-04-18,ANTARCTIC,-7.8,31.2,0.0,0.645,11.3,0
2025-04-19,ANTARCTIC,-10.5,35.2,0.0,0.624,14.4,0
2025-04-20,ANTARCTIC,-7.9,41.0,0.0,0.659,0.1,1
2025-04-21,ANTARCTIC,-7.3,32.9,0.0,0.652,11.0,0
2025-04-22,ANTARCTIC,-11.3,32.1,0.0,0.67,11.6,0
2025-04-23,ANTARCTIC,-13.3,31.3,0.0,0.738,12.0,0
2025-04-24,ANTARCTIC,-14.2,29.3,0.0,0.769,10.3,0
2025-04-25,ANTARCTIC,-13.0,32.7,0.0,0.752,11.6,0
2025-04-26,ANTARCTIC,-16.9,32.9,0.0,0.75,10.0,0
2025-04-27,ANTARCTIC,-16.8,39.2,0.0,0.776,0.1,1
2025-04-28,ANTARCTIC,-15.4,41.5,0.0,0.804,9.8,0
2025-04-29,ANTARCTIC,-19.7,44.5,0.0,0.804,0.1,1
2025-04-30,ANTARCTIC,-17.9,37.8,0.0,0.819,8.0,0
2025-05-01,ANTARCTIC,-16.3,33.5,0.0,0.832,9.8,0
2025-05-02,ANTARCTIC,-17.5,30.2,0.0,0.826,10.7,0
2025-05-03,ANTARCTIC,-19.1,34.8,0.0,0.801,7.8,0
2025-05-04,ANTARCTIC,-19.9,30.4,0.0,0.833,12.6,0
2025-05-05,ANTARCTIC,-23.4,26.9,0.0,0.843,13.7,0
2025-05-06,ANTARCTIC,-22.9,23.2,0.0,0.758,13.0,0
2025-05-07,ANTARCTIC,-21.7,34.0,0.0,0.732,10.4,0
2025-05-08,ANTARCTIC,-22.8,32.8,0.0,0.723,11.0,0
2025-05-09,ANTARCTIC,-20.5,34.2,0.0,0.726,10.8,0
2025-05-10,ANTARCTIC,-19.9,29.3,0.0,0.786,9.8,0
2025-05-11,ANTARCTIC,-19.1,32.8,0.0,0.919,11.5,0
2025-05-12,ANTARCTIC,-19.5,26.0,0.0,0.814,11.0,0
2025-05-13,ANTARCTIC,-18.2,23.0,0.0,0.829,14.6,0
2025-05-14,ANTARCTIC,-16.2,21.4,0.0,0.834,12.4,0
2025-05-15,ANTARCTIC,-17.1,23.4,0.0,0.829,11.5,0
2025-05-16,ANTARCTIC,-16.1,21.5,0.0,0.854,13.9,0
2025-05-17,ANTARCTIC,-15.3,28.3,0.0,0.86,12.0,0
2025-05-18,ANTARCTIC,-15.2,30.4,0.0,0.846,11.7,0
2025-05-19,ANTARCTIC,-13.2,27.8,0.0,0.849,10.9,0
2025-05-20,ANTARCTIC,-15.2,31.8,0.0,0.874,11.4,0
2025-05-21,ANTARCTIC,-16.4,30.1,0.0,0.892,12.0,0
2025-05-22,ANTARCTIC,-18.0,28.0,0.0,0.898,13.9,0
2025-05-23,ANTARCTIC,-17.1,31.6,0.0,0.872,11.4,0
2025-05-24,ANTARCTIC,-17.9,22.6,0.0,0.986,12.8,0
2025-05-25,ANTARCTIC,-19.2,26.4,0.0,0.99,10.6,0
2025-05-26,ANTARCTIC,-16.8,24.5,0.0,1.0,10.9,0
2025-05-27,ANTARCTIC,-14.5,22.8,0.0,0.978,14.1,0
2025-05-28,ANTARCTIC,-15.9,31.0,0.0,0.977,12.5,0
2025-05-29,ANTARCTIC,-18.6,29.1,0.0,0.975,10.5,0
2025-05-30,ANTARCTIC,-16.0,32.8,0.0,0.891,11.2,0
2025-05-31,ANTARCTIC,-16.0,33.5,0.0,0.863,10.4,0
2025-06-01,ANTARCTIC,-16.0,34.5,0.0,0.837,11.4,0
2025-06-02,ANTARCTIC,-16.6,33.0,0.0,0.82,12.0,0
2025-06-03,ANTARCTIC,-18.4,31.7,0.0,0.786,7.7,0
2025-06-04,ANTARCTIC,-19.4,37.1,0.0,0.799,11.2,0
2025-06-05,ANTARCTIC,-18.6,39.5,0.0,0.866,0.1,1
2025-06-06,ANTARCTIC,-19.7,36.5,0.0,0.876,9.0,0
2025-06-07,ANTARCTIC,-19.3,31.9,0.0,0.832,10.3,0
2025-06-08,ANTARCTIC,-19.6,29.7,0.0,0.799,11.7,0
2025-06-09,ANTARCTIC,-21.4,33.5,0.0,0.796,9.9,0
2025-06-10,ANTARCTIC,-19.0,37.4,0.0,0.752,8.1,0
2025-06-11,ANTARCTIC,-18.5,38.5,0.0,0.781,0.1,1
2025-06-12,ANTARCTIC,-18.5,31.6,0.0,0.849,9.6,0
2025-06-13,ANTARCTIC,-18.2,34.3,0.0,0.833,12.4,0
2025-06-14,ANTARCTIC,-21.4,38.6,0.0,0.845,0.1,1
2025-06-15,ANTARCTIC,-22.2,38.1,0.0,0.836,12.7,0
2025-06-16,ANTARCTIC,-24.5,44.3,0.0,0.82,8.2,0
2025-06-17,ANTARCTIC,-24.0,37.6,0.0,0.839,10.3,0
2025-06-18,ANTARCTIC,-23.2,39.2,0.0,0.821,0.1,1
2025-06-19,ANTARCTIC,-22.9,34.4,0.0,0.8,10.0,0
2025-06-20,ANTARCTIC,-21.0,37.8,0.0,0.749,9.5,0
2025-06-21,ANTARCTIC,-23.5,39.1,0.0,0.77,0.1,1
2025-06-22,ANTARCTIC,-24.5,44.5,0.0,0.829,6.8,0
2025-06-23,ANTARCTIC,-23.6,44.4,0.0,0.868,8.2,0
2025-06-24,ANTARCTIC,-23.1,41.0,0.0,0.934,9.2,0
2025-06-25,ANTARCTIC,-25.0,37.9,0.0,0.908,7.4,0
2025-06-26,ANTARCTIC,-22.8,36.1,0.0,0.945,10.3,0
2025-06-27,ANTARCTIC,-20.5,33.6,0.0,0.9,11.4,0
2025-06-28,ANTARCTIC,-20.2,38.2,0.0,0.933,8.4,0
2025-06-29,ANTARCTIC,-22.9,41.9,0.0,0.999,0.1,1
2025-06-30,ANTARCTIC,-22.6,35.0,0.0,1.0,10.9,0
2025-07-01,ANTARCTIC,-22.2,34.7,0.0,1.0,6.4,0
2025-07-02,ANTARCTIC,-22.7,34.5,0.0,1.0,10.3,0
2025-07-03,ANTARCTIC,-20.7,31.3,0.0,1.0,13.7,0
2025-07-04,ANTARCTIC,-21.2,33.0,0.0,0.976,6.9,0
2025-07-05,ANTARCTIC,-18.3,38.1,0.0,0.974,0.6,1
2025-07-06,ANTARCTIC,-17.9,40.4,0.0,0.982,9.5,0
2025-07-07,ANTARCTIC,-18.2,44.0,0.0,0.979,5.5,0
2025-07-08,ANTARCTIC,-17.6,39.6,0.0,0.957,9.7,0
2025-07-09,ANTARCTIC,-16.1,38.6,0.0,0.936,10.7,0
2025-07-10,ANTARCTIC,-15.8,34.9,0.0,0.95,8.5,0
2025-07-11,ANTARCTIC,-17.0,35.3,0.0,0.943,9.1,0
2025-07-12,ANTARCTIC,-18.9,36.0,0.0,0.897,10.0,0
2025-07-13,ANTARCTIC,-21.2,38.9,0.0,0.825,0.6,1
2025-07-14,ANTARCTIC,-25.1,42.6,0.0,0.813,7.3,0
2025-07-15,ANTARCTIC,-24.6,43.5,0.0,0.771,0.1,1
2025-07-16,ANTARCTIC,-24.9,38.6,0.0,0.754,0.1,1
2025-07-17,ANTARCTIC,-25.1,32.8,0.0,0.756,10.9,0
2025-07-18,ANTARCTIC,-23.3,34.5,0.0,0.768,11.9,0
2025-07-19,ANTARCTIC,-23.4,39.5,0.0,0.759,0.1,1
2025-07-20,ANTARCTIC,-20.5,38.3,0.0,0.864,8.7,0
2025-07-21,ANTARCTIC,-21.7,31.9,0.0,0.821,11.0,0
2025-07-22,ANTARCTIC,-23.3,39.4,0.0,0.881,0.1,1
2025-07-23,ANTARCTIC,-25.1,40.0,0.0,0.88,7.3,0
2025-07-24,ANTARCTIC,-23.7,39.4,0.0,0.859,0.8,1
2025-07-25,ANTARCTIC,-21.8,34.1,0.0,0.89,12.9,0
2025-07-26,ANTARCTIC,-22.8,33.8,0.0,0.876,7.8,0
2025-07-27,ANTARCTIC,-24.4,36.0,0.0,0.849,10.8,0
2025-07-28,ANTARCTIC,-21.8,37.2,0.0,0.929,10.9,0
2025-07-29,ANTARCTIC,-24.1,33.9,0.0,0.841,8.7,0
2025-07-30,ANTARCTIC,-22.4,33.4,0.0,0.84,9.9,0
2025-07-31,ANTARCTIC,-23.2,30.9,0.0,0.856,10.5,0
2025-08-01,ANTARCTIC,-22.5,37.0,0.0,0.919,12.5,0
2025-08-02,ANTARCTIC,-20.8,39.4,0.0,0.903,1.4,1
2025-08-03,ANTARCTIC,-20.3,36.4,0.0,1.0,8.4,0
2025-08-04,ANTARCTIC,-21.0,31.5,0.0,1.0,9.0,0
2025-08-05,ANTARCTIC,-19.1,32.5,0.0,0.926,12.1,0
2025-08-06,ANTARCTIC,-19.1,30.6,0.0,0.867,12.3,0
2025-08-07,ANTARCTIC,-14.0,29.2,0.0,0.881,13.7,0
2025-08-08,ANTARCTIC,-17.7,25.4,0.0,0.838,11.3,0
2025-08-09,ANTARCTIC,-20.9,22.7,0.0,0.867,14.7,0
2025-08-10,ANTARCTIC,-19.5,24.6,0.0,0.853,12.0,0
2025-08-11,ANTARCTIC,-19.9,24.6,0.0,0.81,14.0,0
2025-08-12,ANTARCTIC,-18.9,34.6,0.0,0.781,10.3,0
2025-08-13,ANTARCTIC,-20.9,36.2,0.0,0.827,12.7,0
2025-08-14,ANTARCTIC,-20.9,31.3,0.0,0.753,11.9,0
2025-08-15,ANTARCTIC,-20.2,25.8,0.0,0.809,12.3,0
2025-08-16,ANTARCTIC,-21.2,28.0,0.0,0.861,12.4,0
2025-08-17,ANTARCTIC,-20.8,27.0,0.0,0.851,12.3,0
2025-08-18,ANTARCTIC,-22.8,32.4,0.0,0.798,9.2,0
2025-08-19,ANTARCTIC,-21.9,33.2,0.0,0.829,13.6,0
2025-08-20,ANTARCTIC,-19.5,25.7,0.0,0.815,15.2,0
2025-08-21,ANTARCTIC,-21.5,22.8,0.0,0.761,13.3,0
2025-08-22,ANTARCTIC,-23.3,21.6,0.0,0.849,15.0,0
2025-08-23,ANTARCTIC,-21.0,24.5,0.0,0.816,16.2,0
2025-08-24,ANTARCTIC,-22.8,21.7,0.0,0.763,15.8,0
2025-08-25,ANTARCTIC,-21.1,23.6,0.0,0.785,12.9,0
2025-08-26,ANTARCTIC,-20.8,19.8,0.0,0.791,14.3,0
2025-08-27,ANTARCTIC,-21.3,21.4,0.0,0.858,11.4,0
2025-08-28,ANTARCTIC,-18.8,24.1,0.0,0.843,14.4,0
2025-08-29,ANTARCTIC,-17.5,30.3,0.0,0.829,13.4,0
2025-08-30,ANTARCTIC,-17.3,31.2,0.0,0.845,13.1,0
2025-08-31,ANTARCTIC,-20.8,28.1,0.0,0.854,13.2,0
2025-09-01,ANTARCTIC,-19.5,33.8,0.0,0.863,11.1,0
2025-09-02,ANTARCTIC,-21.0,32.6,0.0,0.872,9.4,0
2025-09-03,ANTARCTIC,-20.9,35.0,0.0,0.876,10.7,0
2025-09-04,ANTARCTIC,-20.6,32.0,0.0,0.855,10.1,0
2025-09-05,ANTARCTIC,-17.4,32.0,0.0,0.887,11.8,0
2025-09-06,ANTARCTIC,-17.9,28.8,0.0,0.867,10.8,0
2025-09-07,ANTARCTIC,-20.0,30.1,0.0,0.895,12.4,0
2025-09-08,ANTARCTIC,-17.5,32.9,0.0,0.944,12.8,0
2025-09-09,ANTARCTIC,-16.4,30.6,0.0,0.905,12.0,0
2025-09-10,ANTARCTIC,-15.4,28.5,0.0,0.992,12.5,0
2025-09-11,ANTARCTIC,-13.5,29.9,0.0,0.946,13.0,0
2025-09-12,ANTARCTIC,-11.4,26.8,0.0,0.905,15.1,0
2025-09-13,ANTARCTIC,-13.6,21.7,0.0,0.917,13.8,0
2025-09-14,ANTARCTIC,-16.2,24.1,0.0,0.923,14.0,0
2025-09-15,ANTARCTIC,-15.0,24.5,0.0,0.914,15.4,0
2025-09-16,ANTARCTIC,-15.6,24.7,0.0,0.935,14.1,0
2025-09-17,ANTARCTIC,-16.0,27.2,0.0,0.931,9.4,0
2025-09-18,ANTARCTIC,-17.7,29.8,0.0,1.0,10.6,0
2025-09-19,ANTARCTIC,-16.5,29.1,0.0,0.976,13.0,0
2025-09-20,ANTARCTIC,-15.8,25.0,0.0,0.923,12.4,0
2025-09-21,ANTARCTIC,-16.0,23.2,0.0,0.887,15.7,0
2025-09-22,ANTARCTIC,-18.0,26.1,0.0,0.894,15.5,0
2025-09-23,ANTARCTIC,-15.8,27.0,0.0,0.902,11.6,0
2025-09-24,ANTARCTIC,-15.3,25.2,0.0,0.897,11.4,0
2025-09-25,ANTARCTIC,-13.5,22.9,0.0,0.85,13.1,0
2025-09-26,ANTARCTIC,-16.9,25.9,0.0,0.885,12.1,0
2025-09-27,ANTARCTIC,-16.4,25.4,0.0,0.95,15.2,0
2025-09-28,ANTARCTIC,-17.2,28.5,0.0,0.931,10.5,0
2025-09-29,ANTARCTIC,-16.7,31.6,0.0,0.986,12.3,0
2025-09-30,ANTARCTIC,-14.8,29.9,0.0,0.996,13.7,0
2025-10-01,ANTARCTIC,-14.1,33.0,0.0,1.0,12.0,0
2025-10-02,ANTARCTIC,-14.0,32.7,0.0,1.0,11.5,0
2025-10-03,ANTARCTIC,-13.9,32.9,0.0,1.0,10.5,0
2025-10-04,ANTARCTIC,-16.1,24.2,0.0,1.0,16.0,0
2025-10-05,ANTARCTIC,-17.0,21.2,0.0,0.978,13.7,0
2025-10-06,ANTARCTIC,-14.7,18.8,0.0,0.969,16.1,0
2025-10-07,ANTARCTIC,-15.1,19.0,0.0,0.997,14.5,0
2025-10-08,ANTARCTIC,-13.0,20.6,0.0,1.0,11.5,0
2025-10-09,ANTARCTIC,-11.7,22.1,0.0,0.972,13.4,0
2025-10-10,ANTARCTIC,-10.4,23.9,0.0,0.953,13.1,0
2025-10-11,ANTARCTIC,-10.1,21.9,0.0,0.959,13.7,0
2025-10-12,ANTARCTIC,-11.0,25.1,0.0,0.962,12.0,0
2025-10-13,ANTARCTIC,-11.3,31.9,0.0,0.965,12.0,0
2025-10-14,ANTARCTIC,-10.3,29.8,0.0,0.952,12.8,0
2025-10-15,ANTARCTIC,-13.6,26.9,0.0,0.892,12.0,0
2025-10-16,ANTARCTIC,-11.3,24.4,0.0,0.845,12.7,0
2025-10-17,ANTARCTIC,-12.0,25.0,0.0,0.847,11.4,0
2025-10-18,ANTARCTIC,-11.9,23.3,0.0,0.863,13.9,0
2025-10-19,ANTARCTIC,-11.8,17.5,0.0,0.872,17.2,0
2025-10-20,ANTARCTIC,-11.6,13.6,0.0,0.825,18.3,0
2025-10-21,ANTARCTIC,-13.3,19.1,0.0,0.803,13.7,0
2025-10-22,ANTARCTIC,-12.6,24.8,0.0,0.742,16.1,0
2025-10-23,ANTARCTIC,-11.2,30.7,0.0,0.678,10.9,0
2025-10-24,ANTARCTIC,-14.0,30.8,0.0,0.679,9.9,0
2025-10-25,ANTARCTIC,-15.2,26.5,0.0,0.731,10.6,0
2025-10-26,ANTARCTIC,-13.0,24.8,0.0,0.726,11.5,0
2025-10-27,ANTARCTIC,-11.3,19.5,0.0,0.794,15.0,0
2025-10-28,ANTARCTIC,-10.4,14.9,0.0,0.773,15.4,0
2025-10-29,ANTARCTIC,-11.2,17.4,0.0,0.76,14.2,0
2025-10-30,ANTARCTIC,-9.7,20.5,0.0,0.708,13.0,0
2025-10-31,ANTARCTIC,-11.2,28.3,0.0,0.686,10.5,0
2025-11-01,ANTARCTIC,-10.9,27.5,0.0,0.633,11.0,0
2025-11-02,ANTARCTIC,-12.4,22.3,0.0,0.57,15.3,0
2025-11-03,ANTARCTIC,-11.9,22.2,0.0,0.528,16.5,0
2025-11-04,ANTARCTIC,-12.8,21.6,0.0,0.54,16.7,0
2025-11-05,ANTARCTIC,-10.8,20.3,0.0,0.518,15.3,0
2025-11-06,ANTARCTIC,-9.6,22.2,0.0,0.507,13.0,0
2025-11-07,ANTARCTIC,-10.1,18.2,0.0,0.533,13.9,0
2025-11-08,ANTARCTIC,-7.9,19.6,0.0,0.478,15.6,0
2025-11-09,ANTARCTIC,-9.2,22.7,0.0,0.494,13.3,0
2025-11-10,ANTARCTIC,-8.8,28.1,0.0,0.538,12.8,0
2025-11-11,ANTARCTIC,-9.3,28.7,0.0,0.581,14.9,0
2025-11-12,ANTARCTIC,-7.7,31.8,0.0,0.602,11.4,0
2025-11-13,ANTARCTIC,-6.5,29.0,0.0,0.599,15.3,0
2025-11-14,ANTARCTIC,-4.4,27.2,0.0,0.572,10.7,0
2025-11-15,ANTARCTIC,-4.5,31.6,0.0,0.57,11.8,0
2025-11-16,ANTARCTIC,-9.1,25.5,0.0,0.637,13.3,0
2025-11-17,ANTARCTIC,-9.1,23.8,0.0,0.642,11.9,0
2025-11-18,ANTARCTIC,-6.2,27.9,0.0,0.63,13.4,0
2025-11-19,ANTARCTIC,-6.5,26.5,0.0,0.647,14.9,0
2025-11-20,ANTARCTIC,-9.1,25.1,0.0,0.641,16.3,0
2025-11-21,ANTARCTIC,-7.8,23.9,0.0,0.642,13.9,0
2025-11-22,ANTARCTIC,-6.5,24.3,0.0,0.624,10.3,0
2025-11-23,ANTARCTIC,-7.3,28.1,0.0,0.601,12.8,0
2025-11-24,ANTARCTIC,-7.2,30.7,0.0,0.636,12.5,0
2025-11-25,ANTARCTIC,-8.0,29.7,0.0,0.55,11.3,0
2025-11-26,ANTARCTIC,-6.6,32.7,0.0,0.569,11.2,0
2025-11-27,ANTARCTIC,-6.1,32.5,0.0,0.548,10.2,0
2025-11-28,ANTARCTIC,-7.5,34.2,0.0,0.471,10.2,0
2025-11-29,ANTARCTIC,-7.0,28.8,0.0,0.44,13.5,0
2025-11-30,ANTARCTIC,-7.5,34.2,0.0,0.448,12.5,0
2025-12-01,ANTARCTIC,-4.7,33.4,0.0,0.461,8.8,0
2025-12-02,ANTARCTIC,-3.2,21.9,0.0,0.499,13.1,0
2025-12-03,ANTARCTIC,-3.3,28.1,0.0,0.534,9.8,0
2025-12-04,ANTARCTIC,-3.2,27.3,0.0,0.472,15.1,0
2025-12-05,ANTARCTIC,-1.6,25.2,0.0,0.493,14.2,0
2025-12-06,ANTARCTIC,-2.1,22.7,0.0,0.526,10.6,0
2025-12-07,ANTARCTIC,-1.0,24.3,0.0,0.535,13.1,0
2025-12-08,ANTARCTIC,1.0,20.8,0.0,0.554,13.7,0
2025-12-09,ANTARCTIC,-0.3,19.0,0.0,0.473,13.5,0
2025-12-10,ANTARCTIC,1.9,17.6,0.0,0.438,16.6,0
2025-12-11,ANTARCTIC,3.3,17.3,0.0,0.501,16.7,0
2025-12-12,ANTARCTIC,2.8,16.2,0.0,0.492,15.9,0
2025-12-13,ANTARCTIC,1.4,20.2,0.0,0.583,13.4,0
2025-12-14,ANTARCTIC,1.2,21.6,0.0,0.525,13.0,0
2025-12-15,ANTARCTIC,0.4,23.1,0.0,0.586,13.6,0
2025-12-16,ANTARCTIC,-1.1,25.2,0.0,0.554,12.3,0
2025-12-17,ANTARCTIC,-0.4,24.4,0.0,0.585,13.1,0
2025-12-18,ANTARCTIC,-2.2,20.4,0.0,0.565,15.1,0
2025-12-19,ANTARCTIC,-2.6,27.2,0.0,0.564,10.1,0
2025-12-20,ANTARCTIC,-2.9,29.8,0.0,0.582,10.5,0
2025-12-21,ANTARCTIC,-4.8,34.5,0.0,0.55,10.3,0
2025-12-22,ANTARCTIC,-3.3,36.4,0.0,0.577,12.2,0
2025-12-23,ANTARCTIC,-3.4,32.6,0.0,0.559,12.1,0
2025-12-24,ANTARCTIC,-1.1,22.6,0.0,0.561,13.7,0
2025-12-25,ANTARCTIC,-1.5,18.1,0.0,0.449,15.5,0
2025-12-26,ANTARCTIC,-2.1,21.0,0.0,0.441,14.0,0
2025-12-27,ANTARCTIC,-3.3,20.8,0.0,0.497,15.8,0
2025-12-28,ANTARCTIC,-2.9,19.5,0.0,0.525,15.2,0
2025-12-29,ANTARCTIC,-2.6,10.9,0.0,0.558,18.9,0
2025-12-30,ANTARCTIC,-1.3,12.5,0.0,0.554,14.5,0
2025-12-31,ANTARCTIC,-1.1,10.0,0.0,0.616,16.0,0
